==> Building NotchFlow (Direct)
Command line invocation:
    /Applications/Xcode.app/Contents/Developer/usr/bin/xcodebuild -project /Users/ataozeren/Documents/GitHub/dynamic-island-for-macbook/NotchFlow.xcodeproj -scheme "NotchFlow (Direct)" -configuration Direct -destination platform=macOS -derivedDataPath /Users/ataozeren/Documents/GitHub/dynamic-island-for-macbook/DerivedData/Task70Direct CODE_SIGNING_ALLOWED=NO clean build

Build settings from command line:
    CODE_SIGNING_ALLOWED = NO

Resolve Package Graph


Resolved source packages:
  NotchFlow: /Users/ataozeren/Documents/GitHub/dynamic-island-for-macbook @ local

--- xcodebuild: WARNING: Using the first of multiple matching destinations:
{ platform:macOS, arch:arm64, id:00008132-000E64143483001C, name:My Mac }
{ platform:macOS, arch:x86_64, id:00008132-000E64143483001C, name:My Mac }
CreateBuildRequest

SendProjectDescription

CreateBuildOperation

** CLEAN SUCCEEDED **

--- xcodebuild: WARNING: Using the first of multiple matching destinations:
{ platform:macOS, arch:arm64, id:00008132-000E64143483001C, name:My Mac }
{ platform:macOS, arch:x86_64, id:00008132-000E64143483001C, name:My Mac }
ComputePackagePrebuildTargetDependencyGraph

Prepare packages

CreateBuildRequest

SendProjectDescription

CreateBuildOperation

ComputeTargetDependencyGraph
note: Building targets in dependency order
note: Target dependency graph (9 targets)
    Target 'NotchFlow' in project 'NotchFlow'
        ➜ Explicit dependency on target 'NotchFlowCore' in project 'NotchFlow'
        ➜ Explicit dependency on target 'NotchFlowProviders' in project 'NotchFlow'
        ➜ Explicit dependency on target 'NotchFlowUI' in project 'NotchFlow'
    Target 'NotchFlowUI' in project 'NotchFlow'
        ➜ Explicit dependency on target 'NotchFlowUI' in project 'NotchFlow'
        ➜ Explicit dependency on target 'NotchFlow_NotchFlowUI' in project 'NotchFlow'
        ➜ Explicit dependency on target 'NotchFlowCore' in project 'NotchFlow'
    Target 'NotchFlowUI' in project 'NotchFlow'
        ➜ Explicit dependency on target 'NotchFlow_NotchFlowUI' in project 'NotchFlow'
        ➜ Explicit dependency on target 'NotchFlowCore' in project 'NotchFlow'
    Target 'NotchFlow_NotchFlowUI' in project 'NotchFlow' (no dependencies)
    Target 'NotchFlowProviders' in project 'NotchFlow'
        ➜ Explicit dependency on target 'NotchFlowProviders' in project 'NotchFlow'
        ➜ Explicit dependency on target 'NotchFlowCore' in project 'NotchFlow'
    Target 'NotchFlowProviders' in project 'NotchFlow'
        ➜ Explicit dependency on target 'NotchFlowCore' in project 'NotchFlow'
    Target 'NotchFlowCore' in project 'NotchFlow'
        ➜ Explicit dependency on target 'NotchFlowCore' in project 'NotchFlow'
        ➜ Explicit dependency on target 'NotchFlow_NotchFlowCore' in project 'NotchFlow'
    Target 'NotchFlowCore' in project 'NotchFlow'
        ➜ Explicit dependency on target 'NotchFlow_NotchFlowCore' in project 'NotchFlow'
    Target 'NotchFlow_NotchFlowCore' in project 'NotchFlow' (no dependencies)

GatherProvisioningInputs

CreateBuildDescription

ExecuteExternalTool /Applications/Xcode.app/Contents/Developer/usr/bin/xcstringstool compile --dry-run --output-directory /Users/ataozeren/Documents/GitHub/dynamic-island-for-macbook/DerivedData/Task70Direct/Build/Intermediates.noindex/NotchFlow.build/Direct/NotchFlow_NotchFlowCore.build /Users/ataozeren/Documents/GitHub/dynamic-island-for-macbook/Sources/NotchFlowCore/Resources/Localizable.xcstrings

ExecuteExternalTool /Applications/Xcode.app/Contents/Developer/usr/bin/xcstringstool compile --dry-run --output-directory /Users/ataozeren/Documents/GitHub/dynamic-island-for-macbook/DerivedData/Task70Direct/Build/Intermediates.noindex/NotchFlow.build/Direct/NotchFlow_NotchFlowUI.build /Users/ataozeren/Documents/GitHub/dynamic-island-for-macbook/Sources/NotchFlowUI/Resources/Localizable.xcstrings

ExecuteExternalTool /Applications/Xcode.app/Contents/Developer/Toolchains/XcodeDefault.xctoolchain/usr/bin/swiftc --version

ExecuteExternalTool /Applications/Xcode.app/Contents/Developer/usr/bin/actool --version --output-format xml1

ExecuteExternalTool /Applications/Xcode.app/Contents/Developer/usr/bin/xcstringstool compile --dry-run --output-directory /Users/ataozeren/Documents/GitHub/dynamic-island-for-macbook/DerivedData/Task70Direct/Build/Intermediates.noindex/NotchFlow.build/Direct/NotchFlow.build /Users/ataozeren/Documents/GitHub/dynamic-island-for-macbook/NotchFlow/Localizable.xcstrings

ExecuteExternalTool /Applications/Xcode.app/Contents/Developer/Toolchains/XcodeDefault.xctoolchain/usr/bin/clang -v -E -dM -isysroot /Applications/Xcode.app/Contents/Developer/Platforms/MacOSX.platform/Developer/SDKs/MacOSX26.5.sdk -x c -c /dev/null

ExecuteExternalTool /Applications/Xcode.app/Contents/Developer/Toolchains/XcodeDefault.xctoolchain/usr/bin/ld -version_details

Build description signature: 289cca084672ae5ab63a25ba80021ee6
Build description path: /Users/ataozeren/Documents/GitHub/dynamic-island-for-macbook/DerivedData/Task70Direct/Build/Intermediates.noindex/XCBuildData/289cca084672ae5ab63a25ba80021ee6.xcbuilddata
ClangStatCache /Applications/Xcode.app/Contents/Developer/Toolchains/XcodeDefault.xctoolchain/usr/bin/clang-stat-cache /Applications/Xcode.app/Contents/Developer/Platforms/MacOSX.platform/Developer/SDKs/MacOSX26.5.sdk /Users/ataozeren/Documents/GitHub/dynamic-island-for-macbook/DerivedData/Task70Direct/SDKStatCaches.noindex/macosx26.5-25F70-e082c4a02f00227109f4ed75e425c832.sdkstatcache
    cd /Users/ataozeren/Documents/GitHub/dynamic-island-for-macbook/NotchFlow.xcodeproj
    /Applications/Xcode.app/Contents/Developer/Toolchains/XcodeDefault.xctoolchain/usr/bin/clang-stat-cache /Applications/Xcode.app/Contents/Developer/Platforms/MacOSX.platform/Developer/SDKs/MacOSX26.5.sdk -o /Users/ataozeren/Documents/GitHub/dynamic-island-for-macbook/DerivedData/Task70Direct/SDKStatCaches.noindex/macosx26.5-25F70-e082c4a02f00227109f4ed75e425c832.sdkstatcache

CreateBuildDirectory /Users/ataozeren/Documents/GitHub/dynamic-island-for-macbook/DerivedData/Task70Direct/Build/Products
    cd /Users/ataozeren/Documents/GitHub/dynamic-island-for-macbook/NotchFlow.xcodeproj
    builtin-create-build-directory /Users/ataozeren/Documents/GitHub/dynamic-island-for-macbook/DerivedData/Task70Direct/Build/Products

CreateBuildDirectory /Users/ataozeren/Documents/GitHub/dynamic-island-for-macbook/DerivedData/Task70Direct/Build/Intermediates.noindex
    cd /Users/ataozeren/Documents/GitHub/dynamic-island-for-macbook/NotchFlow.xcodeproj
    builtin-create-build-directory /Users/ataozeren/Documents/GitHub/dynamic-island-for-macbook/DerivedData/Task70Direct/Build/Intermediates.noindex

CreateBuildDirectory /Users/ataozeren/Documents/GitHub/dynamic-island-for-macbook/DerivedData/Task70Direct/Build/Intermediates.noindex/SwiftExplicitPrecompiledModules
    cd /Users/ataozeren/Documents/GitHub/dynamic-island-for-macbook/NotchFlow.xcodeproj
    builtin-create-build-directory /Users/ataozeren/Documents/GitHub/dynamic-island-for-macbook/DerivedData/Task70Direct/Build/Intermediates.noindex/SwiftExplicitPrecompiledModules

CreateBuildDirectory /Users/ataozeren/Documents/GitHub/dynamic-island-for-macbook/DerivedData/Task70Direct/Build/Products/Direct
    cd /Users/ataozeren/Documents/GitHub/dynamic-island-for-macbook/NotchFlow.xcodeproj
    builtin-create-build-directory /Users/ataozeren/Documents/GitHub/dynamic-island-for-macbook/DerivedData/Task70Direct/Build/Products/Direct

CreateBuildDirectory /Users/ataozeren/Documents/GitHub/dynamic-island-for-macbook/DerivedData/Task70Direct/Build/Intermediates.noindex/ExplicitPrecompiledModules
    cd /Users/ataozeren/Documents/GitHub/dynamic-island-for-macbook/NotchFlow.xcodeproj
    builtin-create-build-directory /Users/ataozeren/Documents/GitHub/dynamic-island-for-macbook/DerivedData/Task70Direct/Build/Intermediates.noindex/ExplicitPrecompiledModules

CreateBuildDirectory /Users/ataozeren/Documents/GitHub/dynamic-island-for-macbook/DerivedData/Task70Direct/Build/Intermediates.noindex/EagerLinkingTBDs/Direct
    cd /Users/ataozeren/Documents/GitHub/dynamic-island-for-macbook/NotchFlow.xcodeproj
    builtin-create-build-directory /Users/ataozeren/Documents/GitHub/dynamic-island-for-macbook/DerivedData/Task70Direct/Build/Intermediates.noindex/EagerLinkingTBDs/Direct

WriteAuxiliaryFile /Users/ataozeren/Documents/GitHub/dynamic-island-for-macbook/DerivedData/Task70Direct/Build/Intermediates.noindex/NotchFlow.build/Direct/NotchFlow-8dfbf98c425527fa41fb40fbf77486ea-VFS/all-product-headers.yaml
    cd /Users/ataozeren/Documents/GitHub/dynamic-island-for-macbook/NotchFlow.xcodeproj
    write-file /Users/ataozeren/Documents/GitHub/dynamic-island-for-macbook/DerivedData/Task70Direct/Build/Intermediates.noindex/NotchFlow.build/Direct/NotchFlow-8dfbf98c425527fa41fb40fbf77486ea-VFS/all-product-headers.yaml

CreateBuildDirectory /Users/ataozeren/Documents/GitHub/dynamic-island-for-macbook/DerivedData/Task70Direct/Build/Products/Direct/PackageFrameworks
    cd /Users/ataozeren/Documents/GitHub/dynamic-island-for-macbook/NotchFlow.xcodeproj
    builtin-create-build-directory /Users/ataozeren/Documents/GitHub/dynamic-island-for-macbook/DerivedData/Task70Direct/Build/Products/Direct/PackageFrameworks

WriteAuxiliaryFile /Users/ataozeren/Documents/GitHub/dynamic-island-for-macbook/DerivedData/Task70Direct/Build/Intermediates.noindex/NotchFlow.build/Direct/NotchFlow_NotchFlowUI.build/NotchFlow_NotchFlowUI.DependencyMetadataFileList (in target 'NotchFlow_NotchFlowUI' from project 'NotchFlow' at path '/Users/ataozeren/Documents/GitHub/dynamic-island-for-macbook/Package.swift')
    cd /Users/ataozeren/Documents/GitHub/dynamic-island-for-macbook
    write-file /Users/ataozeren/Documents/GitHub/dynamic-island-for-macbook/DerivedData/Task70Direct/Build/Intermediates.noindex/NotchFlow.build/Direct/NotchFlow_NotchFlowUI.build/NotchFlow_NotchFlowUI.DependencyMetadataFileList

WriteAuxiliaryFile /Users/ataozeren/Documents/GitHub/dynamic-island-for-macbook/DerivedData/Task70Direct/Build/Intermediates.noindex/NotchFlow.build/Direct/NotchFlow_NotchFlowUI.build/empty-NotchFlow_NotchFlowUI.plist (in target 'NotchFlow_NotchFlowUI' from project 'NotchFlow' at path '/Users/ataozeren/Documents/GitHub/dynamic-island-for-macbook/Package.swift')
    cd /Users/ataozeren/Documents/GitHub/dynamic-island-for-macbook
    write-file /Users/ataozeren/Documents/GitHub/dynamic-island-for-macbook/DerivedData/Task70Direct/Build/Intermediates.noindex/NotchFlow.build/Direct/NotchFlow_NotchFlowUI.build/empty-NotchFlow_NotchFlowUI.plist

WriteAuxiliaryFile /Users/ataozeren/Documents/GitHub/dynamic-island-for-macbook/DerivedData/Task70Direct/Build/Intermediates.noindex/NotchFlow.build/Direct/NotchFlow_NotchFlowUI.build/NotchFlow_NotchFlowUI.DependencyStaticMetadataFileList (in target 'NotchFlow_NotchFlowUI' from project 'NotchFlow' at path '/Users/ataozeren/Documents/GitHub/dynamic-island-for-macbook/Package.swift')
    cd /Users/ataozeren/Documents/GitHub/dynamic-island-for-macbook
    write-file /Users/ataozeren/Documents/GitHub/dynamic-island-for-macbook/DerivedData/Task70Direct/Build/Intermediates.noindex/NotchFlow.build/Direct/NotchFlow_NotchFlowUI.build/NotchFlow_NotchFlowUI.DependencyStaticMetadataFileList

WriteAuxiliaryFile /Users/ataozeren/Documents/GitHub/dynamic-island-for-macbook/DerivedData/Task70Direct/Build/Intermediates.noindex/NotchFlow.build/Direct/NotchFlow_NotchFlowCore.build/NotchFlow_NotchFlowCore.DependencyStaticMetadataFileList (in target 'NotchFlow_NotchFlowCore' from project 'NotchFlow' at path '/Users/ataozeren/Documents/GitHub/dynamic-island-for-macbook/Package.swift')
    cd /Users/ataozeren/Documents/GitHub/dynamic-island-for-macbook
    write-file /Users/ataozeren/Documents/GitHub/dynamic-island-for-macbook/DerivedData/Task70Direct/Build/Intermediates.noindex/NotchFlow.build/Direct/NotchFlow_NotchFlowCore.build/NotchFlow_NotchFlowCore.DependencyStaticMetadataFileList

WriteAuxiliaryFile /Users/ataozeren/Documents/GitHub/dynamic-island-for-macbook/DerivedData/Task70Direct/Build/Intermediates.noindex/NotchFlow.build/Direct/NotchFlow_NotchFlowCore.build/NotchFlow_NotchFlowCore.DependencyMetadataFileList (in target 'NotchFlow_NotchFlowCore' from project 'NotchFlow' at path '/Users/ataozeren/Documents/GitHub/dynamic-island-for-macbook/Package.swift')
    cd /Users/ataozeren/Documents/GitHub/dynamic-island-for-macbook
    write-file /Users/ataozeren/Documents/GitHub/dynamic-island-for-macbook/DerivedData/Task70Direct/Build/Intermediates.noindex/NotchFlow.build/Direct/NotchFlow_NotchFlowCore.build/NotchFlow_NotchFlowCore.DependencyMetadataFileList

WriteAuxiliaryFile /Users/ataozeren/Documents/GitHub/dynamic-island-for-macbook/DerivedData/Task70Direct/Build/Intermediates.noindex/NotchFlow.build/Direct/NotchFlow_NotchFlowCore.build/empty-NotchFlow_NotchFlowCore.plist (in target 'NotchFlow_NotchFlowCore' from project 'NotchFlow' at path '/Users/ataozeren/Documents/GitHub/dynamic-island-for-macbook/Package.swift')
    cd /Users/ataozeren/Documents/GitHub/dynamic-island-for-macbook
    write-file /Users/ataozeren/Documents/GitHub/dynamic-island-for-macbook/DerivedData/Task70Direct/Build/Intermediates.noindex/NotchFlow.build/Direct/NotchFlow_NotchFlowCore.build/empty-NotchFlow_NotchFlowCore.plist

MkDir /Users/ataozeren/Documents/GitHub/dynamic-island-for-macbook/DerivedData/Task70Direct/Build/Products/Direct/NotchFlow_NotchFlowUI.bundle/Contents/Resources (in target 'NotchFlow_NotchFlowUI' from project 'NotchFlow' at path '/Users/ataozeren/Documents/GitHub/dynamic-island-for-macbook/Package.swift')
    cd /Users/ataozeren/Documents/GitHub/dynamic-island-for-macbook
    /bin/mkdir -p /Users/ataozeren/Documents/GitHub/dynamic-island-for-macbook/DerivedData/Task70Direct/Build/Products/Direct/NotchFlow_NotchFlowUI.bundle/Contents/Resources

WriteAuxiliaryFile /Users/ataozeren/Documents/GitHub/dynamic-island-for-macbook/DerivedData/Task70Direct/Build/Intermediates.noindex/NotchFlow.build/Direct/NotchFlowUI.build/Objects-normal/x86_64/NotchFlowUI.SwiftFileList (in target 'NotchFlowUI' from project 'NotchFlow' at path '/Users/ataozeren/Documents/GitHub/dynamic-island-for-macbook/Package.swift')
    cd /Users/ataozeren/Documents/GitHub/dynamic-island-for-macbook
    write-file /Users/ataozeren/Documents/GitHub/dynamic-island-for-macbook/DerivedData/Task70Direct/Build/Intermediates.noindex/NotchFlow.build/Direct/NotchFlowUI.build/Objects-normal/x86_64/NotchFlowUI.SwiftFileList

WriteAuxiliaryFile /Users/ataozeren/Documents/GitHub/dynamic-island-for-macbook/DerivedData/Task70Direct/Build/Intermediates.noindex/NotchFlow.build/Direct/NotchFlowUI.build/Objects-normal/x86_64/NotchFlowUI_const_extract_protocols.json (in target 'NotchFlowUI' from project 'NotchFlow' at path '/Users/ataozeren/Documents/GitHub/dynamic-island-for-macbook/Package.swift')
    cd /Users/ataozeren/Documents/GitHub/dynamic-island-for-macbook
    write-file /Users/ataozeren/Documents/GitHub/dynamic-island-for-macbook/DerivedData/Task70Direct/Build/Intermediates.noindex/NotchFlow.build/Direct/NotchFlowUI.build/Objects-normal/x86_64/NotchFlowUI_const_extract_protocols.json

WriteAuxiliaryFile /Users/ataozeren/Documents/GitHub/dynamic-island-for-macbook/DerivedData/Task70Direct/Build/Intermediates.noindex/NotchFlow.build/Direct/NotchFlowUI.build/Objects-normal/x86_64/NotchFlowUI.SwiftConstValuesFileList (in target 'NotchFlowUI' from project 'NotchFlow' at path '/Users/ataozeren/Documents/GitHub/dynamic-island-for-macbook/Package.swift')
    cd /Users/ataozeren/Documents/GitHub/dynamic-island-for-macbook
    write-file /Users/ataozeren/Documents/GitHub/dynamic-island-for-macbook/DerivedData/Task70Direct/Build/Intermediates.noindex/NotchFlow.build/Direct/NotchFlowUI.build/Objects-normal/x86_64/NotchFlowUI.SwiftConstValuesFileList

WriteAuxiliaryFile /Users/ataozeren/Documents/GitHub/dynamic-island-for-macbook/DerivedData/Task70Direct/Build/Intermediates.noindex/NotchFlow.build/Direct/NotchFlowUI.build/Objects-normal/x86_64/NotchFlowUI.LinkFileList (in target 'NotchFlowUI' from project 'NotchFlow' at path '/Users/ataozeren/Documents/GitHub/dynamic-island-for-macbook/Package.swift')
    cd /Users/ataozeren/Documents/GitHub/dynamic-island-for-macbook
    write-file /Users/ataozeren/Documents/GitHub/dynamic-island-for-macbook/DerivedData/Task70Direct/Build/Intermediates.noindex/NotchFlow.build/Direct/NotchFlowUI.build/Objects-normal/x86_64/NotchFlowUI.LinkFileList

WriteAuxiliaryFile /Users/ataozeren/Documents/GitHub/dynamic-island-for-macbook/DerivedData/Task70Direct/Build/Intermediates.noindex/NotchFlow.build/Direct/NotchFlowUI.build/Objects-normal/x86_64/NotchFlowUI-OutputFileMap.json (in target 'NotchFlowUI' from project 'NotchFlow' at path '/Users/ataozeren/Documents/GitHub/dynamic-island-for-macbook/Package.swift')
    cd /Users/ataozeren/Documents/GitHub/dynamic-island-for-macbook
    write-file /Users/ataozeren/Documents/GitHub/dynamic-island-for-macbook/DerivedData/Task70Direct/Build/Intermediates.noindex/NotchFlow.build/Direct/NotchFlowUI.build/Objects-normal/x86_64/NotchFlowUI-OutputFileMap.json

WriteAuxiliaryFile /Users/ataozeren/Documents/GitHub/dynamic-island-for-macbook/DerivedData/Task70Direct/Build/Intermediates.noindex/NotchFlow.build/Direct/NotchFlowUI.build/Objects-normal/arm64/NotchFlowUI.SwiftFileList (in target 'NotchFlowUI' from project 'NotchFlow' at path '/Users/ataozeren/Documents/GitHub/dynamic-island-for-macbook/Package.swift')
    cd /Users/ataozeren/Documents/GitHub/dynamic-island-for-macbook
    write-file /Users/ataozeren/Documents/GitHub/dynamic-island-for-macbook/DerivedData/Task70Direct/Build/Intermediates.noindex/NotchFlow.build/Direct/NotchFlowUI.build/Objects-normal/arm64/NotchFlowUI.SwiftFileList

WriteAuxiliaryFile /Users/ataozeren/Documents/GitHub/dynamic-island-for-macbook/DerivedData/Task70Direct/Build/Intermediates.noindex/NotchFlow.build/Direct/NotchFlowUI.build/Objects-normal/arm64/NotchFlowUI_const_extract_protocols.json (in target 'NotchFlowUI' from project 'NotchFlow' at path '/Users/ataozeren/Documents/GitHub/dynamic-island-for-macbook/Package.swift')
    cd /Users/ataozeren/Documents/GitHub/dynamic-island-for-macbook
    write-file /Users/ataozeren/Documents/GitHub/dynamic-island-for-macbook/DerivedData/Task70Direct/Build/Intermediates.noindex/NotchFlow.build/Direct/NotchFlowUI.build/Objects-normal/arm64/NotchFlowUI_const_extract_protocols.json

WriteAuxiliaryFile /Users/ataozeren/Documents/GitHub/dynamic-island-for-macbook/DerivedData/Task70Direct/Build/Intermediates.noindex/NotchFlow.build/Direct/NotchFlowUI.build/Objects-normal/arm64/NotchFlowUI.SwiftConstValuesFileList (in target 'NotchFlowUI' from project 'NotchFlow' at path '/Users/ataozeren/Documents/GitHub/dynamic-island-for-macbook/Package.swift')
    cd /Users/ataozeren/Documents/GitHub/dynamic-island-for-macbook
    write-file /Users/ataozeren/Documents/GitHub/dynamic-island-for-macbook/DerivedData/Task70Direct/Build/Intermediates.noindex/NotchFlow.build/Direct/NotchFlowUI.build/Objects-normal/arm64/NotchFlowUI.SwiftConstValuesFileList

WriteAuxiliaryFile /Users/ataozeren/Documents/GitHub/dynamic-island-for-macbook/DerivedData/Task70Direct/Build/Intermediates.noindex/NotchFlow.build/Direct/NotchFlowUI.build/Objects-normal/arm64/NotchFlowUI.LinkFileList (in target 'NotchFlowUI' from project 'NotchFlow' at path '/Users/ataozeren/Documents/GitHub/dynamic-island-for-macbook/Package.swift')
    cd /Users/ataozeren/Documents/GitHub/dynamic-island-for-macbook
    write-file /Users/ataozeren/Documents/GitHub/dynamic-island-for-macbook/DerivedData/Task70Direct/Build/Intermediates.noindex/NotchFlow.build/Direct/NotchFlowUI.build/Objects-normal/arm64/NotchFlowUI.LinkFileList

WriteAuxiliaryFile /Users/ataozeren/Documents/GitHub/dynamic-island-for-macbook/DerivedData/Task70Direct/Build/Intermediates.noindex/NotchFlow.build/Direct/NotchFlowUI.build/Objects-normal/arm64/NotchFlowUI-OutputFileMap.json (in target 'NotchFlowUI' from project 'NotchFlow' at path '/Users/ataozeren/Documents/GitHub/dynamic-island-for-macbook/Package.swift')
    cd /Users/ataozeren/Documents/GitHub/dynamic-island-for-macbook
    write-file /Users/ataozeren/Documents/GitHub/dynamic-island-for-macbook/DerivedData/Task70Direct/Build/Intermediates.noindex/NotchFlow.build/Direct/NotchFlowUI.build/Objects-normal/arm64/NotchFlowUI-OutputFileMap.json

WriteAuxiliaryFile /Users/ataozeren/Documents/GitHub/dynamic-island-for-macbook/DerivedData/Task70Direct/Build/Intermediates.noindex/NotchFlow.build/Direct/NotchFlowUI.build/NotchFlowUI.modulemap (in target 'NotchFlowUI' from project 'NotchFlow' at path '/Users/ataozeren/Documents/GitHub/dynamic-island-for-macbook/Package.swift')
    cd /Users/ataozeren/Documents/GitHub/dynamic-island-for-macbook
    write-file /Users/ataozeren/Documents/GitHub/dynamic-island-for-macbook/DerivedData/Task70Direct/Build/Intermediates.noindex/NotchFlow.build/Direct/NotchFlowUI.build/NotchFlowUI.modulemap

WriteAuxiliaryFile /Users/ataozeren/Documents/GitHub/dynamic-island-for-macbook/DerivedData/Task70Direct/Build/Intermediates.noindex/NotchFlow.build/Direct/NotchFlowUI.build/NotchFlowUI.DependencyStaticMetadataFileList (in target 'NotchFlowUI' from project 'NotchFlow' at path '/Users/ataozeren/Documents/GitHub/dynamic-island-for-macbook/Package.swift')
    cd /Users/ataozeren/Documents/GitHub/dynamic-island-for-macbook
    write-file /Users/ataozeren/Documents/GitHub/dynamic-island-for-macbook/DerivedData/Task70Direct/Build/Intermediates.noindex/NotchFlow.build/Direct/NotchFlowUI.build/NotchFlowUI.DependencyStaticMetadataFileList

WriteAuxiliaryFile /Users/ataozeren/Documents/GitHub/dynamic-island-for-macbook/DerivedData/Task70Direct/Build/Intermediates.noindex/NotchFlow.build/Direct/NotchFlowUI.build/NotchFlowUI.DependencyMetadataFileList (in target 'NotchFlowUI' from project 'NotchFlow' at path '/Users/ataozeren/Documents/GitHub/dynamic-island-for-macbook/Package.swift')
    cd /Users/ataozeren/Documents/GitHub/dynamic-island-for-macbook
    write-file /Users/ataozeren/Documents/GitHub/dynamic-island-for-macbook/DerivedData/Task70Direct/Build/Intermediates.noindex/NotchFlow.build/Direct/NotchFlowUI.build/NotchFlowUI.DependencyMetadataFileList

WriteAuxiliaryFile /Users/ataozeren/Documents/GitHub/dynamic-island-for-macbook/DerivedData/Task70Direct/Build/Intermediates.noindex/NotchFlow.build/Direct/NotchFlowUI.build/DerivedSources/resource_bundle_accessor.swift (in target 'NotchFlowUI' from project 'NotchFlow' at path '/Users/ataozeren/Documents/GitHub/dynamic-island-for-macbook/Package.swift')
    cd /Users/ataozeren/Documents/GitHub/dynamic-island-for-macbook
    write-file /Users/ataozeren/Documents/GitHub/dynamic-island-for-macbook/DerivedData/Task70Direct/Build/Intermediates.noindex/NotchFlow.build/Direct/NotchFlowUI.build/DerivedSources/resource_bundle_accessor.swift

WriteAuxiliaryFile /Users/ataozeren/Documents/GitHub/dynamic-island-for-macbook/DerivedData/Task70Direct/Build/Intermediates.noindex/NotchFlow.build/Direct/NotchFlowProviders.build/Objects-normal/x86_64/NotchFlowProviders.SwiftFileList (in target 'NotchFlowProviders' from project 'NotchFlow' at path '/Users/ataozeren/Documents/GitHub/dynamic-island-for-macbook/Package.swift')
    cd /Users/ataozeren/Documents/GitHub/dynamic-island-for-macbook
    write-file /Users/ataozeren/Documents/GitHub/dynamic-island-for-macbook/DerivedData/Task70Direct/Build/Intermediates.noindex/NotchFlow.build/Direct/NotchFlowProviders.build/Objects-normal/x86_64/NotchFlowProviders.SwiftFileList

WriteAuxiliaryFile /Users/ataozeren/Documents/GitHub/dynamic-island-for-macbook/DerivedData/Task70Direct/Build/Intermediates.noindex/NotchFlow.build/Direct/NotchFlowProviders.build/Objects-normal/x86_64/NotchFlowProviders_const_extract_protocols.json (in target 'NotchFlowProviders' from project 'NotchFlow' at path '/Users/ataozeren/Documents/GitHub/dynamic-island-for-macbook/Package.swift')
    cd /Users/ataozeren/Documents/GitHub/dynamic-island-for-macbook
    write-file /Users/ataozeren/Documents/GitHub/dynamic-island-for-macbook/DerivedData/Task70Direct/Build/Intermediates.noindex/NotchFlow.build/Direct/NotchFlowProviders.build/Objects-normal/x86_64/NotchFlowProviders_const_extract_protocols.json

WriteAuxiliaryFile /Users/ataozeren/Documents/GitHub/dynamic-island-for-macbook/DerivedData/Task70Direct/Build/Intermediates.noindex/NotchFlow.build/Direct/NotchFlowProviders.build/Objects-normal/x86_64/NotchFlowProviders.LinkFileList (in target 'NotchFlowProviders' from project 'NotchFlow' at path '/Users/ataozeren/Documents/GitHub/dynamic-island-for-macbook/Package.swift')
    cd /Users/ataozeren/Documents/GitHub/dynamic-island-for-macbook
    write-file /Users/ataozeren/Documents/GitHub/dynamic-island-for-macbook/DerivedData/Task70Direct/Build/Intermediates.noindex/NotchFlow.build/Direct/NotchFlowProviders.build/Objects-normal/x86_64/NotchFlowProviders.LinkFileList

WriteAuxiliaryFile /Users/ataozeren/Documents/GitHub/dynamic-island-for-macbook/DerivedData/Task70Direct/Build/Intermediates.noindex/NotchFlow.build/Direct/NotchFlowProviders.build/Objects-normal/x86_64/NotchFlowProviders.SwiftConstValuesFileList (in target 'NotchFlowProviders' from project 'NotchFlow' at path '/Users/ataozeren/Documents/GitHub/dynamic-island-for-macbook/Package.swift')
    cd /Users/ataozeren/Documents/GitHub/dynamic-island-for-macbook
    write-file /Users/ataozeren/Documents/GitHub/dynamic-island-for-macbook/DerivedData/Task70Direct/Build/Intermediates.noindex/NotchFlow.build/Direct/NotchFlowProviders.build/Objects-normal/x86_64/NotchFlowProviders.SwiftConstValuesFileList

WriteAuxiliaryFile /Users/ataozeren/Documents/GitHub/dynamic-island-for-macbook/DerivedData/Task70Direct/Build/Intermediates.noindex/NotchFlow.build/Direct/NotchFlowProviders.build/Objects-normal/x86_64/NotchFlowProviders-OutputFileMap.json (in target 'NotchFlowProviders' from project 'NotchFlow' at path '/Users/ataozeren/Documents/GitHub/dynamic-island-for-macbook/Package.swift')
    cd /Users/ataozeren/Documents/GitHub/dynamic-island-for-macbook
    write-file /Users/ataozeren/Documents/GitHub/dynamic-island-for-macbook/DerivedData/Task70Direct/Build/Intermediates.noindex/NotchFlow.build/Direct/NotchFlowProviders.build/Objects-normal/x86_64/NotchFlowProviders-OutputFileMap.json

WriteAuxiliaryFile /Users/ataozeren/Documents/GitHub/dynamic-island-for-macbook/DerivedData/Task70Direct/Build/Intermediates.noindex/NotchFlow.build/Direct/NotchFlowProviders.build/Objects-normal/arm64/NotchFlowProviders_const_extract_protocols.json (in target 'NotchFlowProviders' from project 'NotchFlow' at path '/Users/ataozeren/Documents/GitHub/dynamic-island-for-macbook/Package.swift')
    cd /Users/ataozeren/Documents/GitHub/dynamic-island-for-macbook
    write-file /Users/ataozeren/Documents/GitHub/dynamic-island-for-macbook/DerivedData/Task70Direct/Build/Intermediates.noindex/NotchFlow.build/Direct/NotchFlowProviders.build/Objects-normal/arm64/NotchFlowProviders_const_extract_protocols.json

Copy /Users/ataozeren/Documents/GitHub/dynamic-island-for-macbook/DerivedData/Task70Direct/Build/Intermediates.noindex/GeneratedModuleMaps/NotchFlowUI.modulemap /Users/ataozeren/Documents/GitHub/dynamic-island-for-macbook/DerivedData/Task70Direct/Build/Intermediates.noindex/NotchFlow.build/Direct/NotchFlowUI.build/NotchFlowUI.modulemap (in target 'NotchFlowUI' from project 'NotchFlow' at path '/Users/ataozeren/Documents/GitHub/dynamic-island-for-macbook/Package.swift')
    cd /Users/ataozeren/Documents/GitHub/dynamic-island-for-macbook
    builtin-copy -exclude .DS_Store -exclude CVS -exclude .svn -exclude .git -exclude .hg -strip-unsigned-binaries -strip-deterministic -strip-tool /Applications/Xcode.app/Contents/Developer/Toolchains/XcodeDefault.xctoolchain/usr/bin/strip -resolve-src-symlinks /Users/ataozeren/Documents/GitHub/dynamic-island-for-macbook/DerivedData/Task70Direct/Build/Intermediates.noindex/NotchFlow.build/Direct/NotchFlowUI.build/NotchFlowUI.modulemap /Users/ataozeren/Documents/GitHub/dynamic-island-for-macbook/DerivedData/Task70Direct/Build/Intermediates.noindex/GeneratedModuleMaps

WriteAuxiliaryFile /Users/ataozeren/Documents/GitHub/dynamic-island-for-macbook/DerivedData/Task70Direct/Build/Intermediates.noindex/NotchFlow.build/Direct/NotchFlowProviders.build/Objects-normal/arm64/NotchFlowProviders.SwiftFileList (in target 'NotchFlowProviders' from project 'NotchFlow' at path '/Users/ataozeren/Documents/GitHub/dynamic-island-for-macbook/Package.swift')
    cd /Users/ataozeren/Documents/GitHub/dynamic-island-for-macbook
    write-file /Users/ataozeren/Documents/GitHub/dynamic-island-for-macbook/DerivedData/Task70Direct/Build/Intermediates.noindex/NotchFlow.build/Direct/NotchFlowProviders.build/Objects-normal/arm64/NotchFlowProviders.SwiftFileList

WriteAuxiliaryFile /Users/ataozeren/Documents/GitHub/dynamic-island-for-macbook/DerivedData/Task70Direct/Build/Intermediates.noindex/NotchFlow.build/Direct/NotchFlowProviders.build/Objects-normal/arm64/NotchFlowProviders.SwiftConstValuesFileList (in target 'NotchFlowProviders' from project 'NotchFlow' at path '/Users/ataozeren/Documents/GitHub/dynamic-island-for-macbook/Package.swift')
    cd /Users/ataozeren/Documents/GitHub/dynamic-island-for-macbook
    write-file /Users/ataozeren/Documents/GitHub/dynamic-island-for-macbook/DerivedData/Task70Direct/Build/Intermediates.noindex/NotchFlow.build/Direct/NotchFlowProviders.build/Objects-normal/arm64/NotchFlowProviders.SwiftConstValuesFileList

WriteAuxiliaryFile /Users/ataozeren/Documents/GitHub/dynamic-island-for-macbook/DerivedData/Task70Direct/Build/Intermediates.noindex/NotchFlow.build/Direct/NotchFlowProviders.build/Objects-normal/arm64/NotchFlowProviders.LinkFileList (in target 'NotchFlowProviders' from project 'NotchFlow' at path '/Users/ataozeren/Documents/GitHub/dynamic-island-for-macbook/Package.swift')
    cd /Users/ataozeren/Documents/GitHub/dynamic-island-for-macbook
    write-file /Users/ataozeren/Documents/GitHub/dynamic-island-for-macbook/DerivedData/Task70Direct/Build/Intermediates.noindex/NotchFlow.build/Direct/NotchFlowProviders.build/Objects-normal/arm64/NotchFlowProviders.LinkFileList

WriteAuxiliaryFile /Users/ataozeren/Documents/GitHub/dynamic-island-for-macbook/DerivedData/Task70Direct/Build/Intermediates.noindex/NotchFlow.build/Direct/NotchFlowProviders.build/NotchFlowProviders.modulemap (in target 'NotchFlowProviders' from project 'NotchFlow' at path '/Users/ataozeren/Documents/GitHub/dynamic-island-for-macbook/Package.swift')
    cd /Users/ataozeren/Documents/GitHub/dynamic-island-for-macbook
    write-file /Users/ataozeren/Documents/GitHub/dynamic-island-for-macbook/DerivedData/Task70Direct/Build/Intermediates.noindex/NotchFlow.build/Direct/NotchFlowProviders.build/NotchFlowProviders.modulemap

WriteAuxiliaryFile /Users/ataozeren/Documents/GitHub/dynamic-island-for-macbook/DerivedData/Task70Direct/Build/Intermediates.noindex/NotchFlow.build/Direct/NotchFlowProviders.build/Objects-normal/arm64/NotchFlowProviders-OutputFileMap.json (in target 'NotchFlowProviders' from project 'NotchFlow' at path '/Users/ataozeren/Documents/GitHub/dynamic-island-for-macbook/Package.swift')
    cd /Users/ataozeren/Documents/GitHub/dynamic-island-for-macbook
    write-file /Users/ataozeren/Documents/GitHub/dynamic-island-for-macbook/DerivedData/Task70Direct/Build/Intermediates.noindex/NotchFlow.build/Direct/NotchFlowProviders.build/Objects-normal/arm64/NotchFlowProviders-OutputFileMap.json

WriteAuxiliaryFile /Users/ataozeren/Documents/GitHub/dynamic-island-for-macbook/DerivedData/Task70Direct/Build/Intermediates.noindex/NotchFlow.build/Direct/NotchFlowProviders.build/NotchFlowProviders.DependencyStaticMetadataFileList (in target 'NotchFlowProviders' from project 'NotchFlow' at path '/Users/ataozeren/Documents/GitHub/dynamic-island-for-macbook/Package.swift')
    cd /Users/ataozeren/Documents/GitHub/dynamic-island-for-macbook
    write-file /Users/ataozeren/Documents/GitHub/dynamic-island-for-macbook/DerivedData/Task70Direct/Build/Intermediates.noindex/NotchFlow.build/Direct/NotchFlowProviders.build/NotchFlowProviders.DependencyStaticMetadataFileList

WriteAuxiliaryFile /Users/ataozeren/Documents/GitHub/dynamic-island-for-macbook/DerivedData/Task70Direct/Build/Intermediates.noindex/NotchFlow.build/Direct/NotchFlowProviders.build/NotchFlowProviders.DependencyMetadataFileList (in target 'NotchFlowProviders' from project 'NotchFlow' at path '/Users/ataozeren/Documents/GitHub/dynamic-island-for-macbook/Package.swift')
    cd /Users/ataozeren/Documents/GitHub/dynamic-island-for-macbook
    write-file /Users/ataozeren/Documents/GitHub/dynamic-island-for-macbook/DerivedData/Task70Direct/Build/Intermediates.noindex/NotchFlow.build/Direct/NotchFlowProviders.build/NotchFlowProviders.DependencyMetadataFileList

WriteAuxiliaryFile /Users/ataozeren/Documents/GitHub/dynamic-island-for-macbook/DerivedData/Task70Direct/Build/Intermediates.noindex/NotchFlow.build/Direct/NotchFlowCore.build/Objects-normal/x86_64/NotchFlowCore_const_extract_protocols.json (in target 'NotchFlowCore' from project 'NotchFlow' at path '/Users/ataozeren/Documents/GitHub/dynamic-island-for-macbook/Package.swift')
    cd /Users/ataozeren/Documents/GitHub/dynamic-island-for-macbook
    write-file /Users/ataozeren/Documents/GitHub/dynamic-island-for-macbook/DerivedData/Task70Direct/Build/Intermediates.noindex/NotchFlow.build/Direct/NotchFlowCore.build/Objects-normal/x86_64/NotchFlowCore_const_extract_protocols.json

WriteAuxiliaryFile /Users/ataozeren/Documents/GitHub/dynamic-island-for-macbook/DerivedData/Task70Direct/Build/Intermediates.noindex/NotchFlow.build/Direct/NotchFlowCore.build/Objects-normal/x86_64/NotchFlowCore.SwiftFileList (in target 'NotchFlowCore' from project 'NotchFlow' at path '/Users/ataozeren/Documents/GitHub/dynamic-island-for-macbook/Package.swift')
    cd /Users/ataozeren/Documents/GitHub/dynamic-island-for-macbook
    write-file /Users/ataozeren/Documents/GitHub/dynamic-island-for-macbook/DerivedData/Task70Direct/Build/Intermediates.noindex/NotchFlow.build/Direct/NotchFlowCore.build/Objects-normal/x86_64/NotchFlowCore.SwiftFileList

WriteAuxiliaryFile /Users/ataozeren/Documents/GitHub/dynamic-island-for-macbook/DerivedData/Task70Direct/Build/Intermediates.noindex/NotchFlow.build/Direct/NotchFlowCore.build/Objects-normal/x86_64/NotchFlowCore.SwiftConstValuesFileList (in target 'NotchFlowCore' from project 'NotchFlow' at path '/Users/ataozeren/Documents/GitHub/dynamic-island-for-macbook/Package.swift')
    cd /Users/ataozeren/Documents/GitHub/dynamic-island-for-macbook
    write-file /Users/ataozeren/Documents/GitHub/dynamic-island-for-macbook/DerivedData/Task70Direct/Build/Intermediates.noindex/NotchFlow.build/Direct/NotchFlowCore.build/Objects-normal/x86_64/NotchFlowCore.SwiftConstValuesFileList

WriteAuxiliaryFile /Users/ataozeren/Documents/GitHub/dynamic-island-for-macbook/DerivedData/Task70Direct/Build/Intermediates.noindex/NotchFlow.build/Direct/NotchFlowCore.build/Objects-normal/x86_64/NotchFlowCore.LinkFileList (in target 'NotchFlowCore' from project 'NotchFlow' at path '/Users/ataozeren/Documents/GitHub/dynamic-island-for-macbook/Package.swift')
    cd /Users/ataozeren/Documents/GitHub/dynamic-island-for-macbook
    write-file /Users/ataozeren/Documents/GitHub/dynamic-island-for-macbook/DerivedData/Task70Direct/Build/Intermediates.noindex/NotchFlow.build/Direct/NotchFlowCore.build/Objects-normal/x86_64/NotchFlowCore.LinkFileList

WriteAuxiliaryFile /Users/ataozeren/Documents/GitHub/dynamic-island-for-macbook/DerivedData/Task70Direct/Build/Intermediates.noindex/NotchFlow.build/Direct/NotchFlowCore.build/Objects-normal/x86_64/NotchFlowCore-OutputFileMap.json (in target 'NotchFlowCore' from project 'NotchFlow' at path '/Users/ataozeren/Documents/GitHub/dynamic-island-for-macbook/Package.swift')
    cd /Users/ataozeren/Documents/GitHub/dynamic-island-for-macbook
    write-file /Users/ataozeren/Documents/GitHub/dynamic-island-for-macbook/DerivedData/Task70Direct/Build/Intermediates.noindex/NotchFlow.build/Direct/NotchFlowCore.build/Objects-normal/x86_64/NotchFlowCore-OutputFileMap.json

WriteAuxiliaryFile /Users/ataozeren/Documents/GitHub/dynamic-island-for-macbook/DerivedData/Task70Direct/Build/Intermediates.noindex/NotchFlow.build/Direct/NotchFlowCore.build/Objects-normal/arm64/NotchFlowCore_const_extract_protocols.json (in target 'NotchFlowCore' from project 'NotchFlow' at path '/Users/ataozeren/Documents/GitHub/dynamic-island-for-macbook/Package.swift')
    cd /Users/ataozeren/Documents/GitHub/dynamic-island-for-macbook
    write-file /Users/ataozeren/Documents/GitHub/dynamic-island-for-macbook/DerivedData/Task70Direct/Build/Intermediates.noindex/NotchFlow.build/Direct/NotchFlowCore.build/Objects-normal/arm64/NotchFlowCore_const_extract_protocols.json

Copy /Users/ataozeren/Documents/GitHub/dynamic-island-for-macbook/DerivedData/Task70Direct/Build/Intermediates.noindex/GeneratedModuleMaps/NotchFlowProviders.modulemap /Users/ataozeren/Documents/GitHub/dynamic-island-for-macbook/DerivedData/Task70Direct/Build/Intermediates.noindex/NotchFlow.build/Direct/NotchFlowProviders.build/NotchFlowProviders.modulemap (in target 'NotchFlowProviders' from project 'NotchFlow' at path '/Users/ataozeren/Documents/GitHub/dynamic-island-for-macbook/Package.swift')
    cd /Users/ataozeren/Documents/GitHub/dynamic-island-for-macbook
    builtin-copy -exclude .DS_Store -exclude CVS -exclude .svn -exclude .git -exclude .hg -strip-unsigned-binaries -strip-deterministic -strip-tool /Applications/Xcode.app/Contents/Developer/Toolchains/XcodeDefault.xctoolchain/usr/bin/strip -resolve-src-symlinks /Users/ataozeren/Documents/GitHub/dynamic-island-for-macbook/DerivedData/Task70Direct/Build/Intermediates.noindex/NotchFlow.build/Direct/NotchFlowProviders.build/NotchFlowProviders.modulemap /Users/ataozeren/Documents/GitHub/dynamic-island-for-macbook/DerivedData/Task70Direct/Build/Intermediates.noindex/GeneratedModuleMaps

WriteAuxiliaryFile /Users/ataozeren/Documents/GitHub/dynamic-island-for-macbook/DerivedData/Task70Direct/Build/Intermediates.noindex/NotchFlow.build/Direct/NotchFlowCore.build/Objects-normal/arm64/NotchFlowCore.SwiftFileList (in target 'NotchFlowCore' from project 'NotchFlow' at path '/Users/ataozeren/Documents/GitHub/dynamic-island-for-macbook/Package.swift')
    cd /Users/ataozeren/Documents/GitHub/dynamic-island-for-macbook
    write-file /Users/ataozeren/Documents/GitHub/dynamic-island-for-macbook/DerivedData/Task70Direct/Build/Intermediates.noindex/NotchFlow.build/Direct/NotchFlowCore.build/Objects-normal/arm64/NotchFlowCore.SwiftFileList

WriteAuxiliaryFile /Users/ataozeren/Documents/GitHub/dynamic-island-for-macbook/DerivedData/Task70Direct/Build/Intermediates.noindex/NotchFlow.build/Direct/NotchFlowCore.build/Objects-normal/arm64/NotchFlowCore.SwiftConstValuesFileList (in target 'NotchFlowCore' from project 'NotchFlow' at path '/Users/ataozeren/Documents/GitHub/dynamic-island-for-macbook/Package.swift')
    cd /Users/ataozeren/Documents/GitHub/dynamic-island-for-macbook
    write-file /Users/ataozeren/Documents/GitHub/dynamic-island-for-macbook/DerivedData/Task70Direct/Build/Intermediates.noindex/NotchFlow.build/Direct/NotchFlowCore.build/Objects-normal/arm64/NotchFlowCore.SwiftConstValuesFileList

WriteAuxiliaryFile /Users/ataozeren/Documents/GitHub/dynamic-island-for-macbook/DerivedData/Task70Direct/Build/Intermediates.noindex/NotchFlow.build/Direct/NotchFlowCore.build/Objects-normal/arm64/NotchFlowCore.LinkFileList (in target 'NotchFlowCore' from project 'NotchFlow' at path '/Users/ataozeren/Documents/GitHub/dynamic-island-for-macbook/Package.swift')
    cd /Users/ataozeren/Documents/GitHub/dynamic-island-for-macbook
    write-file /Users/ataozeren/Documents/GitHub/dynamic-island-for-macbook/DerivedData/Task70Direct/Build/Intermediates.noindex/NotchFlow.build/Direct/NotchFlowCore.build/Objects-normal/arm64/NotchFlowCore.LinkFileList

WriteAuxiliaryFile /Users/ataozeren/Documents/GitHub/dynamic-island-for-macbook/DerivedData/Task70Direct/Build/Intermediates.noindex/NotchFlow.build/Direct/NotchFlowCore.build/Objects-normal/arm64/NotchFlowCore-OutputFileMap.json (in target 'NotchFlowCore' from project 'NotchFlow' at path '/Users/ataozeren/Documents/GitHub/dynamic-island-for-macbook/Package.swift')
    cd /Users/ataozeren/Documents/GitHub/dynamic-island-for-macbook
    write-file /Users/ataozeren/Documents/GitHub/dynamic-island-for-macbook/DerivedData/Task70Direct/Build/Intermediates.noindex/NotchFlow.build/Direct/NotchFlowCore.build/Objects-normal/arm64/NotchFlowCore-OutputFileMap.json

WriteAuxiliaryFile /Users/ataozeren/Documents/GitHub/dynamic-island-for-macbook/DerivedData/Task70Direct/Build/Intermediates.noindex/NotchFlow.build/Direct/NotchFlowCore.build/NotchFlowCore.modulemap (in target 'NotchFlowCore' from project 'NotchFlow' at path '/Users/ataozeren/Documents/GitHub/dynamic-island-for-macbook/Package.swift')
    cd /Users/ataozeren/Documents/GitHub/dynamic-island-for-macbook
    write-file /Users/ataozeren/Documents/GitHub/dynamic-island-for-macbook/DerivedData/Task70Direct/Build/Intermediates.noindex/NotchFlow.build/Direct/NotchFlowCore.build/NotchFlowCore.modulemap

WriteAuxiliaryFile /Users/ataozeren/Documents/GitHub/dynamic-island-for-macbook/DerivedData/Task70Direct/Build/Intermediates.noindex/NotchFlow.build/Direct/NotchFlowCore.build/NotchFlowCore.DependencyStaticMetadataFileList (in target 'NotchFlowCore' from project 'NotchFlow' at path '/Users/ataozeren/Documents/GitHub/dynamic-island-for-macbook/Package.swift')
    cd /Users/ataozeren/Documents/GitHub/dynamic-island-for-macbook
    write-file /Users/ataozeren/Documents/GitHub/dynamic-island-for-macbook/DerivedData/Task70Direct/Build/Intermediates.noindex/NotchFlow.build/Direct/NotchFlowCore.build/NotchFlowCore.DependencyStaticMetadataFileList

WriteAuxiliaryFile /Users/ataozeren/Documents/GitHub/dynamic-island-for-macbook/DerivedData/Task70Direct/Build/Intermediates.noindex/NotchFlow.build/Direct/NotchFlowCore.build/NotchFlowCore.DependencyMetadataFileList (in target 'NotchFlowCore' from project 'NotchFlow' at path '/Users/ataozeren/Documents/GitHub/dynamic-island-for-macbook/Package.swift')
    cd /Users/ataozeren/Documents/GitHub/dynamic-island-for-macbook
    write-file /Users/ataozeren/Documents/GitHub/dynamic-island-for-macbook/DerivedData/Task70Direct/Build/Intermediates.noindex/NotchFlow.build/Direct/NotchFlowCore.build/NotchFlowCore.DependencyMetadataFileList

WriteAuxiliaryFile /Users/ataozeren/Documents/GitHub/dynamic-island-for-macbook/DerivedData/Task70Direct/Build/Intermediates.noindex/NotchFlow.build/Direct/NotchFlowCore.build/DerivedSources/resource_bundle_accessor.swift (in target 'NotchFlowCore' from project 'NotchFlow' at path '/Users/ataozeren/Documents/GitHub/dynamic-island-for-macbook/Package.swift')
    cd /Users/ataozeren/Documents/GitHub/dynamic-island-for-macbook
    write-file /Users/ataozeren/Documents/GitHub/dynamic-island-for-macbook/DerivedData/Task70Direct/Build/Intermediates.noindex/NotchFlow.build/Direct/NotchFlowCore.build/DerivedSources/resource_bundle_accessor.swift

WriteAuxiliaryFile /Users/ataozeren/Documents/GitHub/dynamic-island-for-macbook/DerivedData/Task70Direct/Build/Intermediates.noindex/NotchFlow.build/Direct/NotchFlow.build/Objects-normal/x86_64/NotchFlow_const_extract_protocols.json (in target 'NotchFlow' from project 'NotchFlow' at path '/Users/ataozeren/Documents/GitHub/dynamic-island-for-macbook/NotchFlow.xcodeproj')
    cd /Users/ataozeren/Documents/GitHub/dynamic-island-for-macbook
    write-file /Users/ataozeren/Documents/GitHub/dynamic-island-for-macbook/DerivedData/Task70Direct/Build/Intermediates.noindex/NotchFlow.build/Direct/NotchFlow.build/Objects-normal/x86_64/NotchFlow_const_extract_protocols.json

WriteAuxiliaryFile /Users/ataozeren/Documents/GitHub/dynamic-island-for-macbook/DerivedData/Task70Direct/Build/Intermediates.noindex/NotchFlow.build/Direct/NotchFlow.build/Objects-normal/x86_64/NotchFlow.SwiftFileList (in target 'NotchFlow' from project 'NotchFlow' at path '/Users/ataozeren/Documents/GitHub/dynamic-island-for-macbook/NotchFlow.xcodeproj')
    cd /Users/ataozeren/Documents/GitHub/dynamic-island-for-macbook
    write-file /Users/ataozeren/Documents/GitHub/dynamic-island-for-macbook/DerivedData/Task70Direct/Build/Intermediates.noindex/NotchFlow.build/Direct/NotchFlow.build/Objects-normal/x86_64/NotchFlow.SwiftFileList

WriteAuxiliaryFile /Users/ataozeren/Documents/GitHub/dynamic-island-for-macbook/DerivedData/Task70Direct/Build/Intermediates.noindex/NotchFlow.build/Direct/NotchFlow.build/Objects-normal/x86_64/NotchFlow.SwiftConstValuesFileList (in target 'NotchFlow' from project 'NotchFlow' at path '/Users/ataozeren/Documents/GitHub/dynamic-island-for-macbook/NotchFlow.xcodeproj')
    cd /Users/ataozeren/Documents/GitHub/dynamic-island-for-macbook
    write-file /Users/ataozeren/Documents/GitHub/dynamic-island-for-macbook/DerivedData/Task70Direct/Build/Intermediates.noindex/NotchFlow.build/Direct/NotchFlow.build/Objects-normal/x86_64/NotchFlow.SwiftConstValuesFileList

WriteAuxiliaryFile /Users/ataozeren/Documents/GitHub/dynamic-island-for-macbook/DerivedData/Task70Direct/Build/Intermediates.noindex/NotchFlow.build/Direct/NotchFlow.build/Objects-normal/x86_64/NotchFlow.LinkFileList (in target 'NotchFlow' from project 'NotchFlow' at path '/Users/ataozeren/Documents/GitHub/dynamic-island-for-macbook/NotchFlow.xcodeproj')
    cd /Users/ataozeren/Documents/GitHub/dynamic-island-for-macbook
    write-file /Users/ataozeren/Documents/GitHub/dynamic-island-for-macbook/DerivedData/Task70Direct/Build/Intermediates.noindex/NotchFlow.build/Direct/NotchFlow.build/Objects-normal/x86_64/NotchFlow.LinkFileList

WriteAuxiliaryFile /Users/ataozeren/Documents/GitHub/dynamic-island-for-macbook/DerivedData/Task70Direct/Build/Intermediates.noindex/NotchFlow.build/Direct/NotchFlow.build/Objects-normal/x86_64/NotchFlow-OutputFileMap.json (in target 'NotchFlow' from project 'NotchFlow' at path '/Users/ataozeren/Documents/GitHub/dynamic-island-for-macbook/NotchFlow.xcodeproj')
    cd /Users/ataozeren/Documents/GitHub/dynamic-island-for-macbook
    write-file /Users/ataozeren/Documents/GitHub/dynamic-island-for-macbook/DerivedData/Task70Direct/Build/Intermediates.noindex/NotchFlow.build/Direct/NotchFlow.build/Objects-normal/x86_64/NotchFlow-OutputFileMap.json

WriteAuxiliaryFile /Users/ataozeren/Documents/GitHub/dynamic-island-for-macbook/DerivedData/Task70Direct/Build/Intermediates.noindex/NotchFlow.build/Direct/NotchFlow.build/Objects-normal/arm64/NotchFlow_const_extract_protocols.json (in target 'NotchFlow' from project 'NotchFlow' at path '/Users/ataozeren/Documents/GitHub/dynamic-island-for-macbook/NotchFlow.xcodeproj')
    cd /Users/ataozeren/Documents/GitHub/dynamic-island-for-macbook
    write-file /Users/ataozeren/Documents/GitHub/dynamic-island-for-macbook/DerivedData/Task70Direct/Build/Intermediates.noindex/NotchFlow.build/Direct/NotchFlow.build/Objects-normal/arm64/NotchFlow_const_extract_protocols.json

WriteAuxiliaryFile /Users/ataozeren/Documents/GitHub/dynamic-island-for-macbook/DerivedData/Task70Direct/Build/Intermediates.noindex/NotchFlow.build/Direct/NotchFlow.build/Objects-normal/arm64/NotchFlow.SwiftFileList (in target 'NotchFlow' from project 'NotchFlow' at path '/Users/ataozeren/Documents/GitHub/dynamic-island-for-macbook/NotchFlow.xcodeproj')
    cd /Users/ataozeren/Documents/GitHub/dynamic-island-for-macbook
    write-file /Users/ataozeren/Documents/GitHub/dynamic-island-for-macbook/DerivedData/Task70Direct/Build/Intermediates.noindex/NotchFlow.build/Direct/NotchFlow.build/Objects-normal/arm64/NotchFlow.SwiftFileList

WriteAuxiliaryFile /Users/ataozeren/Documents/GitHub/dynamic-island-for-macbook/DerivedData/Task70Direct/Build/Intermediates.noindex/NotchFlow.build/Direct/NotchFlow.build/Objects-normal/arm64/NotchFlow.SwiftConstValuesFileList (in target 'NotchFlow' from project 'NotchFlow' at path '/Users/ataozeren/Documents/GitHub/dynamic-island-for-macbook/NotchFlow.xcodeproj')
    cd /Users/ataozeren/Documents/GitHub/dynamic-island-for-macbook
    write-file /Users/ataozeren/Documents/GitHub/dynamic-island-for-macbook/DerivedData/Task70Direct/Build/Intermediates.noindex/NotchFlow.build/Direct/NotchFlow.build/Objects-normal/arm64/NotchFlow.SwiftConstValuesFileList

WriteAuxiliaryFile /Users/ataozeren/Documents/GitHub/dynamic-island-for-macbook/DerivedData/Task70Direct/Build/Intermediates.noindex/NotchFlow.build/Direct/NotchFlow.build/Objects-normal/arm64/NotchFlow.LinkFileList (in target 'NotchFlow' from project 'NotchFlow' at path '/Users/ataozeren/Documents/GitHub/dynamic-island-for-macbook/NotchFlow.xcodeproj')
    cd /Users/ataozeren/Documents/GitHub/dynamic-island-for-macbook
    write-file /Users/ataozeren/Documents/GitHub/dynamic-island-for-macbook/DerivedData/Task70Direct/Build/Intermediates.noindex/NotchFlow.build/Direct/NotchFlow.build/Objects-normal/arm64/NotchFlow.LinkFileList

Copy /Users/ataozeren/Documents/GitHub/dynamic-island-for-macbook/DerivedData/Task70Direct/Build/Intermediates.noindex/GeneratedModuleMaps/NotchFlowCore.modulemap /Users/ataozeren/Documents/GitHub/dynamic-island-for-macbook/DerivedData/Task70Direct/Build/Intermediates.noindex/NotchFlow.build/Direct/NotchFlowCore.build/NotchFlowCore.modulemap (in target 'NotchFlowCore' from project 'NotchFlow' at path '/Users/ataozeren/Documents/GitHub/dynamic-island-for-macbook/Package.swift')
    cd /Users/ataozeren/Documents/GitHub/dynamic-island-for-macbook
    builtin-copy -exclude .DS_Store -exclude CVS -exclude .svn -exclude .git -exclude .hg -strip-unsigned-binaries -strip-deterministic -strip-tool /Applications/Xcode.app/Contents/Developer/Toolchains/XcodeDefault.xctoolchain/usr/bin/strip -resolve-src-symlinks /Users/ataozeren/Documents/GitHub/dynamic-island-for-macbook/DerivedData/Task70Direct/Build/Intermediates.noindex/NotchFlow.build/Direct/NotchFlowCore.build/NotchFlowCore.modulemap /Users/ataozeren/Documents/GitHub/dynamic-island-for-macbook/DerivedData/Task70Direct/Build/Intermediates.noindex/GeneratedModuleMaps

WriteAuxiliaryFile /Users/ataozeren/Documents/GitHub/dynamic-island-for-macbook/DerivedData/Task70Direct/Build/Intermediates.noindex/NotchFlow.build/Direct/NotchFlow.build/Objects-normal/arm64/NotchFlow-OutputFileMap.json (in target 'NotchFlow' from project 'NotchFlow' at path '/Users/ataozeren/Documents/GitHub/dynamic-island-for-macbook/NotchFlow.xcodeproj')
    cd /Users/ataozeren/Documents/GitHub/dynamic-island-for-macbook
    write-file /Users/ataozeren/Documents/GitHub/dynamic-island-for-macbook/DerivedData/Task70Direct/Build/Intermediates.noindex/NotchFlow.build/Direct/NotchFlow.build/Objects-normal/arm64/NotchFlow-OutputFileMap.json

WriteAuxiliaryFile /Users/ataozeren/Documents/GitHub/dynamic-island-for-macbook/DerivedData/Task70Direct/Build/Intermediates.noindex/NotchFlow.build/Direct/NotchFlow.build/NotchFlow.hmap (in target 'NotchFlow' from project 'NotchFlow' at path '/Users/ataozeren/Documents/GitHub/dynamic-island-for-macbook/NotchFlow.xcodeproj')
    cd /Users/ataozeren/Documents/GitHub/dynamic-island-for-macbook
    write-file /Users/ataozeren/Documents/GitHub/dynamic-island-for-macbook/DerivedData/Task70Direct/Build/Intermediates.noindex/NotchFlow.build/Direct/NotchFlow.build/NotchFlow.hmap

WriteAuxiliaryFile /Users/ataozeren/Documents/GitHub/dynamic-island-for-macbook/DerivedData/Task70Direct/Build/Intermediates.noindex/NotchFlow.build/Direct/NotchFlow.build/NotchFlow.DependencyStaticMetadataFileList (in target 'NotchFlow' from project 'NotchFlow' at path '/Users/ataozeren/Documents/GitHub/dynamic-island-for-macbook/NotchFlow.xcodeproj')
    cd /Users/ataozeren/Documents/GitHub/dynamic-island-for-macbook
    write-file /Users/ataozeren/Documents/GitHub/dynamic-island-for-macbook/DerivedData/Task70Direct/Build/Intermediates.noindex/NotchFlow.build/Direct/NotchFlow.build/NotchFlow.DependencyStaticMetadataFileList

WriteAuxiliaryFile /Users/ataozeren/Documents/GitHub/dynamic-island-for-macbook/DerivedData/Task70Direct/Build/Intermediates.noindex/NotchFlow.build/Direct/NotchFlow.build/NotchFlow.DependencyMetadataFileList (in target 'NotchFlow' from project 'NotchFlow' at path '/Users/ataozeren/Documents/GitHub/dynamic-island-for-macbook/NotchFlow.xcodeproj')
    cd /Users/ataozeren/Documents/GitHub/dynamic-island-for-macbook
    write-file /Users/ataozeren/Documents/GitHub/dynamic-island-for-macbook/DerivedData/Task70Direct/Build/Intermediates.noindex/NotchFlow.build/Direct/NotchFlow.build/NotchFlow.DependencyMetadataFileList

WriteAuxiliaryFile /Users/ataozeren/Documents/GitHub/dynamic-island-for-macbook/DerivedData/Task70Direct/Build/Intermediates.noindex/NotchFlow.build/Direct/NotchFlow.build/NotchFlow-project-headers.hmap (in target 'NotchFlow' from project 'NotchFlow' at path '/Users/ataozeren/Documents/GitHub/dynamic-island-for-macbook/NotchFlow.xcodeproj')
    cd /Users/ataozeren/Documents/GitHub/dynamic-island-for-macbook
    write-file /Users/ataozeren/Documents/GitHub/dynamic-island-for-macbook/DerivedData/Task70Direct/Build/Intermediates.noindex/NotchFlow.build/Direct/NotchFlow.build/NotchFlow-project-headers.hmap

WriteAuxiliaryFile /Users/ataozeren/Documents/GitHub/dynamic-island-for-macbook/DerivedData/Task70Direct/Build/Intermediates.noindex/NotchFlow.build/Direct/NotchFlow.build/NotchFlow-own-target-headers.hmap (in target 'NotchFlow' from project 'NotchFlow' at path '/Users/ataozeren/Documents/GitHub/dynamic-island-for-macbook/NotchFlow.xcodeproj')
    cd /Users/ataozeren/Documents/GitHub/dynamic-island-for-macbook
    write-file /Users/ataozeren/Documents/GitHub/dynamic-island-for-macbook/DerivedData/Task70Direct/Build/Intermediates.noindex/NotchFlow.build/Direct/NotchFlow.build/NotchFlow-own-target-headers.hmap

WriteAuxiliaryFile /Users/ataozeren/Documents/GitHub/dynamic-island-for-macbook/DerivedData/Task70Direct/Build/Intermediates.noindex/NotchFlow.build/Direct/NotchFlow.build/NotchFlow-generated-files.hmap (in target 'NotchFlow' from project 'NotchFlow' at path '/Users/ataozeren/Documents/GitHub/dynamic-island-for-macbook/NotchFlow.xcodeproj')
    cd /Users/ataozeren/Documents/GitHub/dynamic-island-for-macbook
    write-file /Users/ataozeren/Documents/GitHub/dynamic-island-for-macbook/DerivedData/Task70Direct/Build/Intermediates.noindex/NotchFlow.build/Direct/NotchFlow.build/NotchFlow-generated-files.hmap

WriteAuxiliaryFile /Users/ataozeren/Documents/GitHub/dynamic-island-for-macbook/DerivedData/Task70Direct/Build/Intermediates.noindex/NotchFlow.build/Direct/NotchFlow.build/NotchFlow-all-target-headers.hmap (in target 'NotchFlow' from project 'NotchFlow' at path '/Users/ataozeren/Documents/GitHub/dynamic-island-for-macbook/NotchFlow.xcodeproj')
    cd /Users/ataozeren/Documents/GitHub/dynamic-island-for-macbook
    write-file /Users/ataozeren/Documents/GitHub/dynamic-island-for-macbook/DerivedData/Task70Direct/Build/Intermediates.noindex/NotchFlow.build/Direct/NotchFlow.build/NotchFlow-all-target-headers.hmap

WriteAuxiliaryFile /Users/ataozeren/Documents/GitHub/dynamic-island-for-macbook/DerivedData/Task70Direct/Build/Intermediates.noindex/NotchFlow.build/Direct/NotchFlow.build/NotchFlow-all-non-framework-target-headers.hmap (in target 'NotchFlow' from project 'NotchFlow' at path '/Users/ataozeren/Documents/GitHub/dynamic-island-for-macbook/NotchFlow.xcodeproj')
    cd /Users/ataozeren/Documents/GitHub/dynamic-island-for-macbook
    write-file /Users/ataozeren/Documents/GitHub/dynamic-island-for-macbook/DerivedData/Task70Direct/Build/Intermediates.noindex/NotchFlow.build/Direct/NotchFlow.build/NotchFlow-all-non-framework-target-headers.hmap

MkDir /Users/ataozeren/Documents/GitHub/dynamic-island-for-macbook/DerivedData/Task70Direct/Build/Products/Direct/NotchFlow_NotchFlowUI.bundle/Contents (in target 'NotchFlow_NotchFlowUI' from project 'NotchFlow' at path '/Users/ataozeren/Documents/GitHub/dynamic-island-for-macbook/Package.swift')
    cd /Users/ataozeren/Documents/GitHub/dynamic-island-for-macbook
    /bin/mkdir -p /Users/ataozeren/Documents/GitHub/dynamic-island-for-macbook/DerivedData/Task70Direct/Build/Products/Direct/NotchFlow_NotchFlowUI.bundle/Contents

MkDir /Users/ataozeren/Documents/GitHub/dynamic-island-for-macbook/DerivedData/Task70Direct/Build/Products/Direct/NotchFlow_NotchFlowUI.bundle (in target 'NotchFlow_NotchFlowUI' from project 'NotchFlow' at path '/Users/ataozeren/Documents/GitHub/dynamic-island-for-macbook/Package.swift')
    cd /Users/ataozeren/Documents/GitHub/dynamic-island-for-macbook
    /bin/mkdir -p /Users/ataozeren/Documents/GitHub/dynamic-island-for-macbook/DerivedData/Task70Direct/Build/Products/Direct/NotchFlow_NotchFlowUI.bundle

MkDir /Users/ataozeren/Documents/GitHub/dynamic-island-for-macbook/DerivedData/Task70Direct/Build/Products/Direct/NotchFlow_NotchFlowCore.bundle/Contents/Resources (in target 'NotchFlow_NotchFlowCore' from project 'NotchFlow' at path '/Users/ataozeren/Documents/GitHub/dynamic-island-for-macbook/Package.swift')
    cd /Users/ataozeren/Documents/GitHub/dynamic-island-for-macbook
    /bin/mkdir -p /Users/ataozeren/Documents/GitHub/dynamic-island-for-macbook/DerivedData/Task70Direct/Build/Products/Direct/NotchFlow_NotchFlowCore.bundle/Contents/Resources

MkDir /Users/ataozeren/Documents/GitHub/dynamic-island-for-macbook/DerivedData/Task70Direct/Build/Products/Direct/NotchFlow_NotchFlowCore.bundle/Contents (in target 'NotchFlow_NotchFlowCore' from project 'NotchFlow' at path '/Users/ataozeren/Documents/GitHub/dynamic-island-for-macbook/Package.swift')
    cd /Users/ataozeren/Documents/GitHub/dynamic-island-for-macbook
    /bin/mkdir -p /Users/ataozeren/Documents/GitHub/dynamic-island-for-macbook/DerivedData/Task70Direct/Build/Products/Direct/NotchFlow_NotchFlowCore.bundle/Contents

MkDir /Users/ataozeren/Documents/GitHub/dynamic-island-for-macbook/DerivedData/Task70Direct/Build/Products/Direct/NotchFlow_NotchFlowCore.bundle (in target 'NotchFlow_NotchFlowCore' from project 'NotchFlow' at path '/Users/ataozeren/Documents/GitHub/dynamic-island-for-macbook/Package.swift')
    cd /Users/ataozeren/Documents/GitHub/dynamic-island-for-macbook
    /bin/mkdir -p /Users/ataozeren/Documents/GitHub/dynamic-island-for-macbook/DerivedData/Task70Direct/Build/Products/Direct/NotchFlow_NotchFlowCore.bundle

MkDir /Users/ataozeren/Documents/GitHub/dynamic-island-for-macbook/DerivedData/Task70Direct/Build/Products/Direct/NotchFlow.app/Contents/Resources (in target 'NotchFlow' from project 'NotchFlow' at path '/Users/ataozeren/Documents/GitHub/dynamic-island-for-macbook/NotchFlow.xcodeproj')
    cd /Users/ataozeren/Documents/GitHub/dynamic-island-for-macbook
    /bin/mkdir -p /Users/ataozeren/Documents/GitHub/dynamic-island-for-macbook/DerivedData/Task70Direct/Build/Products/Direct/NotchFlow.app/Contents/Resources

MkDir /Users/ataozeren/Documents/GitHub/dynamic-island-for-macbook/DerivedData/Task70Direct/Build/Products/Direct/NotchFlow.app/Contents/MacOS (in target 'NotchFlow' from project 'NotchFlow' at path '/Users/ataozeren/Documents/GitHub/dynamic-island-for-macbook/NotchFlow.xcodeproj')
    cd /Users/ataozeren/Documents/GitHub/dynamic-island-for-macbook
    /bin/mkdir -p /Users/ataozeren/Documents/GitHub/dynamic-island-for-macbook/DerivedData/Task70Direct/Build/Products/Direct/NotchFlow.app/Contents/MacOS

MkDir /Users/ataozeren/Documents/GitHub/dynamic-island-for-macbook/DerivedData/Task70Direct/Build/Products/Direct/NotchFlow.app/Contents (in target 'NotchFlow' from project 'NotchFlow' at path '/Users/ataozeren/Documents/GitHub/dynamic-island-for-macbook/NotchFlow.xcodeproj')
    cd /Users/ataozeren/Documents/GitHub/dynamic-island-for-macbook
    /bin/mkdir -p /Users/ataozeren/Documents/GitHub/dynamic-island-for-macbook/DerivedData/Task70Direct/Build/Products/Direct/NotchFlow.app/Contents

MkDir /Users/ataozeren/Documents/GitHub/dynamic-island-for-macbook/DerivedData/Task70Direct/Build/Products/Direct/NotchFlow.app (in target 'NotchFlow' from project 'NotchFlow' at path '/Users/ataozeren/Documents/GitHub/dynamic-island-for-macbook/NotchFlow.xcodeproj')
    cd /Users/ataozeren/Documents/GitHub/dynamic-island-for-macbook
    /bin/mkdir -p /Users/ataozeren/Documents/GitHub/dynamic-island-for-macbook/DerivedData/Task70Direct/Build/Products/Direct/NotchFlow.app

ProcessInfoPlistFile /Users/ataozeren/Documents/GitHub/dynamic-island-for-macbook/DerivedData/Task70Direct/Build/Products/Direct/NotchFlow_NotchFlowUI.bundle/Contents/Info.plist /Users/ataozeren/Documents/GitHub/dynamic-island-for-macbook/DerivedData/Task70Direct/Build/Intermediates.noindex/NotchFlow.build/Direct/NotchFlow_NotchFlowUI.build/empty-NotchFlow_NotchFlowUI.plist (in target 'NotchFlow_NotchFlowUI' from project 'NotchFlow' at path '/Users/ataozeren/Documents/GitHub/dynamic-island-for-macbook/Package.swift')
    cd /Users/ataozeren/Documents/GitHub/dynamic-island-for-macbook
    builtin-infoPlistUtility /Users/ataozeren/Documents/GitHub/dynamic-island-for-macbook/DerivedData/Task70Direct/Build/Intermediates.noindex/NotchFlow.build/Direct/NotchFlow_NotchFlowUI.build/empty-NotchFlow_NotchFlowUI.plist -producttype com.apple.product-type.bundle -expandbuildsettings -platform macosx -o /Users/ataozeren/Documents/GitHub/dynamic-island-for-macbook/DerivedData/Task70Direct/Build/Products/Direct/NotchFlow_NotchFlowUI.bundle/Contents/Info.plist

CompileXCStrings /Users/ataozeren/Documents/GitHub/dynamic-island-for-macbook/DerivedData/Task70Direct/Build/Intermediates.noindex/NotchFlow.build/Direct/NotchFlow_NotchFlowUI.build/ /Users/ataozeren/Documents/GitHub/dynamic-island-for-macbook/Sources/NotchFlowUI/Resources/Localizable.xcstrings (in target 'NotchFlow_NotchFlowUI' from project 'NotchFlow' at path '/Users/ataozeren/Documents/GitHub/dynamic-island-for-macbook/Package.swift')
    cd /Users/ataozeren/Documents/GitHub/dynamic-island-for-macbook
    /Applications/Xcode.app/Contents/Developer/usr/bin/xcstringstool compile --output-directory /Users/ataozeren/Documents/GitHub/dynamic-island-for-macbook/DerivedData/Task70Direct/Build/Intermediates.noindex/NotchFlow.build/Direct/NotchFlow_NotchFlowUI.build /Users/ataozeren/Documents/GitHub/dynamic-island-for-macbook/Sources/NotchFlowUI/Resources/Localizable.xcstrings

ProcessInfoPlistFile /Users/ataozeren/Documents/GitHub/dynamic-island-for-macbook/DerivedData/Task70Direct/Build/Products/Direct/NotchFlow_NotchFlowCore.bundle/Contents/Info.plist /Users/ataozeren/Documents/GitHub/dynamic-island-for-macbook/DerivedData/Task70Direct/Build/Intermediates.noindex/NotchFlow.build/Direct/NotchFlow_NotchFlowCore.build/empty-NotchFlow_NotchFlowCore.plist (in target 'NotchFlow_NotchFlowCore' from project 'NotchFlow' at path '/Users/ataozeren/Documents/GitHub/dynamic-island-for-macbook/Package.swift')
    cd /Users/ataozeren/Documents/GitHub/dynamic-island-for-macbook
    builtin-infoPlistUtility /Users/ataozeren/Documents/GitHub/dynamic-island-for-macbook/DerivedData/Task70Direct/Build/Intermediates.noindex/NotchFlow.build/Direct/NotchFlow_NotchFlowCore.build/empty-NotchFlow_NotchFlowCore.plist -producttype com.apple.product-type.bundle -expandbuildsettings -platform macosx -o /Users/ataozeren/Documents/GitHub/dynamic-island-for-macbook/DerivedData/Task70Direct/Build/Products/Direct/NotchFlow_NotchFlowCore.bundle/Contents/Info.plist

CompileXCStrings /Users/ataozeren/Documents/GitHub/dynamic-island-for-macbook/DerivedData/Task70Direct/Build/Intermediates.noindex/NotchFlow.build/Direct/NotchFlow_NotchFlowCore.build/ /Users/ataozeren/Documents/GitHub/dynamic-island-for-macbook/Sources/NotchFlowCore/Resources/Localizable.xcstrings (in target 'NotchFlow_NotchFlowCore' from project 'NotchFlow' at path '/Users/ataozeren/Documents/GitHub/dynamic-island-for-macbook/Package.swift')
    cd /Users/ataozeren/Documents/GitHub/dynamic-island-for-macbook
    /Applications/Xcode.app/Contents/Developer/usr/bin/xcstringstool compile --output-directory /Users/ataozeren/Documents/GitHub/dynamic-island-for-macbook/DerivedData/Task70Direct/Build/Intermediates.noindex/NotchFlow.build/Direct/NotchFlow_NotchFlowCore.build /Users/ataozeren/Documents/GitHub/dynamic-island-for-macbook/Sources/NotchFlowCore/Resources/Localizable.xcstrings

GenerateStringSymbols /Users/ataozeren/Documents/GitHub/dynamic-island-for-macbook/DerivedData/Task70Direct/Build/Intermediates.noindex/NotchFlow.build/Direct/NotchFlowCore.build/DerivedSources/GeneratedStringSymbols_Localizable.swift /Users/ataozeren/Documents/GitHub/dynamic-island-for-macbook/Sources/NotchFlowCore/Resources/Localizable.xcstrings (in target 'NotchFlowCore' from project 'NotchFlow' at path '/Users/ataozeren/Documents/GitHub/dynamic-island-for-macbook/Package.swift')
    cd /Users/ataozeren/Documents/GitHub/dynamic-island-for-macbook
    /Applications/Xcode.app/Contents/Developer/usr/bin/xcstringstool generate-symbols --language swift --output-directory /Users/ataozeren/Documents/GitHub/dynamic-island-for-macbook/DerivedData/Task70Direct/Build/Intermediates.noindex/NotchFlow.build/Direct/NotchFlowCore.build/DerivedSources /Users/ataozeren/Documents/GitHub/dynamic-island-for-macbook/Sources/NotchFlowCore/Resources/Localizable.xcstrings

CopyStringsFile /Users/ataozeren/Documents/GitHub/dynamic-island-for-macbook/DerivedData/Task70Direct/Build/Products/Direct/NotchFlow_NotchFlowCore.bundle/Contents/Resources/en.lproj/Localizable.strings /Users/ataozeren/Documents/GitHub/dynamic-island-for-macbook/DerivedData/Task70Direct/Build/Intermediates.noindex/NotchFlow.build/Direct/NotchFlow_NotchFlowCore.build/en.lproj/Localizable.strings (in target 'NotchFlow_NotchFlowCore' from project 'NotchFlow' at path '/Users/ataozeren/Documents/GitHub/dynamic-island-for-macbook/Package.swift')
    cd /Users/ataozeren/Documents/GitHub/dynamic-island-for-macbook
    builtin-copyStrings --validate --outputencoding UTF-16 --outfilename Localizable.strings --outdir /Users/ataozeren/Documents/GitHub/dynamic-island-for-macbook/DerivedData/Task70Direct/Build/Products/Direct/NotchFlow_NotchFlowCore.bundle/Contents/Resources/en.lproj -- /Users/ataozeren/Documents/GitHub/dynamic-island-for-macbook/DerivedData/Task70Direct/Build/Intermediates.noindex/NotchFlow.build/Direct/NotchFlow_NotchFlowCore.build/en.lproj/Localizable.strings
/Users/ataozeren/Documents/GitHub/dynamic-island-for-macbook/DerivedData/Task70Direct/Build/Intermediates.noindex/NotchFlow.build/Direct/NotchFlow_NotchFlowCore.build/en.lproj/Localizable.strings:1:1: note: detected encoding of input file as Unicode (UTF-8) (in target 'NotchFlow_NotchFlowCore' from project 'NotchFlow' at path '/Users/ataozeren/Documents/GitHub/dynamic-island-for-macbook/Package.swift')

CopyStringsFile /Users/ataozeren/Documents/GitHub/dynamic-island-for-macbook/DerivedData/Task70Direct/Build/Products/Direct/NotchFlow_NotchFlowCore.bundle/Contents/Resources/tr.lproj/Localizable.strings /Users/ataozeren/Documents/GitHub/dynamic-island-for-macbook/DerivedData/Task70Direct/Build/Intermediates.noindex/NotchFlow.build/Direct/NotchFlow_NotchFlowCore.build/tr.lproj/Localizable.strings (in target 'NotchFlow_NotchFlowCore' from project 'NotchFlow' at path '/Users/ataozeren/Documents/GitHub/dynamic-island-for-macbook/Package.swift')
    cd /Users/ataozeren/Documents/GitHub/dynamic-island-for-macbook
    builtin-copyStrings --validate --outputencoding UTF-16 --outfilename Localizable.strings --outdir /Users/ataozeren/Documents/GitHub/dynamic-island-for-macbook/DerivedData/Task70Direct/Build/Products/Direct/NotchFlow_NotchFlowCore.bundle/Contents/Resources/tr.lproj -- /Users/ataozeren/Documents/GitHub/dynamic-island-for-macbook/DerivedData/Task70Direct/Build/Intermediates.noindex/NotchFlow.build/Direct/NotchFlow_NotchFlowCore.build/tr.lproj/Localizable.strings
/Users/ataozeren/Documents/GitHub/dynamic-island-for-macbook/DerivedData/Task70Direct/Build/Intermediates.noindex/NotchFlow.build/Direct/NotchFlow_NotchFlowCore.build/tr.lproj/Localizable.strings:1:1: note: detected encoding of input file as Unicode (UTF-8) (in target 'NotchFlow_NotchFlowCore' from project 'NotchFlow' at path '/Users/ataozeren/Documents/GitHub/dynamic-island-for-macbook/Package.swift')

CopyStringsFile /Users/ataozeren/Documents/GitHub/dynamic-island-for-macbook/DerivedData/Task70Direct/Build/Products/Direct/NotchFlow_NotchFlowUI.bundle/Contents/Resources/tr.lproj/Localizable.strings /Users/ataozeren/Documents/GitHub/dynamic-island-for-macbook/DerivedData/Task70Direct/Build/Intermediates.noindex/NotchFlow.build/Direct/NotchFlow_NotchFlowUI.build/tr.lproj/Localizable.strings (in target 'NotchFlow_NotchFlowUI' from project 'NotchFlow' at path '/Users/ataozeren/Documents/GitHub/dynamic-island-for-macbook/Package.swift')
    cd /Users/ataozeren/Documents/GitHub/dynamic-island-for-macbook
    builtin-copyStrings --validate --outputencoding UTF-16 --outfilename Localizable.strings --outdir /Users/ataozeren/Documents/GitHub/dynamic-island-for-macbook/DerivedData/Task70Direct/Build/Products/Direct/NotchFlow_NotchFlowUI.bundle/Contents/Resources/tr.lproj -- /Users/ataozeren/Documents/GitHub/dynamic-island-for-macbook/DerivedData/Task70Direct/Build/Intermediates.noindex/NotchFlow.build/Direct/NotchFlow_NotchFlowUI.build/tr.lproj/Localizable.strings
/Users/ataozeren/Documents/GitHub/dynamic-island-for-macbook/DerivedData/Task70Direct/Build/Intermediates.noindex/NotchFlow.build/Direct/NotchFlow_NotchFlowUI.build/tr.lproj/Localizable.strings:1:1: note: detected encoding of input file as Unicode (UTF-8) (in target 'NotchFlow_NotchFlowUI' from project 'NotchFlow' at path '/Users/ataozeren/Documents/GitHub/dynamic-island-for-macbook/Package.swift')

CopyStringsFile /Users/ataozeren/Documents/GitHub/dynamic-island-for-macbook/DerivedData/Task70Direct/Build/Products/Direct/NotchFlow_NotchFlowUI.bundle/Contents/Resources/tr.lproj/Localizable.stringsdict /Users/ataozeren/Documents/GitHub/dynamic-island-for-macbook/DerivedData/Task70Direct/Build/Intermediates.noindex/NotchFlow.build/Direct/NotchFlow_NotchFlowUI.build/tr.lproj/Localizable.stringsdict (in target 'NotchFlow_NotchFlowUI' from project 'NotchFlow' at path '/Users/ataozeren/Documents/GitHub/dynamic-island-for-macbook/Package.swift')
    cd /Users/ataozeren/Documents/GitHub/dynamic-island-for-macbook
    builtin-copyStrings --validate --outputencoding UTF-16 --outfilename Localizable.stringsdict --outdir /Users/ataozeren/Documents/GitHub/dynamic-island-for-macbook/DerivedData/Task70Direct/Build/Products/Direct/NotchFlow_NotchFlowUI.bundle/Contents/Resources/tr.lproj -- /Users/ataozeren/Documents/GitHub/dynamic-island-for-macbook/DerivedData/Task70Direct/Build/Intermediates.noindex/NotchFlow.build/Direct/NotchFlow_NotchFlowUI.build/tr.lproj/Localizable.stringsdict
/Users/ataozeren/Documents/GitHub/dynamic-island-for-macbook/DerivedData/Task70Direct/Build/Intermediates.noindex/NotchFlow.build/Direct/NotchFlow_NotchFlowUI.build/tr.lproj/Localizable.stringsdict:1:1: note: detected encoding of input file as Unicode (UTF-8) (in target 'NotchFlow_NotchFlowUI' from project 'NotchFlow' at path '/Users/ataozeren/Documents/GitHub/dynamic-island-for-macbook/Package.swift')

CopyStringsFile /Users/ataozeren/Documents/GitHub/dynamic-island-for-macbook/DerivedData/Task70Direct/Build/Products/Direct/NotchFlow_NotchFlowUI.bundle/Contents/Resources/en.lproj/Localizable.stringsdict /Users/ataozeren/Documents/GitHub/dynamic-island-for-macbook/DerivedData/Task70Direct/Build/Intermediates.noindex/NotchFlow.build/Direct/NotchFlow_NotchFlowUI.build/en.lproj/Localizable.stringsdict (in target 'NotchFlow_NotchFlowUI' from project 'NotchFlow' at path '/Users/ataozeren/Documents/GitHub/dynamic-island-for-macbook/Package.swift')
    cd /Users/ataozeren/Documents/GitHub/dynamic-island-for-macbook
    builtin-copyStrings --validate --outputencoding UTF-16 --outfilename Localizable.stringsdict --outdir /Users/ataozeren/Documents/GitHub/dynamic-island-for-macbook/DerivedData/Task70Direct/Build/Products/Direct/NotchFlow_NotchFlowUI.bundle/Contents/Resources/en.lproj -- /Users/ataozeren/Documents/GitHub/dynamic-island-for-macbook/DerivedData/Task70Direct/Build/Intermediates.noindex/NotchFlow.build/Direct/NotchFlow_NotchFlowUI.build/en.lproj/Localizable.stringsdict
/Users/ataozeren/Documents/GitHub/dynamic-island-for-macbook/DerivedData/Task70Direct/Build/Intermediates.noindex/NotchFlow.build/Direct/NotchFlow_NotchFlowUI.build/en.lproj/Localizable.stringsdict:1:1: note: detected encoding of input file as Unicode (UTF-8) (in target 'NotchFlow_NotchFlowUI' from project 'NotchFlow' at path '/Users/ataozeren/Documents/GitHub/dynamic-island-for-macbook/Package.swift')

CopyStringsFile /Users/ataozeren/Documents/GitHub/dynamic-island-for-macbook/DerivedData/Task70Direct/Build/Products/Direct/NotchFlow_NotchFlowUI.bundle/Contents/Resources/en.lproj/Localizable.strings /Users/ataozeren/Documents/GitHub/dynamic-island-for-macbook/DerivedData/Task70Direct/Build/Intermediates.noindex/NotchFlow.build/Direct/NotchFlow_NotchFlowUI.build/en.lproj/Localizable.strings (in target 'NotchFlow_NotchFlowUI' from project 'NotchFlow' at path '/Users/ataozeren/Documents/GitHub/dynamic-island-for-macbook/Package.swift')
    cd /Users/ataozeren/Documents/GitHub/dynamic-island-for-macbook
    builtin-copyStrings --validate --outputencoding UTF-16 --outfilename Localizable.strings --outdir /Users/ataozeren/Documents/GitHub/dynamic-island-for-macbook/DerivedData/Task70Direct/Build/Products/Direct/NotchFlow_NotchFlowUI.bundle/Contents/Resources/en.lproj -- /Users/ataozeren/Documents/GitHub/dynamic-island-for-macbook/DerivedData/Task70Direct/Build/Intermediates.noindex/NotchFlow.build/Direct/NotchFlow_NotchFlowUI.build/en.lproj/Localizable.strings
/Users/ataozeren/Documents/GitHub/dynamic-island-for-macbook/DerivedData/Task70Direct/Build/Intermediates.noindex/NotchFlow.build/Direct/NotchFlow_NotchFlowUI.build/en.lproj/Localizable.strings:1:1: note: detected encoding of input file as Unicode (UTF-8) (in target 'NotchFlow_NotchFlowUI' from project 'NotchFlow' at path '/Users/ataozeren/Documents/GitHub/dynamic-island-for-macbook/Package.swift')

RegisterExecutionPolicyException /Users/ataozeren/Documents/GitHub/dynamic-island-for-macbook/DerivedData/Task70Direct/Build/Products/Direct/NotchFlow_NotchFlowCore.bundle (in target 'NotchFlow_NotchFlowCore' from project 'NotchFlow' at path '/Users/ataozeren/Documents/GitHub/dynamic-island-for-macbook/Package.swift')
    cd /Users/ataozeren/Documents/GitHub/dynamic-island-for-macbook
    builtin-RegisterExecutionPolicyException /Users/ataozeren/Documents/GitHub/dynamic-island-for-macbook/DerivedData/Task70Direct/Build/Products/Direct/NotchFlow_NotchFlowCore.bundle

RegisterExecutionPolicyException /Users/ataozeren/Documents/GitHub/dynamic-island-for-macbook/DerivedData/Task70Direct/Build/Products/Direct/NotchFlow_NotchFlowUI.bundle (in target 'NotchFlow_NotchFlowUI' from project 'NotchFlow' at path '/Users/ataozeren/Documents/GitHub/dynamic-island-for-macbook/Package.swift')
    cd /Users/ataozeren/Documents/GitHub/dynamic-island-for-macbook
    builtin-RegisterExecutionPolicyException /Users/ataozeren/Documents/GitHub/dynamic-island-for-macbook/DerivedData/Task70Direct/Build/Products/Direct/NotchFlow_NotchFlowUI.bundle

Touch /Users/ataozeren/Documents/GitHub/dynamic-island-for-macbook/DerivedData/Task70Direct/Build/Products/Direct/NotchFlow_NotchFlowCore.bundle (in target 'NotchFlow_NotchFlowCore' from project 'NotchFlow' at path '/Users/ataozeren/Documents/GitHub/dynamic-island-for-macbook/Package.swift')
    cd /Users/ataozeren/Documents/GitHub/dynamic-island-for-macbook
    /usr/bin/touch -c /Users/ataozeren/Documents/GitHub/dynamic-island-for-macbook/DerivedData/Task70Direct/Build/Products/Direct/NotchFlow_NotchFlowCore.bundle

Touch /Users/ataozeren/Documents/GitHub/dynamic-island-for-macbook/DerivedData/Task70Direct/Build/Products/Direct/NotchFlow_NotchFlowUI.bundle (in target 'NotchFlow_NotchFlowUI' from project 'NotchFlow' at path '/Users/ataozeren/Documents/GitHub/dynamic-island-for-macbook/Package.swift')
    cd /Users/ataozeren/Documents/GitHub/dynamic-island-for-macbook
    /usr/bin/touch -c /Users/ataozeren/Documents/GitHub/dynamic-island-for-macbook/DerivedData/Task70Direct/Build/Products/Direct/NotchFlow_NotchFlowUI.bundle

SwiftDriver NotchFlowCore normal x86_64 com.apple.xcode.tools.swift.compiler (in target 'NotchFlowCore' from project 'NotchFlow' at path '/Users/ataozeren/Documents/GitHub/dynamic-island-for-macbook/Package.swift')
    cd /Users/ataozeren/Documents/GitHub/dynamic-island-for-macbook/NotchFlow.xcodeproj
    builtin-SwiftDriver -- /Applications/Xcode.app/Contents/Developer/Toolchains/XcodeDefault.xctoolchain/usr/bin/swiftc -module-name NotchFlowCore -O -whole-module-optimization @/Users/ataozeren/Documents/GitHub/dynamic-island-for-macbook/DerivedData/Task70Direct/Build/Intermediates.noindex/NotchFlow.build/Direct/NotchFlowCore.build/Objects-normal/x86_64/NotchFlowCore.SwiftFileList -DSWIFT_PACKAGE -DSWIFT_MODULE_RESOURCE_BUNDLE_AVAILABLE -DXcode -enable-upcoming-feature StrictConcurrency -plugin-path /Applications/Xcode.app/Contents/Developer/Toolchains/XcodeDefault.xctoolchain/usr/lib/swift/host/plugins/testing -enable-experimental-feature DebugDescriptionMacro -sdk /Applications/Xcode.app/Contents/Developer/Platforms/MacOSX.platform/Developer/SDKs/MacOSX26.5.sdk -target x86_64-apple-macos14.0 -g -module-cache-path /Users/ataozeren/Documents/GitHub/dynamic-island-for-macbook/DerivedData/Task70Direct/ModuleCache.noindex -Xfrontend -serialize-debugging-options -suppress-warnings -swift-version 6 -I /Users/ataozeren/Documents/GitHub/dynamic-island-for-macbook/DerivedData/Task70Direct/Build/Products/Direct -Isystem /Applications/Xcode.app/Contents/Developer/Platforms/MacOSX.platform/Developer/usr/lib -F /Users/ataozeren/Documents/GitHub/dynamic-island-for-macbook/DerivedData/Task70Direct/Build/Products/Direct -F /Applications/Xcode.app/Contents/Developer/Platforms/MacOSX.platform/Developer/Library/Frameworks -emit-localized-strings -emit-localized-strings-path /Users/ataozeren/Documents/GitHub/dynamic-island-for-macbook/DerivedData/Task70Direct/Build/Intermediates.noindex/NotchFlow.build/Direct/NotchFlowCore.build/Objects-normal/x86_64 -c -num-threads 10 -Xcc -ivfsstatcache -Xcc /Users/ataozeren/Documents/GitHub/dynamic-island-for-macbook/DerivedData/Task70Direct/SDKStatCaches.noindex/macosx26.5-25F70-e082c4a02f00227109f4ed75e425c832.sdkstatcache -output-file-map /Users/ataozeren/Documents/GitHub/dynamic-island-for-macbook/DerivedData/Task70Direct/Build/Intermediates.noindex/NotchFlow.build/Direct/NotchFlowCore.build/Objects-normal/x86_64/NotchFlowCore-OutputFileMap.json -use-frontend-parseable-output -save-temps -no-color-diagnostics -explicit-module-build -module-cache-path /Users/ataozeren/Documents/GitHub/dynamic-island-for-macbook/DerivedData/Task70Direct/Build/Intermediates.noindex/SwiftExplicitPrecompiledModules -clang-scanner-module-cache-path /Users/ataozeren/Documents/GitHub/dynamic-island-for-macbook/DerivedData/Task70Direct/ModuleCache.noindex -sdk-module-cache-path /Users/ataozeren/Documents/GitHub/dynamic-island-for-macbook/DerivedData/Task70Direct/ModuleCache.noindex -serialize-diagnostics -emit-dependencies -emit-module -emit-module-path /Users/ataozeren/Documents/GitHub/dynamic-island-for-macbook/DerivedData/Task70Direct/Build/Intermediates.noindex/NotchFlow.build/Direct/NotchFlowCore.build/Objects-normal/x86_64/NotchFlowCore.swiftmodule -validate-clang-modules-once -clang-build-session-file /Users/ataozeren/Documents/GitHub/dynamic-island-for-macbook/DerivedData/Task70Direct/ModuleCache.noindex/Session.modulevalidation -package-name dynamic_island_for_macbook -Xcc -I/Users/ataozeren/Documents/GitHub/dynamic-island-for-macbook/DerivedData/Task70Direct/Build/Intermediates.noindex/NotchFlow.build/Direct/NotchFlowCore.build/swift-overrides.hmap -emit-const-values -Xfrontend -const-gather-protocols-file -Xfrontend /Users/ataozeren/Documents/GitHub/dynamic-island-for-macbook/DerivedData/Task70Direct/Build/Intermediates.noindex/NotchFlow.build/Direct/NotchFlowCore.build/Objects-normal/x86_64/NotchFlowCore_const_extract_protocols.json -Xcc -I/Users/ataozeren/Documents/GitHub/dynamic-island-for-macbook/DerivedData/Task70Direct/Build/Products/Direct/include -Xcc -I/Users/ataozeren/Documents/GitHub/dynamic-island-for-macbook/DerivedData/Task70Direct/Build/Intermediates.noindex/NotchFlow.build/Direct/NotchFlowCore.build/DerivedSources-normal/x86_64 -Xcc -I/Users/ataozeren/Documents/GitHub/dynamic-island-for-macbook/DerivedData/Task70Direct/Build/Intermediates.noindex/NotchFlow.build/Direct/NotchFlowCore.build/DerivedSources/x86_64 -Xcc -I/Users/ataozeren/Documents/GitHub/dynamic-island-for-macbook/DerivedData/Task70Direct/Build/Intermediates.noindex/NotchFlow.build/Direct/NotchFlowCore.build/DerivedSources -Xcc -DSWIFT_PACKAGE -emit-objc-header -emit-objc-header-path /Users/ataozeren/Documents/GitHub/dynamic-island-for-macbook/DerivedData/Task70Direct/Build/Intermediates.noindex/NotchFlow.build/Direct/NotchFlowCore.build/Objects-normal/x86_64/NotchFlowCore-Swift.h -working-directory /Users/ataozeren/Documents/GitHub/dynamic-island-for-macbook/NotchFlow.xcodeproj -no-emit-module-separately-wmo

SwiftDriver NotchFlowCore normal arm64 com.apple.xcode.tools.swift.compiler (in target 'NotchFlowCore' from project 'NotchFlow' at path '/Users/ataozeren/Documents/GitHub/dynamic-island-for-macbook/Package.swift')
    cd /Users/ataozeren/Documents/GitHub/dynamic-island-for-macbook/NotchFlow.xcodeproj
    builtin-SwiftDriver -- /Applications/Xcode.app/Contents/Developer/Toolchains/XcodeDefault.xctoolchain/usr/bin/swiftc -module-name NotchFlowCore -O -whole-module-optimization @/Users/ataozeren/Documents/GitHub/dynamic-island-for-macbook/DerivedData/Task70Direct/Build/Intermediates.noindex/NotchFlow.build/Direct/NotchFlowCore.build/Objects-normal/arm64/NotchFlowCore.SwiftFileList -DSWIFT_PACKAGE -DSWIFT_MODULE_RESOURCE_BUNDLE_AVAILABLE -DXcode -enable-upcoming-feature StrictConcurrency -plugin-path /Applications/Xcode.app/Contents/Developer/Toolchains/XcodeDefault.xctoolchain/usr/lib/swift/host/plugins/testing -enable-experimental-feature DebugDescriptionMacro -sdk /Applications/Xcode.app/Contents/Developer/Platforms/MacOSX.platform/Developer/SDKs/MacOSX26.5.sdk -target arm64-apple-macos14.0 -g -module-cache-path /Users/ataozeren/Documents/GitHub/dynamic-island-for-macbook/DerivedData/Task70Direct/ModuleCache.noindex -Xfrontend -serialize-debugging-options -suppress-warnings -swift-version 6 -I /Users/ataozeren/Documents/GitHub/dynamic-island-for-macbook/DerivedData/Task70Direct/Build/Products/Direct -Isystem /Applications/Xcode.app/Contents/Developer/Platforms/MacOSX.platform/Developer/usr/lib -F /Users/ataozeren/Documents/GitHub/dynamic-island-for-macbook/DerivedData/Task70Direct/Build/Products/Direct -F /Applications/Xcode.app/Contents/Developer/Platforms/MacOSX.platform/Developer/Library/Frameworks -emit-localized-strings -emit-localized-strings-path /Users/ataozeren/Documents/GitHub/dynamic-island-for-macbook/DerivedData/Task70Direct/Build/Intermediates.noindex/NotchFlow.build/Direct/NotchFlowCore.build/Objects-normal/arm64 -c -num-threads 10 -Xcc -ivfsstatcache -Xcc /Users/ataozeren/Documents/GitHub/dynamic-island-for-macbook/DerivedData/Task70Direct/SDKStatCaches.noindex/macosx26.5-25F70-e082c4a02f00227109f4ed75e425c832.sdkstatcache -output-file-map /Users/ataozeren/Documents/GitHub/dynamic-island-for-macbook/DerivedData/Task70Direct/Build/Intermediates.noindex/NotchFlow.build/Direct/NotchFlowCore.build/Objects-normal/arm64/NotchFlowCore-OutputFileMap.json -use-frontend-parseable-output -save-temps -no-color-diagnostics -explicit-module-build -module-cache-path /Users/ataozeren/Documents/GitHub/dynamic-island-for-macbook/DerivedData/Task70Direct/Build/Intermediates.noindex/SwiftExplicitPrecompiledModules -clang-scanner-module-cache-path /Users/ataozeren/Documents/GitHub/dynamic-island-for-macbook/DerivedData/Task70Direct/ModuleCache.noindex -sdk-module-cache-path /Users/ataozeren/Documents/GitHub/dynamic-island-for-macbook/DerivedData/Task70Direct/ModuleCache.noindex -serialize-diagnostics -emit-dependencies -emit-module -emit-module-path /Users/ataozeren/Documents/GitHub/dynamic-island-for-macbook/DerivedData/Task70Direct/Build/Intermediates.noindex/NotchFlow.build/Direct/NotchFlowCore.build/Objects-normal/arm64/NotchFlowCore.swiftmodule -validate-clang-modules-once -clang-build-session-file /Users/ataozeren/Documents/GitHub/dynamic-island-for-macbook/DerivedData/Task70Direct/ModuleCache.noindex/Session.modulevalidation -package-name dynamic_island_for_macbook -Xcc -I/Users/ataozeren/Documents/GitHub/dynamic-island-for-macbook/DerivedData/Task70Direct/Build/Intermediates.noindex/NotchFlow.build/Direct/NotchFlowCore.build/swift-overrides.hmap -emit-const-values -Xfrontend -const-gather-protocols-file -Xfrontend /Users/ataozeren/Documents/GitHub/dynamic-island-for-macbook/DerivedData/Task70Direct/Build/Intermediates.noindex/NotchFlow.build/Direct/NotchFlowCore.build/Objects-normal/arm64/NotchFlowCore_const_extract_protocols.json -Xcc -I/Users/ataozeren/Documents/GitHub/dynamic-island-for-macbook/DerivedData/Task70Direct/Build/Products/Direct/include -Xcc -I/Users/ataozeren/Documents/GitHub/dynamic-island-for-macbook/DerivedData/Task70Direct/Build/Intermediates.noindex/NotchFlow.build/Direct/NotchFlowCore.build/DerivedSources-normal/arm64 -Xcc -I/Users/ataozeren/Documents/GitHub/dynamic-island-for-macbook/DerivedData/Task70Direct/Build/Intermediates.noindex/NotchFlow.build/Direct/NotchFlowCore.build/DerivedSources/arm64 -Xcc -I/Users/ataozeren/Documents/GitHub/dynamic-island-for-macbook/DerivedData/Task70Direct/Build/Intermediates.noindex/NotchFlow.build/Direct/NotchFlowCore.build/DerivedSources -Xcc -DSWIFT_PACKAGE -emit-objc-header -emit-objc-header-path /Users/ataozeren/Documents/GitHub/dynamic-island-for-macbook/DerivedData/Task70Direct/Build/Intermediates.noindex/NotchFlow.build/Direct/NotchFlowCore.build/Objects-normal/arm64/NotchFlowCore-Swift.h -working-directory /Users/ataozeren/Documents/GitHub/dynamic-island-for-macbook/NotchFlow.xcodeproj -no-emit-module-separately-wmo

SwiftDriver\ Compilation NotchFlowCore normal arm64 com.apple.xcode.tools.swift.compiler (in target 'NotchFlowCore' from project 'NotchFlow' at path '/Users/ataozeren/Documents/GitHub/dynamic-island-for-macbook/Package.swift')
    cd /Users/ataozeren/Documents/GitHub/dynamic-island-for-macbook/NotchFlow.xcodeproj
    builtin-Swift-Compilation -- /Applications/Xcode.app/Contents/Developer/Toolchains/XcodeDefault.xctoolchain/usr/bin/swiftc -module-name NotchFlowCore -O -whole-module-optimization @/Users/ataozeren/Documents/GitHub/dynamic-island-for-macbook/DerivedData/Task70Direct/Build/Intermediates.noindex/NotchFlow.build/Direct/NotchFlowCore.build/Objects-normal/arm64/NotchFlowCore.SwiftFileList -DSWIFT_PACKAGE -DSWIFT_MODULE_RESOURCE_BUNDLE_AVAILABLE -DXcode -enable-upcoming-feature StrictConcurrency -plugin-path /Applications/Xcode.app/Contents/Developer/Toolchains/XcodeDefault.xctoolchain/usr/lib/swift/host/plugins/testing -enable-experimental-feature DebugDescriptionMacro -sdk /Applications/Xcode.app/Contents/Developer/Platforms/MacOSX.platform/Developer/SDKs/MacOSX26.5.sdk -target arm64-apple-macos14.0 -g -module-cache-path /Users/ataozeren/Documents/GitHub/dynamic-island-for-macbook/DerivedData/Task70Direct/ModuleCache.noindex -Xfrontend -serialize-debugging-options -suppress-warnings -swift-version 6 -I /Users/ataozeren/Documents/GitHub/dynamic-island-for-macbook/DerivedData/Task70Direct/Build/Products/Direct -Isystem /Applications/Xcode.app/Contents/Developer/Platforms/MacOSX.platform/Developer/usr/lib -F /Users/ataozeren/Documents/GitHub/dynamic-island-for-macbook/DerivedData/Task70Direct/Build/Products/Direct -F /Applications/Xcode.app/Contents/Developer/Platforms/MacOSX.platform/Developer/Library/Frameworks -emit-localized-strings -emit-localized-strings-path /Users/ataozeren/Documents/GitHub/dynamic-island-for-macbook/DerivedData/Task70Direct/Build/Intermediates.noindex/NotchFlow.build/Direct/NotchFlowCore.build/Objects-normal/arm64 -c -num-threads 10 -Xcc -ivfsstatcache -Xcc /Users/ataozeren/Documents/GitHub/dynamic-island-for-macbook/DerivedData/Task70Direct/SDKStatCaches.noindex/macosx26.5-25F70-e082c4a02f00227109f4ed75e425c832.sdkstatcache -output-file-map /Users/ataozeren/Documents/GitHub/dynamic-island-for-macbook/DerivedData/Task70Direct/Build/Intermediates.noindex/NotchFlow.build/Direct/NotchFlowCore.build/Objects-normal/arm64/NotchFlowCore-OutputFileMap.json -use-frontend-parseable-output -save-temps -no-color-diagnostics -explicit-module-build -module-cache-path /Users/ataozeren/Documents/GitHub/dynamic-island-for-macbook/DerivedData/Task70Direct/Build/Intermediates.noindex/SwiftExplicitPrecompiledModules -clang-scanner-module-cache-path /Users/ataozeren/Documents/GitHub/dynamic-island-for-macbook/DerivedData/Task70Direct/ModuleCache.noindex -sdk-module-cache-path /Users/ataozeren/Documents/GitHub/dynamic-island-for-macbook/DerivedData/Task70Direct/ModuleCache.noindex -serialize-diagnostics -emit-dependencies -emit-module -emit-module-path /Users/ataozeren/Documents/GitHub/dynamic-island-for-macbook/DerivedData/Task70Direct/Build/Intermediates.noindex/NotchFlow.build/Direct/NotchFlowCore.build/Objects-normal/arm64/NotchFlowCore.swiftmodule -validate-clang-modules-once -clang-build-session-file /Users/ataozeren/Documents/GitHub/dynamic-island-for-macbook/DerivedData/Task70Direct/ModuleCache.noindex/Session.modulevalidation -package-name dynamic_island_for_macbook -Xcc -I/Users/ataozeren/Documents/GitHub/dynamic-island-for-macbook/DerivedData/Task70Direct/Build/Intermediates.noindex/NotchFlow.build/Direct/NotchFlowCore.build/swift-overrides.hmap -emit-const-values -Xfrontend -const-gather-protocols-file -Xfrontend /Users/ataozeren/Documents/GitHub/dynamic-island-for-macbook/DerivedData/Task70Direct/Build/Intermediates.noindex/NotchFlow.build/Direct/NotchFlowCore.build/Objects-normal/arm64/NotchFlowCore_const_extract_protocols.json -Xcc -I/Users/ataozeren/Documents/GitHub/dynamic-island-for-macbook/DerivedData/Task70Direct/Build/Products/Direct/include -Xcc -I/Users/ataozeren/Documents/GitHub/dynamic-island-for-macbook/DerivedData/Task70Direct/Build/Intermediates.noindex/NotchFlow.build/Direct/NotchFlowCore.build/DerivedSources-normal/arm64 -Xcc -I/Users/ataozeren/Documents/GitHub/dynamic-island-for-macbook/DerivedData/Task70Direct/Build/Intermediates.noindex/NotchFlow.build/Direct/NotchFlowCore.build/DerivedSources/arm64 -Xcc -I/Users/ataozeren/Documents/GitHub/dynamic-island-for-macbook/DerivedData/Task70Direct/Build/Intermediates.noindex/NotchFlow.build/Direct/NotchFlowCore.build/DerivedSources -Xcc -DSWIFT_PACKAGE -emit-objc-header -emit-objc-header-path /Users/ataozeren/Documents/GitHub/dynamic-island-for-macbook/DerivedData/Task70Direct/Build/Intermediates.noindex/NotchFlow.build/Direct/NotchFlowCore.build/Objects-normal/arm64/NotchFlowCore-Swift.h -working-directory /Users/ataozeren/Documents/GitHub/dynamic-island-for-macbook/NotchFlow.xcodeproj -no-emit-module-separately-wmo

SwiftExplicitDependencyGeneratePcm arm64 /Users/ataozeren/Documents/GitHub/dynamic-island-for-macbook/DerivedData/Task70Direct/ModuleCache.noindex/ptrcheck-5BHHIZJXK9JUMA89P3V2VCZUH.pcm

SwiftExplicitDependencyGeneratePcm arm64 /Users/ataozeren/Documents/GitHub/dynamic-island-for-macbook/DerivedData/Task70Direct/ModuleCache.noindex/_AvailabilityInternal-B89UORNSYULXHXHH2YWCRUE8J.pcm

SwiftExplicitDependencyGeneratePcm arm64 /Users/ataozeren/Documents/GitHub/dynamic-island-for-macbook/DerivedData/Task70Direct/ModuleCache.noindex/_Builtin_stdbool-AEL9ZYGF4X1WKOOXOX83KLN2E.pcm

SwiftExplicitDependencyGeneratePcm arm64 /Users/ataozeren/Documents/GitHub/dynamic-island-for-macbook/DerivedData/Task70Direct/ModuleCache.noindex/_Builtin_float-2RQ53YIYHLBLWMWARW7S57XM8.pcm

SwiftExplicitDependencyGeneratePcm arm64 /Users/ataozeren/Documents/GitHub/dynamic-island-for-macbook/DerivedData/Task70Direct/ModuleCache.noindex/SwiftShims-3P0ROB412J5T61ZZAXGU15RT.pcm

SwiftExplicitDependencyGeneratePcm arm64 /Users/ataozeren/Documents/GitHub/dynamic-island-for-macbook/DerivedData/Task70Direct/ModuleCache.noindex/_Builtin_stddef-5CVAECPU786V930UROGCJJDWP.pcm

SwiftExplicitDependencyGeneratePcm arm64 /Users/ataozeren/Documents/GitHub/dynamic-island-for-macbook/DerivedData/Task70Direct/ModuleCache.noindex/_SwiftConcurrencyShims-C1IL4P6PUCVYWO2NKVLOMTKAB.pcm

SwiftExplicitDependencyGeneratePcm arm64 /Users/ataozeren/Documents/GitHub/dynamic-island-for-macbook/DerivedData/Task70Direct/ModuleCache.noindex/_Builtin_stdarg-86L4XSM8B2V0P8VMPJDUWBE1K.pcm

SwiftExplicitDependencyGeneratePcm arm64 /Users/ataozeren/Documents/GitHub/dynamic-island-for-macbook/DerivedData/Task70Direct/ModuleCache.noindex/ptrauth-8IB99MEXWYU21IWP9TSOAVNT6.pcm

SwiftDriver\ Compilation NotchFlowCore normal x86_64 com.apple.xcode.tools.swift.compiler (in target 'NotchFlowCore' from project 'NotchFlow' at path '/Users/ataozeren/Documents/GitHub/dynamic-island-for-macbook/Package.swift')
    cd /Users/ataozeren/Documents/GitHub/dynamic-island-for-macbook/NotchFlow.xcodeproj
    builtin-Swift-Compilation -- /Applications/Xcode.app/Contents/Developer/Toolchains/XcodeDefault.xctoolchain/usr/bin/swiftc -module-name NotchFlowCore -O -whole-module-optimization @/Users/ataozeren/Documents/GitHub/dynamic-island-for-macbook/DerivedData/Task70Direct/Build/Intermediates.noindex/NotchFlow.build/Direct/NotchFlowCore.build/Objects-normal/x86_64/NotchFlowCore.SwiftFileList -DSWIFT_PACKAGE -DSWIFT_MODULE_RESOURCE_BUNDLE_AVAILABLE -DXcode -enable-upcoming-feature StrictConcurrency -plugin-path /Applications/Xcode.app/Contents/Developer/Toolchains/XcodeDefault.xctoolchain/usr/lib/swift/host/plugins/testing -enable-experimental-feature DebugDescriptionMacro -sdk /Applications/Xcode.app/Contents/Developer/Platforms/MacOSX.platform/Developer/SDKs/MacOSX26.5.sdk -target x86_64-apple-macos14.0 -g -module-cache-path /Users/ataozeren/Documents/GitHub/dynamic-island-for-macbook/DerivedData/Task70Direct/ModuleCache.noindex -Xfrontend -serialize-debugging-options -suppress-warnings -swift-version 6 -I /Users/ataozeren/Documents/GitHub/dynamic-island-for-macbook/DerivedData/Task70Direct/Build/Products/Direct -Isystem /Applications/Xcode.app/Contents/Developer/Platforms/MacOSX.platform/Developer/usr/lib -F /Users/ataozeren/Documents/GitHub/dynamic-island-for-macbook/DerivedData/Task70Direct/Build/Products/Direct -F /Applications/Xcode.app/Contents/Developer/Platforms/MacOSX.platform/Developer/Library/Frameworks -emit-localized-strings -emit-localized-strings-path /Users/ataozeren/Documents/GitHub/dynamic-island-for-macbook/DerivedData/Task70Direct/Build/Intermediates.noindex/NotchFlow.build/Direct/NotchFlowCore.build/Objects-normal/x86_64 -c -num-threads 10 -Xcc -ivfsstatcache -Xcc /Users/ataozeren/Documents/GitHub/dynamic-island-for-macbook/DerivedData/Task70Direct/SDKStatCaches.noindex/macosx26.5-25F70-e082c4a02f00227109f4ed75e425c832.sdkstatcache -output-file-map /Users/ataozeren/Documents/GitHub/dynamic-island-for-macbook/DerivedData/Task70Direct/Build/Intermediates.noindex/NotchFlow.build/Direct/NotchFlowCore.build/Objects-normal/x86_64/NotchFlowCore-OutputFileMap.json -use-frontend-parseable-output -save-temps -no-color-diagnostics -explicit-module-build -module-cache-path /Users/ataozeren/Documents/GitHub/dynamic-island-for-macbook/DerivedData/Task70Direct/Build/Intermediates.noindex/SwiftExplicitPrecompiledModules -clang-scanner-module-cache-path /Users/ataozeren/Documents/GitHub/dynamic-island-for-macbook/DerivedData/Task70Direct/ModuleCache.noindex -sdk-module-cache-path /Users/ataozeren/Documents/GitHub/dynamic-island-for-macbook/DerivedData/Task70Direct/ModuleCache.noindex -serialize-diagnostics -emit-dependencies -emit-module -emit-module-path /Users/ataozeren/Documents/GitHub/dynamic-island-for-macbook/DerivedData/Task70Direct/Build/Intermediates.noindex/NotchFlow.build/Direct/NotchFlowCore.build/Objects-normal/x86_64/NotchFlowCore.swiftmodule -validate-clang-modules-once -clang-build-session-file /Users/ataozeren/Documents/GitHub/dynamic-island-for-macbook/DerivedData/Task70Direct/ModuleCache.noindex/Session.modulevalidation -package-name dynamic_island_for_macbook -Xcc -I/Users/ataozeren/Documents/GitHub/dynamic-island-for-macbook/DerivedData/Task70Direct/Build/Intermediates.noindex/NotchFlow.build/Direct/NotchFlowCore.build/swift-overrides.hmap -emit-const-values -Xfrontend -const-gather-protocols-file -Xfrontend /Users/ataozeren/Documents/GitHub/dynamic-island-for-macbook/DerivedData/Task70Direct/Build/Intermediates.noindex/NotchFlow.build/Direct/NotchFlowCore.build/Objects-normal/x86_64/NotchFlowCore_const_extract_protocols.json -Xcc -I/Users/ataozeren/Documents/GitHub/dynamic-island-for-macbook/DerivedData/Task70Direct/Build/Products/Direct/include -Xcc -I/Users/ataozeren/Documents/GitHub/dynamic-island-for-macbook/DerivedData/Task70Direct/Build/Intermediates.noindex/NotchFlow.build/Direct/NotchFlowCore.build/DerivedSources-normal/x86_64 -Xcc -I/Users/ataozeren/Documents/GitHub/dynamic-island-for-macbook/DerivedData/Task70Direct/Build/Intermediates.noindex/NotchFlow.build/Direct/NotchFlowCore.build/DerivedSources/x86_64 -Xcc -I/Users/ataozeren/Documents/GitHub/dynamic-island-for-macbook/DerivedData/Task70Direct/Build/Intermediates.noindex/NotchFlow.build/Direct/NotchFlowCore.build/DerivedSources -Xcc -DSWIFT_PACKAGE -emit-objc-header -emit-objc-header-path /Users/ataozeren/Documents/GitHub/dynamic-island-for-macbook/DerivedData/Task70Direct/Build/Intermediates.noindex/NotchFlow.build/Direct/NotchFlowCore.build/Objects-normal/x86_64/NotchFlowCore-Swift.h -working-directory /Users/ataozeren/Documents/GitHub/dynamic-island-for-macbook/NotchFlow.xcodeproj -no-emit-module-separately-wmo

SwiftExplicitDependencyGeneratePcm x86_64 /Users/ataozeren/Documents/GitHub/dynamic-island-for-macbook/DerivedData/Task70Direct/ModuleCache.noindex/_Builtin_stddef-AUWDZCL0SVOPIRW1HEURWN6NI.pcm

SwiftExplicitDependencyGeneratePcm x86_64 /Users/ataozeren/Documents/GitHub/dynamic-island-for-macbook/DerivedData/Task70Direct/ModuleCache.noindex/SwiftShims-7P78W8JAWBPJJLUWN2VWMPE47.pcm

SwiftExplicitDependencyGeneratePcm x86_64 /Users/ataozeren/Documents/GitHub/dynamic-island-for-macbook/DerivedData/Task70Direct/ModuleCache.noindex/_AvailabilityInternal-6RX7BCT2L4NH5KZQ7D2NS7SQ1.pcm

SwiftExplicitDependencyGeneratePcm x86_64 /Users/ataozeren/Documents/GitHub/dynamic-island-for-macbook/DerivedData/Task70Direct/ModuleCache.noindex/ptrcheck-929ADE55KKLLZD7R93NGZWSVV.pcm

SwiftExplicitDependencyGeneratePcm x86_64 /Users/ataozeren/Documents/GitHub/dynamic-island-for-macbook/DerivedData/Task70Direct/ModuleCache.noindex/ptrauth-DJNFEO7YDQNTC7B7I3O8YBKY5.pcm

SwiftExplicitDependencyGeneratePcm x86_64 /Users/ataozeren/Documents/GitHub/dynamic-island-for-macbook/DerivedData/Task70Direct/ModuleCache.noindex/_Builtin_stdbool-83490WYRUVOFEXML7QKDTBFHL.pcm

SwiftExplicitDependencyGeneratePcm x86_64 /Users/ataozeren/Documents/GitHub/dynamic-island-for-macbook/DerivedData/Task70Direct/ModuleCache.noindex/_Builtin_float-2PK028GU6Z99XXL749SJ2W5W7.pcm

SwiftExplicitDependencyGeneratePcm x86_64 /Users/ataozeren/Documents/GitHub/dynamic-island-for-macbook/DerivedData/Task70Direct/ModuleCache.noindex/_SwiftConcurrencyShims-6MRJAIXPXUW1QQEX0PNH5ECI1.pcm

SwiftExplicitDependencyGeneratePcm arm64 /Users/ataozeren/Documents/GitHub/dynamic-island-for-macbook/DerivedData/Task70Direct/ModuleCache.noindex/_DarwinFoundation1-924449K1WK3ZAJMEDFYEJFC74.pcm

SwiftExplicitDependencyGeneratePcm x86_64 /Users/ataozeren/Documents/GitHub/dynamic-island-for-macbook/DerivedData/Task70Direct/ModuleCache.noindex/_Builtin_stdarg-1XELWSF3V86HVTM8H1LUVZRXW.pcm

SwiftExplicitDependencyGeneratePcm x86_64 /Users/ataozeren/Documents/GitHub/dynamic-island-for-macbook/DerivedData/Task70Direct/ModuleCache.noindex/_DarwinFoundation1-9Y5QVN7VUAB3HR55HZK2DQF6B.pcm

SwiftExplicitDependencyGeneratePcm arm64 /Users/ataozeren/Documents/GitHub/dynamic-island-for-macbook/DerivedData/Task70Direct/ModuleCache.noindex/_DarwinFoundation2-10EBB7CPWG7QWW9VRGQ5OVYDK.pcm

SwiftExplicitDependencyGeneratePcm arm64 /Users/ataozeren/Documents/GitHub/dynamic-island-for-macbook/DerivedData/Task70Direct/ModuleCache.noindex/_Builtin_limits-10IXLODS06KV1XQRNBBN8195K.pcm

SwiftExplicitDependencyGeneratePcm x86_64 /Users/ataozeren/Documents/GitHub/dynamic-island-for-macbook/DerivedData/Task70Direct/ModuleCache.noindex/_DarwinFoundation2-9ZROX50TBOR9L6RCK0D43F91U.pcm

SwiftExplicitDependencyGeneratePcm x86_64 /Users/ataozeren/Documents/GitHub/dynamic-island-for-macbook/DerivedData/Task70Direct/ModuleCache.noindex/_Builtin_limits-BFU0FZYRGLSB2UXZOA08NPIQD.pcm

SwiftExplicitDependencyGeneratePcm arm64 /Users/ataozeren/Documents/GitHub/dynamic-island-for-macbook/DerivedData/Task70Direct/ModuleCache.noindex/_Builtin_stdint-2D2VMT9E59PXYVPPJUM3QEMTG.pcm

SwiftExplicitDependencyGeneratePcm arm64 /Users/ataozeren/Documents/GitHub/dynamic-island-for-macbook/DerivedData/Task70Direct/ModuleCache.noindex/sys_types-5PWG5HR72DS8NW3396TJHUA2I.pcm

SwiftExplicitDependencyGeneratePcm x86_64 /Users/ataozeren/Documents/GitHub/dynamic-island-for-macbook/DerivedData/Task70Direct/ModuleCache.noindex/sys_types-7ZH3LHF8PRX8MYAVV5HV6IJOS.pcm

SwiftExplicitDependencyGeneratePcm x86_64 /Users/ataozeren/Documents/GitHub/dynamic-island-for-macbook/DerivedData/Task70Direct/ModuleCache.noindex/_Builtin_stdint-5DIST2J7S82EB694TIA0OCJTS.pcm

SwiftExplicitDependencyGeneratePcm arm64 /Users/ataozeren/Documents/GitHub/dynamic-island-for-macbook/DerivedData/Task70Direct/ModuleCache.noindex/libDER-BX2GBWUKPRWSBQBFTRFWQJHC4.pcm

SwiftExplicitDependencyGeneratePcm arm64 /Users/ataozeren/Documents/GitHub/dynamic-island-for-macbook/DerivedData/Task70Direct/ModuleCache.noindex/_DarwinFoundation3-83L5IQFODUTXGCTNQGY8RXWHR.pcm

SwiftExplicitDependencyGeneratePcm x86_64 /Users/ataozeren/Documents/GitHub/dynamic-island-for-macbook/DerivedData/Task70Direct/ModuleCache.noindex/_DarwinFoundation3-BXKCXTR95FOQSRLWWCNGV787H.pcm

SwiftExplicitDependencyGeneratePcm x86_64 /Users/ataozeren/Documents/GitHub/dynamic-island-for-macbook/DerivedData/Task70Direct/ModuleCache.noindex/libDER-14PB39HIL4M0F40BN1JD0JQEJ.pcm

SwiftExplicitDependencyGeneratePcm arm64 /Users/ataozeren/Documents/GitHub/dynamic-island-for-macbook/DerivedData/Task70Direct/ModuleCache.noindex/_Builtin_inttypes-5E9WHNLQOOZ6M06PAVO7FJ8KF.pcm

SwiftExplicitDependencyGeneratePcm x86_64 /Users/ataozeren/Documents/GitHub/dynamic-island-for-macbook/DerivedData/Task70Direct/ModuleCache.noindex/_Builtin_inttypes-A422XMMGP7H4W4PIF2Q3RTKTG.pcm

SwiftExplicitDependencyGeneratePcm x86_64 /Users/ataozeren/Documents/GitHub/dynamic-island-for-macbook/DerivedData/Task70Direct/ModuleCache.noindex/_Builtin_intrinsics-70T6TW0EAL93YCCEYZ18L0QFI.pcm

SwiftExplicitDependencyGeneratePcm arm64 /Users/ataozeren/Documents/GitHub/dynamic-island-for-macbook/DerivedData/Task70Direct/ModuleCache.noindex/Darwin-7R2MVZLPVSMAYU6EA5EC08IC9.pcm

SwiftExplicitDependencyGeneratePcm x86_64 /Users/ataozeren/Documents/GitHub/dynamic-island-for-macbook/DerivedData/Task70Direct/ModuleCache.noindex/Darwin-6A1NBHB9KUAZ9TFBPUMXS8OD5.pcm

SwiftExplicitDependencyGeneratePcm arm64 /Users/ataozeren/Documents/GitHub/dynamic-island-for-macbook/DerivedData/Task70Direct/ModuleCache.noindex/MachO-8IMZNNP4GNQY0JGLT4P6HGTG7.pcm

SwiftExplicitDependencyGeneratePcm arm64 /Users/ataozeren/Documents/GitHub/dynamic-island-for-macbook/DerivedData/Task70Direct/ModuleCache.noindex/libkern-ALQR2H8H02LJFX4NZJUX2I1L0.pcm

SwiftExplicitDependencyGeneratePcm arm64 /Users/ataozeren/Documents/GitHub/dynamic-island-for-macbook/DerivedData/Task70Direct/ModuleCache.noindex/launch-5MHVTJ3X2Y5FUX6EHAELD9G49.pcm

SwiftExplicitDependencyGeneratePcm x86_64 /Users/ataozeren/Documents/GitHub/dynamic-island-for-macbook/DerivedData/Task70Direct/ModuleCache.noindex/MachO-51F5HEF5JC1795OVW68O7J1FB.pcm

SwiftExplicitDependencyGeneratePcm x86_64 /Users/ataozeren/Documents/GitHub/dynamic-island-for-macbook/DerivedData/Task70Direct/ModuleCache.noindex/launch-BMBSK279QH4CO4BA75DPZ9LOV.pcm

SwiftExplicitDependencyGeneratePcm x86_64 /Users/ataozeren/Documents/GitHub/dynamic-island-for-macbook/DerivedData/Task70Direct/ModuleCache.noindex/libkern-8TM40SHELUD1NL3KS9I9LCDIW.pcm

SwiftExplicitDependencyGeneratePcm arm64 /Users/ataozeren/Documents/GitHub/dynamic-island-for-macbook/DerivedData/Task70Direct/ModuleCache.noindex/ObjectiveC-8G7XWAR7V58XHQMNKB2J6AR64.pcm

SwiftExplicitDependencyGeneratePcm x86_64 /Users/ataozeren/Documents/GitHub/dynamic-island-for-macbook/DerivedData/Task70Direct/ModuleCache.noindex/ObjectiveC-2W3YJ8ZSJT18OEW6ZE3T0C184.pcm

SwiftExplicitDependencyGeneratePcm x86_64 /Users/ataozeren/Documents/GitHub/dynamic-island-for-macbook/DerivedData/Task70Direct/ModuleCache.noindex/os_object-IEY7WZ8L6EKHGD8BU2H4O7VF.pcm

SwiftExplicitDependencyGeneratePcm arm64 /Users/ataozeren/Documents/GitHub/dynamic-island-for-macbook/DerivedData/Task70Direct/ModuleCache.noindex/os_object-54U75Z1VP0TOJJHFXTFDRAONX.pcm

SwiftExplicitDependencyGeneratePcm x86_64 /Users/ataozeren/Documents/GitHub/dynamic-island-for-macbook/DerivedData/Task70Direct/ModuleCache.noindex/os_workgroup-7TRTCMDWA2Q1XSAKLLKNTF9KP.pcm

SwiftExplicitDependencyGeneratePcm arm64 /Users/ataozeren/Documents/GitHub/dynamic-island-for-macbook/DerivedData/Task70Direct/ModuleCache.noindex/os_workgroup-5LN354FP0KAXXRT764WJMOGHN.pcm

SwiftExplicitDependencyGeneratePcm x86_64 /Users/ataozeren/Documents/GitHub/dynamic-island-for-macbook/DerivedData/Task70Direct/ModuleCache.noindex/Dispatch-AFKU51HGD6JZ4SBQ70HT4JZ0H.pcm

SwiftExplicitDependencyGeneratePcm arm64 /Users/ataozeren/Documents/GitHub/dynamic-island-for-macbook/DerivedData/Task70Direct/ModuleCache.noindex/Dispatch-9FZZD51RH8LSAFDUITNR8X36L.pcm

SwiftExplicitDependencyGeneratePcm x86_64 /Users/ataozeren/Documents/GitHub/dynamic-island-for-macbook/DerivedData/Task70Direct/ModuleCache.noindex/XPC-9D7V24ZM8WQ4EHR302A3N4MQD.pcm

SwiftExplicitDependencyGeneratePcm x86_64 /Users/ataozeren/Documents/GitHub/dynamic-island-for-macbook/DerivedData/Task70Direct/ModuleCache.noindex/CoreFoundation-D7WUG92UKJUYX3I0XK5CX72JY.pcm

SwiftExplicitDependencyGeneratePcm arm64 /Users/ataozeren/Documents/GitHub/dynamic-island-for-macbook/DerivedData/Task70Direct/ModuleCache.noindex/XPC-3TU4E36NAVZT5G35JHWLVZQCS.pcm

SwiftExplicitDependencyGeneratePcm arm64 /Users/ataozeren/Documents/GitHub/dynamic-island-for-macbook/DerivedData/Task70Direct/ModuleCache.noindex/CoreFoundation-8V936AZ60WTPY722S40KJZ3TD.pcm

SwiftExplicitDependencyGeneratePcm x86_64 /Users/ataozeren/Documents/GitHub/dynamic-island-for-macbook/DerivedData/Task70Direct/ModuleCache.noindex/IOKit-BNMQ56GZG92O5Y10DADVPYWVE.pcm

SwiftExplicitDependencyGeneratePcm x86_64 /Users/ataozeren/Documents/GitHub/dynamic-island-for-macbook/DerivedData/Task70Direct/ModuleCache.noindex/Security-AYLC7BN8GALXAD9UUCLLJ4SCY.pcm

SwiftExplicitDependencyGeneratePcm x86_64 /Users/ataozeren/Documents/GitHub/dynamic-island-for-macbook/DerivedData/Task70Direct/ModuleCache.noindex/CFNetwork-6MP1ULCQXOS170883X6ZTEDL2.pcm

SwiftExplicitDependencyGeneratePcm arm64 /Users/ataozeren/Documents/GitHub/dynamic-island-for-macbook/DerivedData/Task70Direct/ModuleCache.noindex/Security-EABH7A0MOE88SXET3XHZRFNYB.pcm

SwiftExplicitDependencyGeneratePcm arm64 /Users/ataozeren/Documents/GitHub/dynamic-island-for-macbook/DerivedData/Task70Direct/ModuleCache.noindex/IOKit-6478WV7SJZ8NAWUEFE78M5YFG.pcm

SwiftExplicitDependencyGeneratePcm arm64 /Users/ataozeren/Documents/GitHub/dynamic-island-for-macbook/DerivedData/Task70Direct/ModuleCache.noindex/CFNetwork-5KW2SFQUW3RCO5QTWX0SAVNT8.pcm

SwiftExplicitDependencyGeneratePcm arm64 /Users/ataozeren/Documents/GitHub/dynamic-island-for-macbook/DerivedData/Task70Direct/ModuleCache.noindex/CoreGraphics-944ND8NPKK9DOPZI8H94BV6QD.pcm

SwiftExplicitDependencyGeneratePcm arm64 /Users/ataozeren/Documents/GitHub/dynamic-island-for-macbook/DerivedData/Task70Direct/ModuleCache.noindex/DiskArbitration-CXTU6MJCC8PO9LWNGBEDZT6LP.pcm

SwiftExplicitDependencyGeneratePcm x86_64 /Users/ataozeren/Documents/GitHub/dynamic-island-for-macbook/DerivedData/Task70Direct/ModuleCache.noindex/DiskArbitration-DGUNEBQ94B9PQ44BZEODMXYP1.pcm

SwiftExplicitDependencyGeneratePcm x86_64 /Users/ataozeren/Documents/GitHub/dynamic-island-for-macbook/DerivedData/Task70Direct/ModuleCache.noindex/CoreGraphics-9IU7U995HHGUGN94ZJI0FYKFN.pcm

SwiftExplicitDependencyGeneratePcm x86_64 /Users/ataozeren/Documents/GitHub/dynamic-island-for-macbook/DerivedData/Task70Direct/ModuleCache.noindex/CoreServices-87U4FDD5TWKZ88SNG55CR9U6H.pcm

SwiftExplicitDependencyGeneratePcm arm64 /Users/ataozeren/Documents/GitHub/dynamic-island-for-macbook/DerivedData/Task70Direct/ModuleCache.noindex/CoreServices-3IN83YT0CTVRE1X2TG0QRERFK.pcm

SwiftExplicitDependencyGeneratePcm x86_64 /Users/ataozeren/Documents/GitHub/dynamic-island-for-macbook/DerivedData/Task70Direct/ModuleCache.noindex/Foundation-6L6U991MT4S8XWRGIPIH7CKKC.pcm

SwiftExplicitDependencyGeneratePcm arm64 /Users/ataozeren/Documents/GitHub/dynamic-island-for-macbook/DerivedData/Task70Direct/ModuleCache.noindex/Foundation-2K4AVUSGFKCMVTIZNGODLF1SR.pcm

SwiftCompile normal x86_64 Compiling\ resource_bundle_accessor.swift,\ AIAgentActivity.swift,\ AIAgentStateMachine.swift,\ AIEventClass.swift,\ AIIntegrationPreferences.swift,\ Activity.swift,\ ActivityIdentity.swift,\ ActivityKind.swift,\ ActivityLifecycle.swift,\ ActivityManager.swift,\ ActivityPriority.swift,\ ActivityProvider.swift,\ ActivityProviderIdentifier.swift,\ AppearancePreference.swift,\ AutoDismissDescriptor.swift,\ ChargingActivity.swift,\ DisplaySelection.swift,\ GeneralPreferences.swift,\ HookSnippetGenerator.swift,\ IPCMessage.swift,\ IPCURLParser.swift,\ LocalizedText.swift,\ LoopbackListenerPolicy.swift,\ ManualSetupInstructions.swift,\ MouseLocationObserving.swift,\ MusicActivity.swift,\ MusicAutomation.swift,\ NotchFlowCore.swift,\ NotchGeometry.swift,\ OnboardingFlow.swift,\ PanelGeometry.swift,\ PrimaryAction.swift,\ RecordingActivity.swift,\ ScreenChangeObserving.swift,\ SettingsKey.swift,\ TimerActivity.swift,\ GeneratedStringSymbols_Localizable.swift /Users/ataozeren/Documents/GitHub/dynamic-island-for-macbook/DerivedData/Task70Direct/Build/Intermediates.noindex/NotchFlow.build/Direct/NotchFlowCore.build/DerivedSources/resource_bundle_accessor.swift /Users/ataozeren/Documents/GitHub/dynamic-island-for-macbook/Sources/NotchFlowCore/AIAgentActivity.swift /Users/ataozeren/Documents/GitHub/dynamic-island-for-macbook/Sources/NotchFlowCore/AIAgentStateMachine.swift /Users/ataozeren/Documents/GitHub/dynamic-island-for-macbook/Sources/NotchFlowCore/AIEventClass.swift /Users/ataozeren/Documents/GitHub/dynamic-island-for-macbook/Sources/NotchFlowCore/AIIntegrationPreferences.swift /Users/ataozeren/Documents/GitHub/dynamic-island-for-macbook/Sources/NotchFlowCore/Activity.swift /Users/ataozeren/Documents/GitHub/dynamic-island-for-macbook/Sources/NotchFlowCore/ActivityIdentity.swift /Users/ataozeren/Documents/GitHub/dynamic-island-for-macbook/Sources/NotchFlowCore/ActivityKind.swift /Users/ataozeren/Documents/GitHub/dynamic-island-for-macbook/Sources/NotchFlowCore/ActivityLifecycle.swift /Users/ataozeren/Documents/GitHub/dynamic-island-for-macbook/Sources/NotchFlowCore/ActivityManager.swift /Users/ataozeren/Documents/GitHub/dynamic-island-for-macbook/Sources/NotchFlowCore/ActivityPriority.swift /Users/ataozeren/Documents/GitHub/dynamic-island-for-macbook/Sources/NotchFlowCore/ActivityProvider.swift /Users/ataozeren/Documents/GitHub/dynamic-island-for-macbook/Sources/NotchFlowCore/ActivityProviderIdentifier.swift /Users/ataozeren/Documents/GitHub/dynamic-island-for-macbook/Sources/NotchFlowCore/AppearancePreference.swift /Users/ataozeren/Documents/GitHub/dynamic-island-for-macbook/Sources/NotchFlowCore/AutoDismissDescriptor.swift /Users/ataozeren/Documents/GitHub/dynamic-island-for-macbook/Sources/NotchFlowCore/ChargingActivity.swift /Users/ataozeren/Documents/GitHub/dynamic-island-for-macbook/Sources/NotchFlowCore/DisplaySelection.swift /Users/ataozeren/Documents/GitHub/dynamic-island-for-macbook/Sources/NotchFlowCore/GeneralPreferences.swift /Users/ataozeren/Documents/GitHub/dynamic-island-for-macbook/Sources/NotchFlowCore/HookSnippetGenerator.swift /Users/ataozeren/Documents/GitHub/dynamic-island-for-macbook/Sources/NotchFlowCore/IPCMessage.swift /Users/ataozeren/Documents/GitHub/dynamic-island-for-macbook/Sources/NotchFlowCore/IPCURLParser.swift /Users/ataozeren/Documents/GitHub/dynamic-island-for-macbook/Sources/NotchFlowCore/LocalizedText.swift /Users/ataozeren/Documents/GitHub/dynamic-island-for-macbook/Sources/NotchFlowCore/LoopbackListenerPolicy.swift /Users/ataozeren/Documents/GitHub/dynamic-island-for-macbook/Sources/NotchFlowCore/ManualSetupInstructions.swift /Users/ataozeren/Documents/GitHub/dynamic-island-for-macbook/Sources/NotchFlowCore/MouseLocationObserving.swift /Users/ataozeren/Documents/GitHub/dynamic-island-for-macbook/Sources/NotchFlowCore/MusicActivity.swift /Users/ataozeren/Documents/GitHub/dynamic-island-for-macbook/Sources/NotchFlowCore/MusicAutomation.swift /Users/ataozeren/Documents/GitHub/dynamic-island-for-macbook/Sources/NotchFlowCore/NotchFlowCore.swift /Users/ataozeren/Documents/GitHub/dynamic-island-for-macbook/Sources/NotchFlowCore/NotchGeometry.swift /Users/ataozeren/Documents/GitHub/dynamic-island-for-macbook/Sources/NotchFlowCore/OnboardingFlow.swift /Users/ataozeren/Documents/GitHub/dynamic-island-for-macbook/Sources/NotchFlowCore/PanelGeometry.swift /Users/ataozeren/Documents/GitHub/dynamic-island-for-macbook/Sources/NotchFlowCore/PrimaryAction.swift /Users/ataozeren/Documents/GitHub/dynamic-island-for-macbook/Sources/NotchFlowCore/RecordingActivity.swift /Users/ataozeren/Documents/GitHub/dynamic-island-for-macbook/Sources/NotchFlowCore/ScreenChangeObserving.swift /Users/ataozeren/Documents/GitHub/dynamic-island-for-macbook/Sources/NotchFlowCore/SettingsKey.swift /Users/ataozeren/Documents/GitHub/dynamic-island-for-macbook/Sources/NotchFlowCore/TimerActivity.swift /Users/ataozeren/Documents/GitHub/dynamic-island-for-macbook/DerivedData/Task70Direct/Build/Intermediates.noindex/NotchFlow.build/Direct/NotchFlowCore.build/DerivedSources/GeneratedStringSymbols_Localizable.swift /Applications/Xcode.app/Contents/Developer/Toolchains/XcodeDefault.xctoolchain/usr/lib/swift/macosx/prebuilt-modules/26.5/_StringProcessing.swiftmodule/x86_64-apple-macos.swiftmodule /Applications/Xcode.app/Contents/Developer/Toolchains/XcodeDefault.xctoolchain/usr/lib/swift/macosx/prebuilt-modules/26.5/System.swiftmodule/x86_64-apple-macos.swiftmodule /Applications/Xcode.app/Contents/Developer/Toolchains/XcodeDefault.xctoolchain/usr/lib/swift/macosx/prebuilt-modules/26.5/CoreGraphics.swiftmodule/x86_64-apple-macos.swiftmodule /Applications/Xcode.app/Contents/Developer/Toolchains/XcodeDefault.xctoolchain/usr/lib/swift/macosx/prebuilt-modules/26.5/CoreFoundation.swiftmodule/x86_64-apple-macos.swiftmodule /Applications/Xcode.app/Contents/Developer/Toolchains/XcodeDefault.xctoolchain/usr/lib/swift/macosx/prebuilt-modules/26.5/_DarwinFoundation2.swiftmodule/x86_64-apple-macos.swiftmodule /Applications/Xcode.app/Contents/Developer/Toolchains/XcodeDefault.xctoolchain/usr/lib/swift/macosx/prebuilt-modules/26.5/_DarwinFoundation1.swiftmodule/x86_64-apple-macos.swiftmodule /Applications/Xcode.app/Contents/Developer/Toolchains/XcodeDefault.xctoolchain/usr/lib/swift/macosx/prebuilt-modules/26.5/_Concurrency.swiftmodule/x86_64-apple-macos.swiftmodule /Applications/Xcode.app/Contents/Developer/Toolchains/XcodeDefault.xctoolchain/usr/lib/swift/macosx/prebuilt-modules/26.5/Combine.swiftmodule/x86_64-apple-macos.swiftmodule /Applications/Xcode.app/Contents/Developer/Toolchains/XcodeDefault.xctoolchain/usr/lib/swift/macosx/prebuilt-modules/26.5/_Builtin_float.swiftmodule/x86_64-apple-macos.swiftmodule /Applications/Xcode.app/Contents/Developer/Toolchains/XcodeDefault.xctoolchain/usr/lib/swift/macosx/prebuilt-modules/26.5/Foundation.swiftmodule/x86_64-apple-macos.swiftmodule /Applications/Xcode.app/Contents/Developer/Toolchains/XcodeDefault.xctoolchain/usr/lib/swift/macosx/prebuilt-modules/26.5/Darwin.swiftmodule/x86_64-apple-macos.swiftmodule /Applications/Xcode.app/Contents/Developer/Toolchains/XcodeDefault.xctoolchain/usr/lib/swift/macosx/prebuilt-modules/26.5/Dispatch.swiftmodule/x86_64-apple-macos.swiftmodule /Applications/Xcode.app/Contents/Developer/Toolchains/XcodeDefault.xctoolchain/usr/lib/swift/macosx/prebuilt-modules/26.5/Swift.swiftmodule/x86_64-apple-macos.swiftmodule /Applications/Xcode.app/Contents/Developer/Toolchains/XcodeDefault.xctoolchain/usr/lib/swift/macosx/prebuilt-modules/26.5/ObjectiveC.swiftmodule/x86_64-apple-macos.swiftmodule /Applications/Xcode.app/Contents/Developer/Toolchains/XcodeDefault.xctoolchain/usr/lib/swift/macosx/prebuilt-modules/26.5/IOKit.swiftmodule/x86_64-apple-macos.swiftmodule /Applications/Xcode.app/Contents/Developer/Toolchains/XcodeDefault.xctoolchain/usr/lib/swift/macosx/prebuilt-modules/26.5/XPC.swiftmodule/x86_64-apple-macos.swiftmodule /Applications/Xcode.app/Contents/Developer/Toolchains/XcodeDefault.xctoolchain/usr/lib/swift/macosx/prebuilt-modules/26.5/_DarwinFoundation3.swiftmodule/x86_64-apple-macos.swiftmodule /Applications/Xcode.app/Contents/Developer/Toolchains/XcodeDefault.xctoolchain/usr/lib/swift/macosx/prebuilt-modules/26.5/Observation.swiftmodule/x86_64-apple-macos.swiftmodule /Users/ataozeren/Documents/GitHub/dynamic-island-for-macbook/DerivedData/Task70Direct/ModuleCache.noindex/sys_types-7ZH3LHF8PRX8MYAVV5HV6IJOS.pcm /Users/ataozeren/Documents/GitHub/dynamic-island-for-macbook/DerivedData/Task70Direct/ModuleCache.noindex/Darwin-6A1NBHB9KUAZ9TFBPUMXS8OD5.pcm /Users/ataozeren/Documents/GitHub/dynamic-island-for-macbook/DerivedData/Task70Direct/ModuleCache.noindex/_AvailabilityInternal-6RX7BCT2L4NH5KZQ7D2NS7SQ1.pcm /Users/ataozeren/Documents/GitHub/dynamic-island-for-macbook/DerivedData/Task70Direct/ModuleCache.noindex/_Builtin_stdint-5DIST2J7S82EB694TIA0OCJTS.pcm /Users/ataozeren/Documents/GitHub/dynamic-island-for-macbook/DerivedData/Task70Direct/ModuleCache.noindex/CFNetwork-6MP1ULCQXOS170883X6ZTEDL2.pcm /Users/ataozeren/Documents/GitHub/dynamic-island-for-macbook/DerivedData/Task70Direct/ModuleCache.noindex/_Builtin_inttypes-A422XMMGP7H4W4PIF2Q3RTKTG.pcm /Users/ataozeren/Documents/GitHub/dynamic-island-for-macbook/DerivedData/Task70Direct/ModuleCache.noindex/libDER-14PB39HIL4M0F40BN1JD0JQEJ.pcm /Users/ataozeren/Documents/GitHub/dynamic-island-for-macbook/DerivedData/Task70Direct/ModuleCache.noindex/IOKit-BNMQ56GZG92O5Y10DADVPYWVE.pcm /Users/ataozeren/Documents/GitHub/dynamic-island-for-macbook/DerivedData/Task70Direct/ModuleCache.noindex/CoreServices-87U4FDD5TWKZ88SNG55CR9U6H.pcm /Users/ataozeren/Documents/GitHub/dynamic-island-for-macbook/DerivedData/Task70Direct/ModuleCache.noindex/os_workgroup-7TRTCMDWA2Q1XSAKLLKNTF9KP.pcm /Users/ataozeren/Documents/GitHub/dynamic-island-for-macbook/DerivedData/Task70Direct/ModuleCache.noindex/_Builtin_float-2PK028GU6Z99XXL749SJ2W5W7.pcm /Users/ataozeren/Documents/GitHub/dynamic-island-for-macbook/DerivedData/Task70Direct/ModuleCache.noindex/SwiftShims-7P78W8JAWBPJJLUWN2VWMPE47.pcm /Users/ataozeren/Documents/GitHub/dynamic-island-for-macbook/DerivedData/Task70Direct/ModuleCache.noindex/launch-BMBSK279QH4CO4BA75DPZ9LOV.pcm /Users/ataozeren/Documents/GitHub/dynamic-island-for-macbook/DerivedData/Task70Direct/ModuleCache.noindex/XPC-9D7V24ZM8WQ4EHR302A3N4MQD.pcm /Users/ataozeren/Documents/GitHub/dynamic-island-for-macbook/DerivedData/Task70Direct/ModuleCache.noindex/ptrcheck-929ADE55KKLLZD7R93NGZWSVV.pcm /Users/ataozeren/Documents/GitHub/dynamic-island-for-macbook/DerivedData/Task70Direct/ModuleCache.noindex/_DarwinFoundation2-9ZROX50TBOR9L6RCK0D43F91U.pcm /Users/ataozeren/Documents/GitHub/dynamic-island-for-macbook/DerivedData/Task70Direct/ModuleCache.noindex/_DarwinFoundation1-9Y5QVN7VUAB3HR55HZK2DQF6B.pcm /Users/ataozeren/Documents/GitHub/dynamic-island-for-macbook/DerivedData/Task70Direct/ModuleCache.noindex/libkern-8TM40SHELUD1NL3KS9I9LCDIW.pcm /Users/ataozeren/Documents/GitHub/dynamic-island-for-macbook/DerivedData/Task70Direct/ModuleCache.noindex/_Builtin_intrinsics-70T6TW0EAL93YCCEYZ18L0QFI.pcm /Users/ataozeren/Documents/GitHub/dynamic-island-for-macbook/DerivedData/Task70Direct/ModuleCache.noindex/DiskArbitration-DGUNEBQ94B9PQ44BZEODMXYP1.pcm /Users/ataozeren/Documents/GitHub/dynamic-island-for-macbook/DerivedData/Task70Direct/ModuleCache.noindex/_Builtin_stdbool-83490WYRUVOFEXML7QKDTBFHL.pcm /Users/ataozeren/Documents/GitHub/dynamic-island-for-macbook/DerivedData/Task70Direct/ModuleCache.noindex/_Builtin_stddef-AUWDZCL0SVOPIRW1HEURWN6NI.pcm /Users/ataozeren/Documents/GitHub/dynamic-island-for-macbook/DerivedData/Task70Direct/ModuleCache.noindex/os_object-IEY7WZ8L6EKHGD8BU2H4O7VF.pcm /Users/ataozeren/Documents/GitHub/dynamic-island-for-macbook/DerivedData/Task70Direct/ModuleCache.noindex/ObjectiveC-2W3YJ8ZSJT18OEW6ZE3T0C184.pcm /Users/ataozeren/Documents/GitHub/dynamic-island-for-macbook/DerivedData/Task70Direct/ModuleCache.noindex/_Builtin_stdarg-1XELWSF3V86HVTM8H1LUVZRXW.pcm /Users/ataozeren/Documents/GitHub/dynamic-island-for-macbook/DerivedData/Task70Direct/ModuleCache.noindex/MachO-51F5HEF5JC1795OVW68O7J1FB.pcm /Users/ataozeren/Documents/GitHub/dynamic-island-for-macbook/DerivedData/Task70Direct/ModuleCache.noindex/Foundation-6L6U991MT4S8XWRGIPIH7CKKC.pcm /Users/ataozeren/Documents/GitHub/dynamic-island-for-macbook/DerivedData/Task70Direct/ModuleCache.noindex/Security-AYLC7BN8GALXAD9UUCLLJ4SCY.pcm /Users/ataozeren/Documents/GitHub/dynamic-island-for-macbook/DerivedData/Task70Direct/ModuleCache.noindex/_SwiftConcurrencyShims-6MRJAIXPXUW1QQEX0PNH5ECI1.pcm /Users/ataozeren/Documents/GitHub/dynamic-island-for-macbook/DerivedData/Task70Direct/ModuleCache.noindex/_DarwinFoundation3-BXKCXTR95FOQSRLWWCNGV787H.pcm /Users/ataozeren/Documents/GitHub/dynamic-island-for-macbook/DerivedData/Task70Direct/ModuleCache.noindex/CoreFoundation-D7WUG92UKJUYX3I0XK5CX72JY.pcm /Users/ataozeren/Documents/GitHub/dynamic-island-for-macbook/DerivedData/Task70Direct/ModuleCache.noindex/_Builtin_limits-BFU0FZYRGLSB2UXZOA08NPIQD.pcm /Users/ataozeren/Documents/GitHub/dynamic-island-for-macbook/DerivedData/Task70Direct/ModuleCache.noindex/ptrauth-DJNFEO7YDQNTC7B7I3O8YBKY5.pcm /Users/ataozeren/Documents/GitHub/dynamic-island-for-macbook/DerivedData/Task70Direct/ModuleCache.noindex/CoreGraphics-9IU7U995HHGUGN94ZJI0FYKFN.pcm /Users/ataozeren/Documents/GitHub/dynamic-island-for-macbook/DerivedData/Task70Direct/ModuleCache.noindex/Dispatch-AFKU51HGD6JZ4SBQ70HT4JZ0H.pcm /Users/ataozeren/Documents/GitHub/dynamic-island-for-macbook/DerivedData/Task70Direct/Build/Intermediates.noindex/NotchFlow.build/Direct/NotchFlowCore.build/Objects-normal/x86_64/NotchFlowCore-dependencies-2.json (in target 'NotchFlowCore' from project 'NotchFlow' at path '/Users/ataozeren/Documents/GitHub/dynamic-island-for-macbook/Package.swift')

CompileSwift normal x86_64 (in target 'NotchFlowCore' from project 'NotchFlow' at path '/Users/ataozeren/Documents/GitHub/dynamic-island-for-macbook/Package.swift')
    cd /Users/ataozeren/Documents/GitHub/dynamic-island-for-macbook/NotchFlow.xcodeproj


SwiftCompile normal arm64 Compiling\ resource_bundle_accessor.swift,\ AIAgentActivity.swift,\ AIAgentStateMachine.swift,\ AIEventClass.swift,\ AIIntegrationPreferences.swift,\ Activity.swift,\ ActivityIdentity.swift,\ ActivityKind.swift,\ ActivityLifecycle.swift,\ ActivityManager.swift,\ ActivityPriority.swift,\ ActivityProvider.swift,\ ActivityProviderIdentifier.swift,\ AppearancePreference.swift,\ AutoDismissDescriptor.swift,\ ChargingActivity.swift,\ DisplaySelection.swift,\ GeneralPreferences.swift,\ HookSnippetGenerator.swift,\ IPCMessage.swift,\ IPCURLParser.swift,\ LocalizedText.swift,\ LoopbackListenerPolicy.swift,\ ManualSetupInstructions.swift,\ MouseLocationObserving.swift,\ MusicActivity.swift,\ MusicAutomation.swift,\ NotchFlowCore.swift,\ NotchGeometry.swift,\ OnboardingFlow.swift,\ PanelGeometry.swift,\ PrimaryAction.swift,\ RecordingActivity.swift,\ ScreenChangeObserving.swift,\ SettingsKey.swift,\ TimerActivity.swift,\ GeneratedStringSymbols_Localizable.swift /Users/ataozeren/Documents/GitHub/dynamic-island-for-macbook/DerivedData/Task70Direct/Build/Intermediates.noindex/NotchFlow.build/Direct/NotchFlowCore.build/DerivedSources/resource_bundle_accessor.swift /Users/ataozeren/Documents/GitHub/dynamic-island-for-macbook/Sources/NotchFlowCore/AIAgentActivity.swift /Users/ataozeren/Documents/GitHub/dynamic-island-for-macbook/Sources/NotchFlowCore/AIAgentStateMachine.swift /Users/ataozeren/Documents/GitHub/dynamic-island-for-macbook/Sources/NotchFlowCore/AIEventClass.swift /Users/ataozeren/Documents/GitHub/dynamic-island-for-macbook/Sources/NotchFlowCore/AIIntegrationPreferences.swift /Users/ataozeren/Documents/GitHub/dynamic-island-for-macbook/Sources/NotchFlowCore/Activity.swift /Users/ataozeren/Documents/GitHub/dynamic-island-for-macbook/Sources/NotchFlowCore/ActivityIdentity.swift /Users/ataozeren/Documents/GitHub/dynamic-island-for-macbook/Sources/NotchFlowCore/ActivityKind.swift /Users/ataozeren/Documents/GitHub/dynamic-island-for-macbook/Sources/NotchFlowCore/ActivityLifecycle.swift /Users/ataozeren/Documents/GitHub/dynamic-island-for-macbook/Sources/NotchFlowCore/ActivityManager.swift /Users/ataozeren/Documents/GitHub/dynamic-island-for-macbook/Sources/NotchFlowCore/ActivityPriority.swift /Users/ataozeren/Documents/GitHub/dynamic-island-for-macbook/Sources/NotchFlowCore/ActivityProvider.swift /Users/ataozeren/Documents/GitHub/dynamic-island-for-macbook/Sources/NotchFlowCore/ActivityProviderIdentifier.swift /Users/ataozeren/Documents/GitHub/dynamic-island-for-macbook/Sources/NotchFlowCore/AppearancePreference.swift /Users/ataozeren/Documents/GitHub/dynamic-island-for-macbook/Sources/NotchFlowCore/AutoDismissDescriptor.swift /Users/ataozeren/Documents/GitHub/dynamic-island-for-macbook/Sources/NotchFlowCore/ChargingActivity.swift /Users/ataozeren/Documents/GitHub/dynamic-island-for-macbook/Sources/NotchFlowCore/DisplaySelection.swift /Users/ataozeren/Documents/GitHub/dynamic-island-for-macbook/Sources/NotchFlowCore/GeneralPreferences.swift /Users/ataozeren/Documents/GitHub/dynamic-island-for-macbook/Sources/NotchFlowCore/HookSnippetGenerator.swift /Users/ataozeren/Documents/GitHub/dynamic-island-for-macbook/Sources/NotchFlowCore/IPCMessage.swift /Users/ataozeren/Documents/GitHub/dynamic-island-for-macbook/Sources/NotchFlowCore/IPCURLParser.swift /Users/ataozeren/Documents/GitHub/dynamic-island-for-macbook/Sources/NotchFlowCore/LocalizedText.swift /Users/ataozeren/Documents/GitHub/dynamic-island-for-macbook/Sources/NotchFlowCore/LoopbackListenerPolicy.swift /Users/ataozeren/Documents/GitHub/dynamic-island-for-macbook/Sources/NotchFlowCore/ManualSetupInstructions.swift /Users/ataozeren/Documents/GitHub/dynamic-island-for-macbook/Sources/NotchFlowCore/MouseLocationObserving.swift /Users/ataozeren/Documents/GitHub/dynamic-island-for-macbook/Sources/NotchFlowCore/MusicActivity.swift /Users/ataozeren/Documents/GitHub/dynamic-island-for-macbook/Sources/NotchFlowCore/MusicAutomation.swift /Users/ataozeren/Documents/GitHub/dynamic-island-for-macbook/Sources/NotchFlowCore/NotchFlowCore.swift /Users/ataozeren/Documents/GitHub/dynamic-island-for-macbook/Sources/NotchFlowCore/NotchGeometry.swift /Users/ataozeren/Documents/GitHub/dynamic-island-for-macbook/Sources/NotchFlowCore/OnboardingFlow.swift /Users/ataozeren/Documents/GitHub/dynamic-island-for-macbook/Sources/NotchFlowCore/PanelGeometry.swift /Users/ataozeren/Documents/GitHub/dynamic-island-for-macbook/Sources/NotchFlowCore/PrimaryAction.swift /Users/ataozeren/Documents/GitHub/dynamic-island-for-macbook/Sources/NotchFlowCore/RecordingActivity.swift /Users/ataozeren/Documents/GitHub/dynamic-island-for-macbook/Sources/NotchFlowCore/ScreenChangeObserving.swift /Users/ataozeren/Documents/GitHub/dynamic-island-for-macbook/Sources/NotchFlowCore/SettingsKey.swift /Users/ataozeren/Documents/GitHub/dynamic-island-for-macbook/Sources/NotchFlowCore/TimerActivity.swift /Users/ataozeren/Documents/GitHub/dynamic-island-for-macbook/DerivedData/Task70Direct/Build/Intermediates.noindex/NotchFlow.build/Direct/NotchFlowCore.build/DerivedSources/GeneratedStringSymbols_Localizable.swift /Applications/Xcode.app/Contents/Developer/Toolchains/XcodeDefault.xctoolchain/usr/lib/swift/macosx/prebuilt-modules/26.5/Darwin.swiftmodule/arm64e-apple-macos.swiftmodule /Applications/Xcode.app/Contents/Developer/Toolchains/XcodeDefault.xctoolchain/usr/lib/swift/macosx/prebuilt-modules/26.5/_Concurrency.swiftmodule/arm64e-apple-macos.swiftmodule /Applications/Xcode.app/Contents/Developer/Toolchains/XcodeDefault.xctoolchain/usr/lib/swift/macosx/prebuilt-modules/26.5/_Builtin_float.swiftmodule/arm64e-apple-macos.swiftmodule /Applications/Xcode.app/Contents/Developer/Toolchains/XcodeDefault.xctoolchain/usr/lib/swift/macosx/prebuilt-modules/26.5/Foundation.swiftmodule/arm64e-apple-macos.swiftmodule /Applications/Xcode.app/Contents/Developer/Toolchains/XcodeDefault.xctoolchain/usr/lib/swift/macosx/prebuilt-modules/26.5/XPC.swiftmodule/arm64e-apple-macos.swiftmodule /Applications/Xcode.app/Contents/Developer/Toolchains/XcodeDefault.xctoolchain/usr/lib/swift/macosx/prebuilt-modules/26.5/ObjectiveC.swiftmodule/arm64e-apple-macos.swiftmodule /Applications/Xcode.app/Contents/Developer/Toolchains/XcodeDefault.xctoolchain/usr/lib/swift/macosx/prebuilt-modules/26.5/IOKit.swiftmodule/arm64e-apple-macos.swiftmodule /Applications/Xcode.app/Contents/Developer/Toolchains/XcodeDefault.xctoolchain/usr/lib/swift/macosx/prebuilt-modules/26.5/_StringProcessing.swiftmodule/arm64e-apple-macos.swiftmodule /Applications/Xcode.app/Contents/Developer/Toolchains/XcodeDefault.xctoolchain/usr/lib/swift/macosx/prebuilt-modules/26.5/System.swiftmodule/arm64e-apple-macos.swiftmodule /Applications/Xcode.app/Contents/Developer/Toolchains/XcodeDefault.xctoolchain/usr/lib/swift/macosx/prebuilt-modules/26.5/_DarwinFoundation2.swiftmodule/arm64e-apple-macos.swiftmodule /Applications/Xcode.app/Contents/Developer/Toolchains/XcodeDefault.xctoolchain/usr/lib/swift/macosx/prebuilt-modules/26.5/Swift.swiftmodule/arm64e-apple-macos.swiftmodule /Applications/Xcode.app/Contents/Developer/Toolchains/XcodeDefault.xctoolchain/usr/lib/swift/macosx/prebuilt-modules/26.5/CoreGraphics.swiftmodule/arm64e-apple-macos.swiftmodule /Applications/Xcode.app/Contents/Developer/Toolchains/XcodeDefault.xctoolchain/usr/lib/swift/macosx/prebuilt-modules/26.5/Combine.swiftmodule/arm64e-apple-macos.swiftmodule /Applications/Xcode.app/Contents/Developer/Toolchains/XcodeDefault.xctoolchain/usr/lib/swift/macosx/prebuilt-modules/26.5/Dispatch.swiftmodule/arm64e-apple-macos.swiftmodule /Applications/Xcode.app/Contents/Developer/Toolchains/XcodeDefault.xctoolchain/usr/lib/swift/macosx/prebuilt-modules/26.5/_DarwinFoundation1.swiftmodule/arm64e-apple-macos.swiftmodule /Applications/Xcode.app/Contents/Developer/Toolchains/XcodeDefault.xctoolchain/usr/lib/swift/macosx/prebuilt-modules/26.5/_DarwinFoundation3.swiftmodule/arm64e-apple-macos.swiftmodule /Applications/Xcode.app/Contents/Developer/Toolchains/XcodeDefault.xctoolchain/usr/lib/swift/macosx/prebuilt-modules/26.5/CoreFoundation.swiftmodule/arm64e-apple-macos.swiftmodule /Applications/Xcode.app/Contents/Developer/Toolchains/XcodeDefault.xctoolchain/usr/lib/swift/macosx/prebuilt-modules/26.5/Observation.swiftmodule/arm64e-apple-macos.swiftmodule /Users/ataozeren/Documents/GitHub/dynamic-island-for-macbook/DerivedData/Task70Direct/ModuleCache.noindex/_Builtin_stddef-5CVAECPU786V930UROGCJJDWP.pcm /Users/ataozeren/Documents/GitHub/dynamic-island-for-macbook/DerivedData/Task70Direct/ModuleCache.noindex/Foundation-2K4AVUSGFKCMVTIZNGODLF1SR.pcm /Users/ataozeren/Documents/GitHub/dynamic-island-for-macbook/DerivedData/Task70Direct/ModuleCache.noindex/CoreFoundation-8V936AZ60WTPY722S40KJZ3TD.pcm /Users/ataozeren/Documents/GitHub/dynamic-island-for-macbook/DerivedData/Task70Direct/ModuleCache.noindex/XPC-3TU4E36NAVZT5G35JHWLVZQCS.pcm /Users/ataozeren/Documents/GitHub/dynamic-island-for-macbook/DerivedData/Task70Direct/ModuleCache.noindex/_Builtin_limits-10IXLODS06KV1XQRNBBN8195K.pcm /Users/ataozeren/Documents/GitHub/dynamic-island-for-macbook/DerivedData/Task70Direct/ModuleCache.noindex/SwiftShims-3P0ROB412J5T61ZZAXGU15RT.pcm /Users/ataozeren/Documents/GitHub/dynamic-island-for-macbook/DerivedData/Task70Direct/ModuleCache.noindex/CoreGraphics-944ND8NPKK9DOPZI8H94BV6QD.pcm /Users/ataozeren/Documents/GitHub/dynamic-island-for-macbook/DerivedData/Task70Direct/ModuleCache.noindex/ObjectiveC-8G7XWAR7V58XHQMNKB2J6AR64.pcm /Users/ataozeren/Documents/GitHub/dynamic-island-for-macbook/DerivedData/Task70Direct/ModuleCache.noindex/sys_types-5PWG5HR72DS8NW3396TJHUA2I.pcm /Users/ataozeren/Documents/GitHub/dynamic-island-for-macbook/DerivedData/Task70Direct/ModuleCache.noindex/Dispatch-9FZZD51RH8LSAFDUITNR8X36L.pcm /Users/ataozeren/Documents/GitHub/dynamic-island-for-macbook/DerivedData/Task70Direct/ModuleCache.noindex/_SwiftConcurrencyShims-C1IL4P6PUCVYWO2NKVLOMTKAB.pcm /Users/ataozeren/Documents/GitHub/dynamic-island-for-macbook/DerivedData/Task70Direct/ModuleCache.noindex/_Builtin_stdbool-AEL9ZYGF4X1WKOOXOX83KLN2E.pcm /Users/ataozeren/Documents/GitHub/dynamic-island-for-macbook/DerivedData/Task70Direct/ModuleCache.noindex/libDER-BX2GBWUKPRWSBQBFTRFWQJHC4.pcm /Users/ataozeren/Documents/GitHub/dynamic-island-for-macbook/DerivedData/Task70Direct/ModuleCache.noindex/DiskArbitration-CXTU6MJCC8PO9LWNGBEDZT6LP.pcm /Users/ataozeren/Documents/GitHub/dynamic-island-for-macbook/DerivedData/Task70Direct/ModuleCache.noindex/Security-EABH7A0MOE88SXET3XHZRFNYB.pcm /Users/ataozeren/Documents/GitHub/dynamic-island-for-macbook/DerivedData/Task70Direct/ModuleCache.noindex/_AvailabilityInternal-B89UORNSYULXHXHH2YWCRUE8J.pcm /Users/ataozeren/Documents/GitHub/dynamic-island-for-macbook/DerivedData/Task70Direct/ModuleCache.noindex/ptrcheck-5BHHIZJXK9JUMA89P3V2VCZUH.pcm /Users/ataozeren/Documents/GitHub/dynamic-island-for-macbook/DerivedData/Task70Direct/ModuleCache.noindex/os_workgroup-5LN354FP0KAXXRT764WJMOGHN.pcm /Users/ataozeren/Documents/GitHub/dynamic-island-for-macbook/DerivedData/Task70Direct/ModuleCache.noindex/libkern-ALQR2H8H02LJFX4NZJUX2I1L0.pcm /Users/ataozeren/Documents/GitHub/dynamic-island-for-macbook/DerivedData/Task70Direct/ModuleCache.noindex/ptrauth-8IB99MEXWYU21IWP9TSOAVNT6.pcm /Users/ataozeren/Documents/GitHub/dynamic-island-for-macbook/DerivedData/Task70Direct/ModuleCache.noindex/Darwin-7R2MVZLPVSMAYU6EA5EC08IC9.pcm /Users/ataozeren/Documents/GitHub/dynamic-island-for-macbook/DerivedData/Task70Direct/ModuleCache.noindex/MachO-8IMZNNP4GNQY0JGLT4P6HGTG7.pcm /Users/ataozeren/Documents/GitHub/dynamic-island-for-macbook/DerivedData/Task70Direct/ModuleCache.noindex/_DarwinFoundation1-924449K1WK3ZAJMEDFYEJFC74.pcm /Users/ataozeren/Documents/GitHub/dynamic-island-for-macbook/DerivedData/Task70Direct/ModuleCache.noindex/CFNetwork-5KW2SFQUW3RCO5QTWX0SAVNT8.pcm /Users/ataozeren/Documents/GitHub/dynamic-island-for-macbook/DerivedData/Task70Direct/ModuleCache.noindex/launch-5MHVTJ3X2Y5FUX6EHAELD9G49.pcm /Users/ataozeren/Documents/GitHub/dynamic-island-for-macbook/DerivedData/Task70Direct/ModuleCache.noindex/_Builtin_stdint-2D2VMT9E59PXYVPPJUM3QEMTG.pcm /Users/ataozeren/Documents/GitHub/dynamic-island-for-macbook/DerivedData/Task70Direct/ModuleCache.noindex/_Builtin_stdarg-86L4XSM8B2V0P8VMPJDUWBE1K.pcm /Users/ataozeren/Documents/GitHub/dynamic-island-for-macbook/DerivedData/Task70Direct/ModuleCache.noindex/IOKit-6478WV7SJZ8NAWUEFE78M5YFG.pcm /Users/ataozeren/Documents/GitHub/dynamic-island-for-macbook/DerivedData/Task70Direct/ModuleCache.noindex/_DarwinFoundation3-83L5IQFODUTXGCTNQGY8RXWHR.pcm /Users/ataozeren/Documents/GitHub/dynamic-island-for-macbook/DerivedData/Task70Direct/ModuleCache.noindex/_Builtin_inttypes-5E9WHNLQOOZ6M06PAVO7FJ8KF.pcm /Users/ataozeren/Documents/GitHub/dynamic-island-for-macbook/DerivedData/Task70Direct/ModuleCache.noindex/_Builtin_float-2RQ53YIYHLBLWMWARW7S57XM8.pcm /Users/ataozeren/Documents/GitHub/dynamic-island-for-macbook/DerivedData/Task70Direct/ModuleCache.noindex/_DarwinFoundation2-10EBB7CPWG7QWW9VRGQ5OVYDK.pcm /Users/ataozeren/Documents/GitHub/dynamic-island-for-macbook/DerivedData/Task70Direct/ModuleCache.noindex/CoreServices-3IN83YT0CTVRE1X2TG0QRERFK.pcm /Users/ataozeren/Documents/GitHub/dynamic-island-for-macbook/DerivedData/Task70Direct/ModuleCache.noindex/os_object-54U75Z1VP0TOJJHFXTFDRAONX.pcm /Users/ataozeren/Documents/GitHub/dynamic-island-for-macbook/DerivedData/Task70Direct/Build/Intermediates.noindex/NotchFlow.build/Direct/NotchFlowCore.build/Objects-normal/arm64/NotchFlowCore-dependencies-1.json (in target 'NotchFlowCore' from project 'NotchFlow' at path '/Users/ataozeren/Documents/GitHub/dynamic-island-for-macbook/Package.swift')

CompileSwift normal arm64 (in target 'NotchFlowCore' from project 'NotchFlow' at path '/Users/ataozeren/Documents/GitHub/dynamic-island-for-macbook/Package.swift')
    cd /Users/ataozeren/Documents/GitHub/dynamic-island-for-macbook/NotchFlow.xcodeproj


SwiftDriverJobDiscovery normal arm64 Compiling resource_bundle_accessor.swift, AIAgentActivity.swift, AIAgentStateMachine.swift, AIEventClass.swift, AIIntegrationPreferences.swift, Activity.swift, ActivityIdentity.swift, ActivityKind.swift, ActivityLifecycle.swift, ActivityManager.swift, ActivityPriority.swift, ActivityProvider.swift, ActivityProviderIdentifier.swift, AppearancePreference.swift, AutoDismissDescriptor.swift, ChargingActivity.swift, DisplaySelection.swift, GeneralPreferences.swift, HookSnippetGenerator.swift, IPCMessage.swift, IPCURLParser.swift, LocalizedText.swift, LoopbackListenerPolicy.swift, ManualSetupInstructions.swift, MouseLocationObserving.swift, MusicActivity.swift, MusicAutomation.swift, NotchFlowCore.swift, NotchGeometry.swift, OnboardingFlow.swift, PanelGeometry.swift, PrimaryAction.swift, RecordingActivity.swift, ScreenChangeObserving.swift, SettingsKey.swift, TimerActivity.swift, GeneratedStringSymbols_Localizable.swift (in target 'NotchFlowCore' from project 'NotchFlow' at path '/Users/ataozeren/Documents/GitHub/dynamic-island-for-macbook/Package.swift')

SwiftDriver\ Compilation\ Requirements NotchFlowCore normal arm64 com.apple.xcode.tools.swift.compiler (in target 'NotchFlowCore' from project 'NotchFlow' at path '/Users/ataozeren/Documents/GitHub/dynamic-island-for-macbook/Package.swift')
    cd /Users/ataozeren/Documents/GitHub/dynamic-island-for-macbook/NotchFlow.xcodeproj
    builtin-Swift-Compilation-Requirements -- /Applications/Xcode.app/Contents/Developer/Toolchains/XcodeDefault.xctoolchain/usr/bin/swiftc -module-name NotchFlowCore -O -whole-module-optimization @/Users/ataozeren/Documents/GitHub/dynamic-island-for-macbook/DerivedData/Task70Direct/Build/Intermediates.noindex/NotchFlow.build/Direct/NotchFlowCore.build/Objects-normal/arm64/NotchFlowCore.SwiftFileList -DSWIFT_PACKAGE -DSWIFT_MODULE_RESOURCE_BUNDLE_AVAILABLE -DXcode -enable-upcoming-feature StrictConcurrency -plugin-path /Applications/Xcode.app/Contents/Developer/Toolchains/XcodeDefault.xctoolchain/usr/lib/swift/host/plugins/testing -enable-experimental-feature DebugDescriptionMacro -sdk /Applications/Xcode.app/Contents/Developer/Platforms/MacOSX.platform/Developer/SDKs/MacOSX26.5.sdk -target arm64-apple-macos14.0 -g -module-cache-path /Users/ataozeren/Documents/GitHub/dynamic-island-for-macbook/DerivedData/Task70Direct/ModuleCache.noindex -Xfrontend -serialize-debugging-options -suppress-warnings -swift-version 6 -I /Users/ataozeren/Documents/GitHub/dynamic-island-for-macbook/DerivedData/Task70Direct/Build/Products/Direct -Isystem /Applications/Xcode.app/Contents/Developer/Platforms/MacOSX.platform/Developer/usr/lib -F /Users/ataozeren/Documents/GitHub/dynamic-island-for-macbook/DerivedData/Task70Direct/Build/Products/Direct -F /Applications/Xcode.app/Contents/Developer/Platforms/MacOSX.platform/Developer/Library/Frameworks -emit-localized-strings -emit-localized-strings-path /Users/ataozeren/Documents/GitHub/dynamic-island-for-macbook/DerivedData/Task70Direct/Build/Intermediates.noindex/NotchFlow.build/Direct/NotchFlowCore.build/Objects-normal/arm64 -c -num-threads 10 -Xcc -ivfsstatcache -Xcc /Users/ataozeren/Documents/GitHub/dynamic-island-for-macbook/DerivedData/Task70Direct/SDKStatCaches.noindex/macosx26.5-25F70-e082c4a02f00227109f4ed75e425c832.sdkstatcache -output-file-map /Users/ataozeren/Documents/GitHub/dynamic-island-for-macbook/DerivedData/Task70Direct/Build/Intermediates.noindex/NotchFlow.build/Direct/NotchFlowCore.build/Objects-normal/arm64/NotchFlowCore-OutputFileMap.json -use-frontend-parseable-output -save-temps -no-color-diagnostics -explicit-module-build -module-cache-path /Users/ataozeren/Documents/GitHub/dynamic-island-for-macbook/DerivedData/Task70Direct/Build/Intermediates.noindex/SwiftExplicitPrecompiledModules -clang-scanner-module-cache-path /Users/ataozeren/Documents/GitHub/dynamic-island-for-macbook/DerivedData/Task70Direct/ModuleCache.noindex -sdk-module-cache-path /Users/ataozeren/Documents/GitHub/dynamic-island-for-macbook/DerivedData/Task70Direct/ModuleCache.noindex -serialize-diagnostics -emit-dependencies -emit-module -emit-module-path /Users/ataozeren/Documents/GitHub/dynamic-island-for-macbook/DerivedData/Task70Direct/Build/Intermediates.noindex/NotchFlow.build/Direct/NotchFlowCore.build/Objects-normal/arm64/NotchFlowCore.swiftmodule -validate-clang-modules-once -clang-build-session-file /Users/ataozeren/Documents/GitHub/dynamic-island-for-macbook/DerivedData/Task70Direct/ModuleCache.noindex/Session.modulevalidation -package-name dynamic_island_for_macbook -Xcc -I/Users/ataozeren/Documents/GitHub/dynamic-island-for-macbook/DerivedData/Task70Direct/Build/Intermediates.noindex/NotchFlow.build/Direct/NotchFlowCore.build/swift-overrides.hmap -emit-const-values -Xfrontend -const-gather-protocols-file -Xfrontend /Users/ataozeren/Documents/GitHub/dynamic-island-for-macbook/DerivedData/Task70Direct/Build/Intermediates.noindex/NotchFlow.build/Direct/NotchFlowCore.build/Objects-normal/arm64/NotchFlowCore_const_extract_protocols.json -Xcc -I/Users/ataozeren/Documents/GitHub/dynamic-island-for-macbook/DerivedData/Task70Direct/Build/Products/Direct/include -Xcc -I/Users/ataozeren/Documents/GitHub/dynamic-island-for-macbook/DerivedData/Task70Direct/Build/Intermediates.noindex/NotchFlow.build/Direct/NotchFlowCore.build/DerivedSources-normal/arm64 -Xcc -I/Users/ataozeren/Documents/GitHub/dynamic-island-for-macbook/DerivedData/Task70Direct/Build/Intermediates.noindex/NotchFlow.build/Direct/NotchFlowCore.build/DerivedSources/arm64 -Xcc -I/Users/ataozeren/Documents/GitHub/dynamic-island-for-macbook/DerivedData/Task70Direct/Build/Intermediates.noindex/NotchFlow.build/Direct/NotchFlowCore.build/DerivedSources -Xcc -DSWIFT_PACKAGE -emit-objc-header -emit-objc-header-path /Users/ataozeren/Documents/GitHub/dynamic-island-for-macbook/DerivedData/Task70Direct/Build/Intermediates.noindex/NotchFlow.build/Direct/NotchFlowCore.build/Objects-normal/arm64/NotchFlowCore-Swift.h -working-directory /Users/ataozeren/Documents/GitHub/dynamic-island-for-macbook/NotchFlow.xcodeproj -no-emit-module-separately-wmo

Copy /Users/ataozeren/Documents/GitHub/dynamic-island-for-macbook/DerivedData/Task70Direct/Build/Products/Direct/NotchFlowCore.swiftmodule/arm64-apple-macos.abi.json /Users/ataozeren/Documents/GitHub/dynamic-island-for-macbook/DerivedData/Task70Direct/Build/Intermediates.noindex/NotchFlow.build/Direct/NotchFlowCore.build/Objects-normal/arm64/NotchFlowCore.abi.json (in target 'NotchFlowCore' from project 'NotchFlow' at path '/Users/ataozeren/Documents/GitHub/dynamic-island-for-macbook/Package.swift')
    cd /Users/ataozeren/Documents/GitHub/dynamic-island-for-macbook
    builtin-copy -exclude .DS_Store -exclude CVS -exclude .svn -exclude .git -exclude .hg -strip-unsigned-binaries -strip-deterministic -strip-tool /Applications/Xcode.app/Contents/Developer/Toolchains/XcodeDefault.xctoolchain/usr/bin/strip -resolve-src-symlinks -rename /Users/ataozeren/Documents/GitHub/dynamic-island-for-macbook/DerivedData/Task70Direct/Build/Intermediates.noindex/NotchFlow.build/Direct/NotchFlowCore.build/Objects-normal/arm64/NotchFlowCore.abi.json /Users/ataozeren/Documents/GitHub/dynamic-island-for-macbook/DerivedData/Task70Direct/Build/Products/Direct/NotchFlowCore.swiftmodule/arm64-apple-macos.abi.json

Copy /Users/ataozeren/Documents/GitHub/dynamic-island-for-macbook/DerivedData/Task70Direct/Build/Products/Direct/NotchFlowCore.swiftmodule/arm64-apple-macos.swiftdoc /Users/ataozeren/Documents/GitHub/dynamic-island-for-macbook/DerivedData/Task70Direct/Build/Intermediates.noindex/NotchFlow.build/Direct/NotchFlowCore.build/Objects-normal/arm64/NotchFlowCore.swiftdoc (in target 'NotchFlowCore' from project 'NotchFlow' at path '/Users/ataozeren/Documents/GitHub/dynamic-island-for-macbook/Package.swift')
    cd /Users/ataozeren/Documents/GitHub/dynamic-island-for-macbook
    builtin-copy -exclude .DS_Store -exclude CVS -exclude .svn -exclude .git -exclude .hg -strip-unsigned-binaries -strip-deterministic -strip-tool /Applications/Xcode.app/Contents/Developer/Toolchains/XcodeDefault.xctoolchain/usr/bin/strip -resolve-src-symlinks -rename /Users/ataozeren/Documents/GitHub/dynamic-island-for-macbook/DerivedData/Task70Direct/Build/Intermediates.noindex/NotchFlow.build/Direct/NotchFlowCore.build/Objects-normal/arm64/NotchFlowCore.swiftdoc /Users/ataozeren/Documents/GitHub/dynamic-island-for-macbook/DerivedData/Task70Direct/Build/Products/Direct/NotchFlowCore.swiftmodule/arm64-apple-macos.swiftdoc

Copy /Users/ataozeren/Documents/GitHub/dynamic-island-for-macbook/DerivedData/Task70Direct/Build/Products/Direct/NotchFlowCore.swiftmodule/arm64-apple-macos.swiftmodule /Users/ataozeren/Documents/GitHub/dynamic-island-for-macbook/DerivedData/Task70Direct/Build/Intermediates.noindex/NotchFlow.build/Direct/NotchFlowCore.build/Objects-normal/arm64/NotchFlowCore.swiftmodule (in target 'NotchFlowCore' from project 'NotchFlow' at path '/Users/ataozeren/Documents/GitHub/dynamic-island-for-macbook/Package.swift')
    cd /Users/ataozeren/Documents/GitHub/dynamic-island-for-macbook
    builtin-copy -exclude .DS_Store -exclude CVS -exclude .svn -exclude .git -exclude .hg -strip-unsigned-binaries -strip-deterministic -strip-tool /Applications/Xcode.app/Contents/Developer/Toolchains/XcodeDefault.xctoolchain/usr/bin/strip -resolve-src-symlinks -rename /Users/ataozeren/Documents/GitHub/dynamic-island-for-macbook/DerivedData/Task70Direct/Build/Intermediates.noindex/NotchFlow.build/Direct/NotchFlowCore.build/Objects-normal/arm64/NotchFlowCore.swiftmodule /Users/ataozeren/Documents/GitHub/dynamic-island-for-macbook/DerivedData/Task70Direct/Build/Products/Direct/NotchFlowCore.swiftmodule/arm64-apple-macos.swiftmodule

Copy /Users/ataozeren/Documents/GitHub/dynamic-island-for-macbook/DerivedData/Task70Direct/Build/Products/Direct/NotchFlowCore.swiftmodule/Project/arm64-apple-macos.swiftsourceinfo /Users/ataozeren/Documents/GitHub/dynamic-island-for-macbook/DerivedData/Task70Direct/Build/Intermediates.noindex/NotchFlow.build/Direct/NotchFlowCore.build/Objects-normal/arm64/NotchFlowCore.swiftsourceinfo (in target 'NotchFlowCore' from project 'NotchFlow' at path '/Users/ataozeren/Documents/GitHub/dynamic-island-for-macbook/Package.swift')
    cd /Users/ataozeren/Documents/GitHub/dynamic-island-for-macbook
    builtin-copy -exclude .DS_Store -exclude CVS -exclude .svn -exclude .git -exclude .hg -strip-unsigned-binaries -strip-deterministic -strip-tool /Applications/Xcode.app/Contents/Developer/Toolchains/XcodeDefault.xctoolchain/usr/bin/strip -resolve-src-symlinks -rename /Users/ataozeren/Documents/GitHub/dynamic-island-for-macbook/DerivedData/Task70Direct/Build/Intermediates.noindex/NotchFlow.build/Direct/NotchFlowCore.build/Objects-normal/arm64/NotchFlowCore.swiftsourceinfo /Users/ataozeren/Documents/GitHub/dynamic-island-for-macbook/DerivedData/Task70Direct/Build/Products/Direct/NotchFlowCore.swiftmodule/Project/arm64-apple-macos.swiftsourceinfo

SwiftDriverJobDiscovery normal x86_64 Compiling resource_bundle_accessor.swift, AIAgentActivity.swift, AIAgentStateMachine.swift, AIEventClass.swift, AIIntegrationPreferences.swift, Activity.swift, ActivityIdentity.swift, ActivityKind.swift, ActivityLifecycle.swift, ActivityManager.swift, ActivityPriority.swift, ActivityProvider.swift, ActivityProviderIdentifier.swift, AppearancePreference.swift, AutoDismissDescriptor.swift, ChargingActivity.swift, DisplaySelection.swift, GeneralPreferences.swift, HookSnippetGenerator.swift, IPCMessage.swift, IPCURLParser.swift, LocalizedText.swift, LoopbackListenerPolicy.swift, ManualSetupInstructions.swift, MouseLocationObserving.swift, MusicActivity.swift, MusicAutomation.swift, NotchFlowCore.swift, NotchGeometry.swift, OnboardingFlow.swift, PanelGeometry.swift, PrimaryAction.swift, RecordingActivity.swift, ScreenChangeObserving.swift, SettingsKey.swift, TimerActivity.swift, GeneratedStringSymbols_Localizable.swift (in target 'NotchFlowCore' from project 'NotchFlow' at path '/Users/ataozeren/Documents/GitHub/dynamic-island-for-macbook/Package.swift')

SwiftDriver\ Compilation\ Requirements NotchFlowCore normal x86_64 com.apple.xcode.tools.swift.compiler (in target 'NotchFlowCore' from project 'NotchFlow' at path '/Users/ataozeren/Documents/GitHub/dynamic-island-for-macbook/Package.swift')
    cd /Users/ataozeren/Documents/GitHub/dynamic-island-for-macbook/NotchFlow.xcodeproj
    builtin-Swift-Compilation-Requirements -- /Applications/Xcode.app/Contents/Developer/Toolchains/XcodeDefault.xctoolchain/usr/bin/swiftc -module-name NotchFlowCore -O -whole-module-optimization @/Users/ataozeren/Documents/GitHub/dynamic-island-for-macbook/DerivedData/Task70Direct/Build/Intermediates.noindex/NotchFlow.build/Direct/NotchFlowCore.build/Objects-normal/x86_64/NotchFlowCore.SwiftFileList -DSWIFT_PACKAGE -DSWIFT_MODULE_RESOURCE_BUNDLE_AVAILABLE -DXcode -enable-upcoming-feature StrictConcurrency -plugin-path /Applications/Xcode.app/Contents/Developer/Toolchains/XcodeDefault.xctoolchain/usr/lib/swift/host/plugins/testing -enable-experimental-feature DebugDescriptionMacro -sdk /Applications/Xcode.app/Contents/Developer/Platforms/MacOSX.platform/Developer/SDKs/MacOSX26.5.sdk -target x86_64-apple-macos14.0 -g -module-cache-path /Users/ataozeren/Documents/GitHub/dynamic-island-for-macbook/DerivedData/Task70Direct/ModuleCache.noindex -Xfrontend -serialize-debugging-options -suppress-warnings -swift-version 6 -I /Users/ataozeren/Documents/GitHub/dynamic-island-for-macbook/DerivedData/Task70Direct/Build/Products/Direct -Isystem /Applications/Xcode.app/Contents/Developer/Platforms/MacOSX.platform/Developer/usr/lib -F /Users/ataozeren/Documents/GitHub/dynamic-island-for-macbook/DerivedData/Task70Direct/Build/Products/Direct -F /Applications/Xcode.app/Contents/Developer/Platforms/MacOSX.platform/Developer/Library/Frameworks -emit-localized-strings -emit-localized-strings-path /Users/ataozeren/Documents/GitHub/dynamic-island-for-macbook/DerivedData/Task70Direct/Build/Intermediates.noindex/NotchFlow.build/Direct/NotchFlowCore.build/Objects-normal/x86_64 -c -num-threads 10 -Xcc -ivfsstatcache -Xcc /Users/ataozeren/Documents/GitHub/dynamic-island-for-macbook/DerivedData/Task70Direct/SDKStatCaches.noindex/macosx26.5-25F70-e082c4a02f00227109f4ed75e425c832.sdkstatcache -output-file-map /Users/ataozeren/Documents/GitHub/dynamic-island-for-macbook/DerivedData/Task70Direct/Build/Intermediates.noindex/NotchFlow.build/Direct/NotchFlowCore.build/Objects-normal/x86_64/NotchFlowCore-OutputFileMap.json -use-frontend-parseable-output -save-temps -no-color-diagnostics -explicit-module-build -module-cache-path /Users/ataozeren/Documents/GitHub/dynamic-island-for-macbook/DerivedData/Task70Direct/Build/Intermediates.noindex/SwiftExplicitPrecompiledModules -clang-scanner-module-cache-path /Users/ataozeren/Documents/GitHub/dynamic-island-for-macbook/DerivedData/Task70Direct/ModuleCache.noindex -sdk-module-cache-path /Users/ataozeren/Documents/GitHub/dynamic-island-for-macbook/DerivedData/Task70Direct/ModuleCache.noindex -serialize-diagnostics -emit-dependencies -emit-module -emit-module-path /Users/ataozeren/Documents/GitHub/dynamic-island-for-macbook/DerivedData/Task70Direct/Build/Intermediates.noindex/NotchFlow.build/Direct/NotchFlowCore.build/Objects-normal/x86_64/NotchFlowCore.swiftmodule -validate-clang-modules-once -clang-build-session-file /Users/ataozeren/Documents/GitHub/dynamic-island-for-macbook/DerivedData/Task70Direct/ModuleCache.noindex/Session.modulevalidation -package-name dynamic_island_for_macbook -Xcc -I/Users/ataozeren/Documents/GitHub/dynamic-island-for-macbook/DerivedData/Task70Direct/Build/Intermediates.noindex/NotchFlow.build/Direct/NotchFlowCore.build/swift-overrides.hmap -emit-const-values -Xfrontend -const-gather-protocols-file -Xfrontend /Users/ataozeren/Documents/GitHub/dynamic-island-for-macbook/DerivedData/Task70Direct/Build/Intermediates.noindex/NotchFlow.build/Direct/NotchFlowCore.build/Objects-normal/x86_64/NotchFlowCore_const_extract_protocols.json -Xcc -I/Users/ataozeren/Documents/GitHub/dynamic-island-for-macbook/DerivedData/Task70Direct/Build/Products/Direct/include -Xcc -I/Users/ataozeren/Documents/GitHub/dynamic-island-for-macbook/DerivedData/Task70Direct/Build/Intermediates.noindex/NotchFlow.build/Direct/NotchFlowCore.build/DerivedSources-normal/x86_64 -Xcc -I/Users/ataozeren/Documents/GitHub/dynamic-island-for-macbook/DerivedData/Task70Direct/Build/Intermediates.noindex/NotchFlow.build/Direct/NotchFlowCore.build/DerivedSources/x86_64 -Xcc -I/Users/ataozeren/Documents/GitHub/dynamic-island-for-macbook/DerivedData/Task70Direct/Build/Intermediates.noindex/NotchFlow.build/Direct/NotchFlowCore.build/DerivedSources -Xcc -DSWIFT_PACKAGE -emit-objc-header -emit-objc-header-path /Users/ataozeren/Documents/GitHub/dynamic-island-for-macbook/DerivedData/Task70Direct/Build/Intermediates.noindex/NotchFlow.build/Direct/NotchFlowCore.build/Objects-normal/x86_64/NotchFlowCore-Swift.h -working-directory /Users/ataozeren/Documents/GitHub/dynamic-island-for-macbook/NotchFlow.xcodeproj -no-emit-module-separately-wmo

SwiftMergeGeneratedHeaders /Users/ataozeren/Documents/GitHub/dynamic-island-for-macbook/DerivedData/Task70Direct/Build/Intermediates.noindex/GeneratedModuleMaps/NotchFlowCore-Swift.h /Users/ataozeren/Documents/GitHub/dynamic-island-for-macbook/DerivedData/Task70Direct/Build/Intermediates.noindex/NotchFlow.build/Direct/NotchFlowCore.build/Objects-normal/arm64/NotchFlowCore-Swift.h /Users/ataozeren/Documents/GitHub/dynamic-island-for-macbook/DerivedData/Task70Direct/Build/Intermediates.noindex/NotchFlow.build/Direct/NotchFlowCore.build/Objects-normal/x86_64/NotchFlowCore-Swift.h (in target 'NotchFlowCore' from project 'NotchFlow' at path '/Users/ataozeren/Documents/GitHub/dynamic-island-for-macbook/Package.swift')
    cd /Users/ataozeren/Documents/GitHub/dynamic-island-for-macbook
    builtin-swiftHeaderTool -arch arm64 /Users/ataozeren/Documents/GitHub/dynamic-island-for-macbook/DerivedData/Task70Direct/Build/Intermediates.noindex/NotchFlow.build/Direct/NotchFlowCore.build/Objects-normal/arm64/NotchFlowCore-Swift.h -arch x86_64 /Users/ataozeren/Documents/GitHub/dynamic-island-for-macbook/DerivedData/Task70Direct/Build/Intermediates.noindex/NotchFlow.build/Direct/NotchFlowCore.build/Objects-normal/x86_64/NotchFlowCore-Swift.h -o /Users/ataozeren/Documents/GitHub/dynamic-island-for-macbook/DerivedData/Task70Direct/Build/Intermediates.noindex/GeneratedModuleMaps/NotchFlowCore-Swift.h

Copy /Users/ataozeren/Documents/GitHub/dynamic-island-for-macbook/DerivedData/Task70Direct/Build/Products/Direct/NotchFlowCore.swiftmodule/x86_64-apple-macos.swiftmodule /Users/ataozeren/Documents/GitHub/dynamic-island-for-macbook/DerivedData/Task70Direct/Build/Intermediates.noindex/NotchFlow.build/Direct/NotchFlowCore.build/Objects-normal/x86_64/NotchFlowCore.swiftmodule (in target 'NotchFlowCore' from project 'NotchFlow' at path '/Users/ataozeren/Documents/GitHub/dynamic-island-for-macbook/Package.swift')
    cd /Users/ataozeren/Documents/GitHub/dynamic-island-for-macbook
    builtin-copy -exclude .DS_Store -exclude CVS -exclude .svn -exclude .git -exclude .hg -strip-unsigned-binaries -strip-deterministic -strip-tool /Applications/Xcode.app/Contents/Developer/Toolchains/XcodeDefault.xctoolchain/usr/bin/strip -resolve-src-symlinks -rename /Users/ataozeren/Documents/GitHub/dynamic-island-for-macbook/DerivedData/Task70Direct/Build/Intermediates.noindex/NotchFlow.build/Direct/NotchFlowCore.build/Objects-normal/x86_64/NotchFlowCore.swiftmodule /Users/ataozeren/Documents/GitHub/dynamic-island-for-macbook/DerivedData/Task70Direct/Build/Products/Direct/NotchFlowCore.swiftmodule/x86_64-apple-macos.swiftmodule

Copy /Users/ataozeren/Documents/GitHub/dynamic-island-for-macbook/DerivedData/Task70Direct/Build/Products/Direct/NotchFlowCore.swiftmodule/x86_64-apple-macos.swiftdoc /Users/ataozeren/Documents/GitHub/dynamic-island-for-macbook/DerivedData/Task70Direct/Build/Intermediates.noindex/NotchFlow.build/Direct/NotchFlowCore.build/Objects-normal/x86_64/NotchFlowCore.swiftdoc (in target 'NotchFlowCore' from project 'NotchFlow' at path '/Users/ataozeren/Documents/GitHub/dynamic-island-for-macbook/Package.swift')
    cd /Users/ataozeren/Documents/GitHub/dynamic-island-for-macbook
    builtin-copy -exclude .DS_Store -exclude CVS -exclude .svn -exclude .git -exclude .hg -strip-unsigned-binaries -strip-deterministic -strip-tool /Applications/Xcode.app/Contents/Developer/Toolchains/XcodeDefault.xctoolchain/usr/bin/strip -resolve-src-symlinks -rename /Users/ataozeren/Documents/GitHub/dynamic-island-for-macbook/DerivedData/Task70Direct/Build/Intermediates.noindex/NotchFlow.build/Direct/NotchFlowCore.build/Objects-normal/x86_64/NotchFlowCore.swiftdoc /Users/ataozeren/Documents/GitHub/dynamic-island-for-macbook/DerivedData/Task70Direct/Build/Products/Direct/NotchFlowCore.swiftmodule/x86_64-apple-macos.swiftdoc

Copy /Users/ataozeren/Documents/GitHub/dynamic-island-for-macbook/DerivedData/Task70Direct/Build/Products/Direct/NotchFlowCore.swiftmodule/x86_64-apple-macos.abi.json /Users/ataozeren/Documents/GitHub/dynamic-island-for-macbook/DerivedData/Task70Direct/Build/Intermediates.noindex/NotchFlow.build/Direct/NotchFlowCore.build/Objects-normal/x86_64/NotchFlowCore.abi.json (in target 'NotchFlowCore' from project 'NotchFlow' at path '/Users/ataozeren/Documents/GitHub/dynamic-island-for-macbook/Package.swift')
    cd /Users/ataozeren/Documents/GitHub/dynamic-island-for-macbook
    builtin-copy -exclude .DS_Store -exclude CVS -exclude .svn -exclude .git -exclude .hg -strip-unsigned-binaries -strip-deterministic -strip-tool /Applications/Xcode.app/Contents/Developer/Toolchains/XcodeDefault.xctoolchain/usr/bin/strip -resolve-src-symlinks -rename /Users/ataozeren/Documents/GitHub/dynamic-island-for-macbook/DerivedData/Task70Direct/Build/Intermediates.noindex/NotchFlow.build/Direct/NotchFlowCore.build/Objects-normal/x86_64/NotchFlowCore.abi.json /Users/ataozeren/Documents/GitHub/dynamic-island-for-macbook/DerivedData/Task70Direct/Build/Products/Direct/NotchFlowCore.swiftmodule/x86_64-apple-macos.abi.json

Copy /Users/ataozeren/Documents/GitHub/dynamic-island-for-macbook/DerivedData/Task70Direct/Build/Products/Direct/NotchFlowCore.swiftmodule/Project/x86_64-apple-macos.swiftsourceinfo /Users/ataozeren/Documents/GitHub/dynamic-island-for-macbook/DerivedData/Task70Direct/Build/Intermediates.noindex/NotchFlow.build/Direct/NotchFlowCore.build/Objects-normal/x86_64/NotchFlowCore.swiftsourceinfo (in target 'NotchFlowCore' from project 'NotchFlow' at path '/Users/ataozeren/Documents/GitHub/dynamic-island-for-macbook/Package.swift')
    cd /Users/ataozeren/Documents/GitHub/dynamic-island-for-macbook
    builtin-copy -exclude .DS_Store -exclude CVS -exclude .svn -exclude .git -exclude .hg -strip-unsigned-binaries -strip-deterministic -strip-tool /Applications/Xcode.app/Contents/Developer/Toolchains/XcodeDefault.xctoolchain/usr/bin/strip -resolve-src-symlinks -rename /Users/ataozeren/Documents/GitHub/dynamic-island-for-macbook/DerivedData/Task70Direct/Build/Intermediates.noindex/NotchFlow.build/Direct/NotchFlowCore.build/Objects-normal/x86_64/NotchFlowCore.swiftsourceinfo /Users/ataozeren/Documents/GitHub/dynamic-island-for-macbook/DerivedData/Task70Direct/Build/Products/Direct/NotchFlowCore.swiftmodule/Project/x86_64-apple-macos.swiftsourceinfo

Ld /Users/ataozeren/Documents/GitHub/dynamic-island-for-macbook/DerivedData/Task70Direct/Build/Intermediates.noindex/NotchFlow.build/Direct/NotchFlowCore.build/Objects-normal/arm64/Binary/NotchFlowCore.o normal arm64 (in target 'NotchFlowCore' from project 'NotchFlow' at path '/Users/ataozeren/Documents/GitHub/dynamic-island-for-macbook/Package.swift')
    cd /Users/ataozeren/Documents/GitHub/dynamic-island-for-macbook
    /Applications/Xcode.app/Contents/Developer/Toolchains/XcodeDefault.xctoolchain/usr/bin/clang -Xlinker -reproducible -target arm64-apple-macos14.0 -r -isysroot /Applications/Xcode.app/Contents/Developer/Platforms/MacOSX.platform/Developer/SDKs/MacOSX26.5.sdk -Os -w -F/Users/ataozeren/Documents/GitHub/dynamic-island-for-macbook/DerivedData/Task70Direct/Build/Intermediates.noindex/EagerLinkingTBDs/Direct -F/Users/ataozeren/Documents/GitHub/dynamic-island-for-macbook/DerivedData/Task70Direct/Build/Products/Direct -iframework /Applications/Xcode.app/Contents/Developer/Platforms/MacOSX.platform/Developer/Library/Frameworks -filelist /Users/ataozeren/Documents/GitHub/dynamic-island-for-macbook/DerivedData/Task70Direct/Build/Intermediates.noindex/NotchFlow.build/Direct/NotchFlowCore.build/Objects-normal/arm64/NotchFlowCore.LinkFileList -nostdlib -Xlinker -object_path_lto -Xlinker /Users/ataozeren/Documents/GitHub/dynamic-island-for-macbook/DerivedData/Task70Direct/Build/Intermediates.noindex/NotchFlow.build/Direct/NotchFlowCore.build/Objects-normal/arm64/NotchFlowCore_lto.o -Xlinker -dependency_info -Xlinker /Users/ataozeren/Documents/GitHub/dynamic-island-for-macbook/DerivedData/Task70Direct/Build/Intermediates.noindex/NotchFlow.build/Direct/NotchFlowCore.build/Objects-normal/arm64/NotchFlowCore_dependency_info.dat -fobjc-link-runtime -L/Applications/Xcode.app/Contents/Developer/Toolchains/XcodeDefault.xctoolchain/usr/lib/swift/macosx -L/usr/lib/swift -Xlinker -add_ast_path -Xlinker /Users/ataozeren/Documents/GitHub/dynamic-island-for-macbook/DerivedData/Task70Direct/Build/Intermediates.noindex/NotchFlow.build/Direct/NotchFlowCore.build/Objects-normal/arm64/NotchFlowCore.swiftmodule @/Users/ataozeren/Documents/GitHub/dynamic-island-for-macbook/DerivedData/Task70Direct/Build/Intermediates.noindex/NotchFlow.build/Direct/NotchFlowCore.build/Objects-normal/arm64/NotchFlowCore-linker-args.resp -o /Users/ataozeren/Documents/GitHub/dynamic-island-for-macbook/DerivedData/Task70Direct/Build/Intermediates.noindex/NotchFlow.build/Direct/NotchFlowCore.build/Objects-normal/arm64/Binary/NotchFlowCore.o

Ld /Users/ataozeren/Documents/GitHub/dynamic-island-for-macbook/DerivedData/Task70Direct/Build/Intermediates.noindex/NotchFlow.build/Direct/NotchFlowCore.build/Objects-normal/x86_64/Binary/NotchFlowCore.o normal x86_64 (in target 'NotchFlowCore' from project 'NotchFlow' at path '/Users/ataozeren/Documents/GitHub/dynamic-island-for-macbook/Package.swift')
    cd /Users/ataozeren/Documents/GitHub/dynamic-island-for-macbook
    /Applications/Xcode.app/Contents/Developer/Toolchains/XcodeDefault.xctoolchain/usr/bin/clang -Xlinker -reproducible -target x86_64-apple-macos14.0 -r -isysroot /Applications/Xcode.app/Contents/Developer/Platforms/MacOSX.platform/Developer/SDKs/MacOSX26.5.sdk -Os -w -F/Users/ataozeren/Documents/GitHub/dynamic-island-for-macbook/DerivedData/Task70Direct/Build/Intermediates.noindex/EagerLinkingTBDs/Direct -F/Users/ataozeren/Documents/GitHub/dynamic-island-for-macbook/DerivedData/Task70Direct/Build/Products/Direct -iframework /Applications/Xcode.app/Contents/Developer/Platforms/MacOSX.platform/Developer/Library/Frameworks -filelist /Users/ataozeren/Documents/GitHub/dynamic-island-for-macbook/DerivedData/Task70Direct/Build/Intermediates.noindex/NotchFlow.build/Direct/NotchFlowCore.build/Objects-normal/x86_64/NotchFlowCore.LinkFileList -nostdlib -Xlinker -object_path_lto -Xlinker /Users/ataozeren/Documents/GitHub/dynamic-island-for-macbook/DerivedData/Task70Direct/Build/Intermediates.noindex/NotchFlow.build/Direct/NotchFlowCore.build/Objects-normal/x86_64/NotchFlowCore_lto.o -Xlinker -dependency_info -Xlinker /Users/ataozeren/Documents/GitHub/dynamic-island-for-macbook/DerivedData/Task70Direct/Build/Intermediates.noindex/NotchFlow.build/Direct/NotchFlowCore.build/Objects-normal/x86_64/NotchFlowCore_dependency_info.dat -fobjc-link-runtime -L/Applications/Xcode.app/Contents/Developer/Toolchains/XcodeDefault.xctoolchain/usr/lib/swift/macosx -L/usr/lib/swift -Xlinker -add_ast_path -Xlinker /Users/ataozeren/Documents/GitHub/dynamic-island-for-macbook/DerivedData/Task70Direct/Build/Intermediates.noindex/NotchFlow.build/Direct/NotchFlowCore.build/Objects-normal/x86_64/NotchFlowCore.swiftmodule @/Users/ataozeren/Documents/GitHub/dynamic-island-for-macbook/DerivedData/Task70Direct/Build/Intermediates.noindex/NotchFlow.build/Direct/NotchFlowCore.build/Objects-normal/x86_64/NotchFlowCore-linker-args.resp -o /Users/ataozeren/Documents/GitHub/dynamic-island-for-macbook/DerivedData/Task70Direct/Build/Intermediates.noindex/NotchFlow.build/Direct/NotchFlowCore.build/Objects-normal/x86_64/Binary/NotchFlowCore.o

GenerateStringSymbols /Users/ataozeren/Documents/GitHub/dynamic-island-for-macbook/DerivedData/Task70Direct/Build/Intermediates.noindex/NotchFlow.build/Direct/NotchFlowUI.build/DerivedSources/GeneratedStringSymbols_Localizable.swift /Users/ataozeren/Documents/GitHub/dynamic-island-for-macbook/Sources/NotchFlowUI/Resources/Localizable.xcstrings (in target 'NotchFlowUI' from project 'NotchFlow' at path '/Users/ataozeren/Documents/GitHub/dynamic-island-for-macbook/Package.swift')
    cd /Users/ataozeren/Documents/GitHub/dynamic-island-for-macbook
    /Applications/Xcode.app/Contents/Developer/usr/bin/xcstringstool generate-symbols --language swift --output-directory /Users/ataozeren/Documents/GitHub/dynamic-island-for-macbook/DerivedData/Task70Direct/Build/Intermediates.noindex/NotchFlow.build/Direct/NotchFlowUI.build/DerivedSources /Users/ataozeren/Documents/GitHub/dynamic-island-for-macbook/Sources/NotchFlowUI/Resources/Localizable.xcstrings

SwiftDriver NotchFlowProviders normal x86_64 com.apple.xcode.tools.swift.compiler (in target 'NotchFlowProviders' from project 'NotchFlow' at path '/Users/ataozeren/Documents/GitHub/dynamic-island-for-macbook/Package.swift')
    cd /Users/ataozeren/Documents/GitHub/dynamic-island-for-macbook/NotchFlow.xcodeproj
    builtin-SwiftDriver -- /Applications/Xcode.app/Contents/Developer/Toolchains/XcodeDefault.xctoolchain/usr/bin/swiftc -module-name NotchFlowProviders -O -whole-module-optimization @/Users/ataozeren/Documents/GitHub/dynamic-island-for-macbook/DerivedData/Task70Direct/Build/Intermediates.noindex/NotchFlow.build/Direct/NotchFlowProviders.build/Objects-normal/x86_64/NotchFlowProviders.SwiftFileList -DSWIFT_PACKAGE -DSWIFT_MODULE_RESOURCE_BUNDLE_UNAVAILABLE -DXcode -enable-upcoming-feature StrictConcurrency -plugin-path /Applications/Xcode.app/Contents/Developer/Toolchains/XcodeDefault.xctoolchain/usr/lib/swift/host/plugins/testing -enable-experimental-feature DebugDescriptionMacro -sdk /Applications/Xcode.app/Contents/Developer/Platforms/MacOSX.platform/Developer/SDKs/MacOSX26.5.sdk -target x86_64-apple-macos14.0 -g -module-cache-path /Users/ataozeren/Documents/GitHub/dynamic-island-for-macbook/DerivedData/Task70Direct/ModuleCache.noindex -Xfrontend -serialize-debugging-options -suppress-warnings -swift-version 6 -I /Users/ataozeren/Documents/GitHub/dynamic-island-for-macbook/DerivedData/Task70Direct/Build/Products/Direct -Isystem /Applications/Xcode.app/Contents/Developer/Platforms/MacOSX.platform/Developer/usr/lib -F /Users/ataozeren/Documents/GitHub/dynamic-island-for-macbook/DerivedData/Task70Direct/Build/Products/Direct/PackageFrameworks -F /Users/ataozeren/Documents/GitHub/dynamic-island-for-macbook/DerivedData/Task70Direct/Build/Products/Direct -F /Applications/Xcode.app/Contents/Developer/Platforms/MacOSX.platform/Developer/Library/Frameworks -emit-localized-strings -emit-localized-strings-path /Users/ataozeren/Documents/GitHub/dynamic-island-for-macbook/DerivedData/Task70Direct/Build/Intermediates.noindex/NotchFlow.build/Direct/NotchFlowProviders.build/Objects-normal/x86_64 -c -num-threads 10 -Xcc -ivfsstatcache -Xcc /Users/ataozeren/Documents/GitHub/dynamic-island-for-macbook/DerivedData/Task70Direct/SDKStatCaches.noindex/macosx26.5-25F70-e082c4a02f00227109f4ed75e425c832.sdkstatcache -output-file-map /Users/ataozeren/Documents/GitHub/dynamic-island-for-macbook/DerivedData/Task70Direct/Build/Intermediates.noindex/NotchFlow.build/Direct/NotchFlowProviders.build/Objects-normal/x86_64/NotchFlowProviders-OutputFileMap.json -use-frontend-parseable-output -save-temps -no-color-diagnostics -explicit-module-build -module-cache-path /Users/ataozeren/Documents/GitHub/dynamic-island-for-macbook/DerivedData/Task70Direct/Build/Intermediates.noindex/SwiftExplicitPrecompiledModules -clang-scanner-module-cache-path /Users/ataozeren/Documents/GitHub/dynamic-island-for-macbook/DerivedData/Task70Direct/ModuleCache.noindex -sdk-module-cache-path /Users/ataozeren/Documents/GitHub/dynamic-island-for-macbook/DerivedData/Task70Direct/ModuleCache.noindex -serialize-diagnostics -emit-dependencies -emit-module -emit-module-path /Users/ataozeren/Documents/GitHub/dynamic-island-for-macbook/DerivedData/Task70Direct/Build/Intermediates.noindex/NotchFlow.build/Direct/NotchFlowProviders.build/Objects-normal/x86_64/NotchFlowProviders.swiftmodule -validate-clang-modules-once -clang-build-session-file /Users/ataozeren/Documents/GitHub/dynamic-island-for-macbook/DerivedData/Task70Direct/ModuleCache.noindex/Session.modulevalidation -package-name dynamic_island_for_macbook -Xcc -I/Users/ataozeren/Documents/GitHub/dynamic-island-for-macbook/DerivedData/Task70Direct/Build/Intermediates.noindex/NotchFlow.build/Direct/NotchFlowProviders.build/swift-overrides.hmap -emit-const-values -Xfrontend -const-gather-protocols-file -Xfrontend /Users/ataozeren/Documents/GitHub/dynamic-island-for-macbook/DerivedData/Task70Direct/Build/Intermediates.noindex/NotchFlow.build/Direct/NotchFlowProviders.build/Objects-normal/x86_64/NotchFlowProviders_const_extract_protocols.json -Xcc -I/Users/ataozeren/Documents/GitHub/dynamic-island-for-macbook/DerivedData/Task70Direct/Build/Products/Direct/include -Xcc -I/Users/ataozeren/Documents/GitHub/dynamic-island-for-macbook/DerivedData/Task70Direct/Build/Intermediates.noindex/NotchFlow.build/Direct/NotchFlowProviders.build/DerivedSources-normal/x86_64 -Xcc -I/Users/ataozeren/Documents/GitHub/dynamic-island-for-macbook/DerivedData/Task70Direct/Build/Intermediates.noindex/NotchFlow.build/Direct/NotchFlowProviders.build/DerivedSources/x86_64 -Xcc -I/Users/ataozeren/Documents/GitHub/dynamic-island-for-macbook/DerivedData/Task70Direct/Build/Intermediates.noindex/NotchFlow.build/Direct/NotchFlowProviders.build/DerivedSources -Xcc -DSWIFT_PACKAGE -emit-objc-header -emit-objc-header-path /Users/ataozeren/Documents/GitHub/dynamic-island-for-macbook/DerivedData/Task70Direct/Build/Intermediates.noindex/NotchFlow.build/Direct/NotchFlowProviders.build/Objects-normal/x86_64/NotchFlowProviders-Swift.h -working-directory /Users/ataozeren/Documents/GitHub/dynamic-island-for-macbook/NotchFlow.xcodeproj -no-emit-module-separately-wmo

SwiftDriver NotchFlowProviders normal arm64 com.apple.xcode.tools.swift.compiler (in target 'NotchFlowProviders' from project 'NotchFlow' at path '/Users/ataozeren/Documents/GitHub/dynamic-island-for-macbook/Package.swift')
    cd /Users/ataozeren/Documents/GitHub/dynamic-island-for-macbook/NotchFlow.xcodeproj
    builtin-SwiftDriver -- /Applications/Xcode.app/Contents/Developer/Toolchains/XcodeDefault.xctoolchain/usr/bin/swiftc -module-name NotchFlowProviders -O -whole-module-optimization @/Users/ataozeren/Documents/GitHub/dynamic-island-for-macbook/DerivedData/Task70Direct/Build/Intermediates.noindex/NotchFlow.build/Direct/NotchFlowProviders.build/Objects-normal/arm64/NotchFlowProviders.SwiftFileList -DSWIFT_PACKAGE -DSWIFT_MODULE_RESOURCE_BUNDLE_UNAVAILABLE -DXcode -enable-upcoming-feature StrictConcurrency -plugin-path /Applications/Xcode.app/Contents/Developer/Toolchains/XcodeDefault.xctoolchain/usr/lib/swift/host/plugins/testing -enable-experimental-feature DebugDescriptionMacro -sdk /Applications/Xcode.app/Contents/Developer/Platforms/MacOSX.platform/Developer/SDKs/MacOSX26.5.sdk -target arm64-apple-macos14.0 -g -module-cache-path /Users/ataozeren/Documents/GitHub/dynamic-island-for-macbook/DerivedData/Task70Direct/ModuleCache.noindex -Xfrontend -serialize-debugging-options -suppress-warnings -swift-version 6 -I /Users/ataozeren/Documents/GitHub/dynamic-island-for-macbook/DerivedData/Task70Direct/Build/Products/Direct -Isystem /Applications/Xcode.app/Contents/Developer/Platforms/MacOSX.platform/Developer/usr/lib -F /Users/ataozeren/Documents/GitHub/dynamic-island-for-macbook/DerivedData/Task70Direct/Build/Products/Direct/PackageFrameworks -F /Users/ataozeren/Documents/GitHub/dynamic-island-for-macbook/DerivedData/Task70Direct/Build/Products/Direct -F /Applications/Xcode.app/Contents/Developer/Platforms/MacOSX.platform/Developer/Library/Frameworks -emit-localized-strings -emit-localized-strings-path /Users/ataozeren/Documents/GitHub/dynamic-island-for-macbook/DerivedData/Task70Direct/Build/Intermediates.noindex/NotchFlow.build/Direct/NotchFlowProviders.build/Objects-normal/arm64 -c -num-threads 10 -Xcc -ivfsstatcache -Xcc /Users/ataozeren/Documents/GitHub/dynamic-island-for-macbook/DerivedData/Task70Direct/SDKStatCaches.noindex/macosx26.5-25F70-e082c4a02f00227109f4ed75e425c832.sdkstatcache -output-file-map /Users/ataozeren/Documents/GitHub/dynamic-island-for-macbook/DerivedData/Task70Direct/Build/Intermediates.noindex/NotchFlow.build/Direct/NotchFlowProviders.build/Objects-normal/arm64/NotchFlowProviders-OutputFileMap.json -use-frontend-parseable-output -save-temps -no-color-diagnostics -explicit-module-build -module-cache-path /Users/ataozeren/Documents/GitHub/dynamic-island-for-macbook/DerivedData/Task70Direct/Build/Intermediates.noindex/SwiftExplicitPrecompiledModules -clang-scanner-module-cache-path /Users/ataozeren/Documents/GitHub/dynamic-island-for-macbook/DerivedData/Task70Direct/ModuleCache.noindex -sdk-module-cache-path /Users/ataozeren/Documents/GitHub/dynamic-island-for-macbook/DerivedData/Task70Direct/ModuleCache.noindex -serialize-diagnostics -emit-dependencies -emit-module -emit-module-path /Users/ataozeren/Documents/GitHub/dynamic-island-for-macbook/DerivedData/Task70Direct/Build/Intermediates.noindex/NotchFlow.build/Direct/NotchFlowProviders.build/Objects-normal/arm64/NotchFlowProviders.swiftmodule -validate-clang-modules-once -clang-build-session-file /Users/ataozeren/Documents/GitHub/dynamic-island-for-macbook/DerivedData/Task70Direct/ModuleCache.noindex/Session.modulevalidation -package-name dynamic_island_for_macbook -Xcc -I/Users/ataozeren/Documents/GitHub/dynamic-island-for-macbook/DerivedData/Task70Direct/Build/Intermediates.noindex/NotchFlow.build/Direct/NotchFlowProviders.build/swift-overrides.hmap -emit-const-values -Xfrontend -const-gather-protocols-file -Xfrontend /Users/ataozeren/Documents/GitHub/dynamic-island-for-macbook/DerivedData/Task70Direct/Build/Intermediates.noindex/NotchFlow.build/Direct/NotchFlowProviders.build/Objects-normal/arm64/NotchFlowProviders_const_extract_protocols.json -Xcc -I/Users/ataozeren/Documents/GitHub/dynamic-island-for-macbook/DerivedData/Task70Direct/Build/Products/Direct/include -Xcc -I/Users/ataozeren/Documents/GitHub/dynamic-island-for-macbook/DerivedData/Task70Direct/Build/Intermediates.noindex/NotchFlow.build/Direct/NotchFlowProviders.build/DerivedSources-normal/arm64 -Xcc -I/Users/ataozeren/Documents/GitHub/dynamic-island-for-macbook/DerivedData/Task70Direct/Build/Intermediates.noindex/NotchFlow.build/Direct/NotchFlowProviders.build/DerivedSources/arm64 -Xcc -I/Users/ataozeren/Documents/GitHub/dynamic-island-for-macbook/DerivedData/Task70Direct/Build/Intermediates.noindex/NotchFlow.build/Direct/NotchFlowProviders.build/DerivedSources -Xcc -DSWIFT_PACKAGE -emit-objc-header -emit-objc-header-path /Users/ataozeren/Documents/GitHub/dynamic-island-for-macbook/DerivedData/Task70Direct/Build/Intermediates.noindex/NotchFlow.build/Direct/NotchFlowProviders.build/Objects-normal/arm64/NotchFlowProviders-Swift.h -working-directory /Users/ataozeren/Documents/GitHub/dynamic-island-for-macbook/NotchFlow.xcodeproj -no-emit-module-separately-wmo

SwiftDriver NotchFlowUI normal x86_64 com.apple.xcode.tools.swift.compiler (in target 'NotchFlowUI' from project 'NotchFlow' at path '/Users/ataozeren/Documents/GitHub/dynamic-island-for-macbook/Package.swift')
    cd /Users/ataozeren/Documents/GitHub/dynamic-island-for-macbook/NotchFlow.xcodeproj
    builtin-SwiftDriver -- /Applications/Xcode.app/Contents/Developer/Toolchains/XcodeDefault.xctoolchain/usr/bin/swiftc -module-name NotchFlowUI -O -whole-module-optimization @/Users/ataozeren/Documents/GitHub/dynamic-island-for-macbook/DerivedData/Task70Direct/Build/Intermediates.noindex/NotchFlow.build/Direct/NotchFlowUI.build/Objects-normal/x86_64/NotchFlowUI.SwiftFileList -DSWIFT_PACKAGE -DSWIFT_MODULE_RESOURCE_BUNDLE_AVAILABLE -DXcode -enable-upcoming-feature StrictConcurrency -plugin-path /Applications/Xcode.app/Contents/Developer/Toolchains/XcodeDefault.xctoolchain/usr/lib/swift/host/plugins/testing -enable-experimental-feature DebugDescriptionMacro -sdk /Applications/Xcode.app/Contents/Developer/Platforms/MacOSX.platform/Developer/SDKs/MacOSX26.5.sdk -target x86_64-apple-macos14.0 -g -module-cache-path /Users/ataozeren/Documents/GitHub/dynamic-island-for-macbook/DerivedData/Task70Direct/ModuleCache.noindex -Xfrontend -serialize-debugging-options -suppress-warnings -swift-version 6 -I /Users/ataozeren/Documents/GitHub/dynamic-island-for-macbook/DerivedData/Task70Direct/Build/Products/Direct -Isystem /Applications/Xcode.app/Contents/Developer/Platforms/MacOSX.platform/Developer/usr/lib -F /Users/ataozeren/Documents/GitHub/dynamic-island-for-macbook/DerivedData/Task70Direct/Build/Products/Direct/PackageFrameworks -F /Users/ataozeren/Documents/GitHub/dynamic-island-for-macbook/DerivedData/Task70Direct/Build/Products/Direct -F /Applications/Xcode.app/Contents/Developer/Platforms/MacOSX.platform/Developer/Library/Frameworks -emit-localized-strings -emit-localized-strings-path /Users/ataozeren/Documents/GitHub/dynamic-island-for-macbook/DerivedData/Task70Direct/Build/Intermediates.noindex/NotchFlow.build/Direct/NotchFlowUI.build/Objects-normal/x86_64 -c -num-threads 10 -Xcc -ivfsstatcache -Xcc /Users/ataozeren/Documents/GitHub/dynamic-island-for-macbook/DerivedData/Task70Direct/SDKStatCaches.noindex/macosx26.5-25F70-e082c4a02f00227109f4ed75e425c832.sdkstatcache -output-file-map /Users/ataozeren/Documents/GitHub/dynamic-island-for-macbook/DerivedData/Task70Direct/Build/Intermediates.noindex/NotchFlow.build/Direct/NotchFlowUI.build/Objects-normal/x86_64/NotchFlowUI-OutputFileMap.json -use-frontend-parseable-output -save-temps -no-color-diagnostics -explicit-module-build -module-cache-path /Users/ataozeren/Documents/GitHub/dynamic-island-for-macbook/DerivedData/Task70Direct/Build/Intermediates.noindex/SwiftExplicitPrecompiledModules -clang-scanner-module-cache-path /Users/ataozeren/Documents/GitHub/dynamic-island-for-macbook/DerivedData/Task70Direct/ModuleCache.noindex -sdk-module-cache-path /Users/ataozeren/Documents/GitHub/dynamic-island-for-macbook/DerivedData/Task70Direct/ModuleCache.noindex -serialize-diagnostics -emit-dependencies -emit-module -emit-module-path /Users/ataozeren/Documents/GitHub/dynamic-island-for-macbook/DerivedData/Task70Direct/Build/Intermediates.noindex/NotchFlow.build/Direct/NotchFlowUI.build/Objects-normal/x86_64/NotchFlowUI.swiftmodule -validate-clang-modules-once -clang-build-session-file /Users/ataozeren/Documents/GitHub/dynamic-island-for-macbook/DerivedData/Task70Direct/ModuleCache.noindex/Session.modulevalidation -package-name dynamic_island_for_macbook -Xcc -I/Users/ataozeren/Documents/GitHub/dynamic-island-for-macbook/DerivedData/Task70Direct/Build/Intermediates.noindex/NotchFlow.build/Direct/NotchFlowUI.build/swift-overrides.hmap -emit-const-values -Xfrontend -const-gather-protocols-file -Xfrontend /Users/ataozeren/Documents/GitHub/dynamic-island-for-macbook/DerivedData/Task70Direct/Build/Intermediates.noindex/NotchFlow.build/Direct/NotchFlowUI.build/Objects-normal/x86_64/NotchFlowUI_const_extract_protocols.json -Xcc -I/Users/ataozeren/Documents/GitHub/dynamic-island-for-macbook/DerivedData/Task70Direct/Build/Products/Direct/include -Xcc -I/Users/ataozeren/Documents/GitHub/dynamic-island-for-macbook/DerivedData/Task70Direct/Build/Intermediates.noindex/NotchFlow.build/Direct/NotchFlowUI.build/DerivedSources-normal/x86_64 -Xcc -I/Users/ataozeren/Documents/GitHub/dynamic-island-for-macbook/DerivedData/Task70Direct/Build/Intermediates.noindex/NotchFlow.build/Direct/NotchFlowUI.build/DerivedSources/x86_64 -Xcc -I/Users/ataozeren/Documents/GitHub/dynamic-island-for-macbook/DerivedData/Task70Direct/Build/Intermediates.noindex/NotchFlow.build/Direct/NotchFlowUI.build/DerivedSources -Xcc -DSWIFT_PACKAGE -emit-objc-header -emit-objc-header-path /Users/ataozeren/Documents/GitHub/dynamic-island-for-macbook/DerivedData/Task70Direct/Build/Intermediates.noindex/NotchFlow.build/Direct/NotchFlowUI.build/Objects-normal/x86_64/NotchFlowUI-Swift.h -working-directory /Users/ataozeren/Documents/GitHub/dynamic-island-for-macbook/NotchFlow.xcodeproj -no-emit-module-separately-wmo

SwiftDriver NotchFlowUI normal arm64 com.apple.xcode.tools.swift.compiler (in target 'NotchFlowUI' from project 'NotchFlow' at path '/Users/ataozeren/Documents/GitHub/dynamic-island-for-macbook/Package.swift')
    cd /Users/ataozeren/Documents/GitHub/dynamic-island-for-macbook/NotchFlow.xcodeproj
    builtin-SwiftDriver -- /Applications/Xcode.app/Contents/Developer/Toolchains/XcodeDefault.xctoolchain/usr/bin/swiftc -module-name NotchFlowUI -O -whole-module-optimization @/Users/ataozeren/Documents/GitHub/dynamic-island-for-macbook/DerivedData/Task70Direct/Build/Intermediates.noindex/NotchFlow.build/Direct/NotchFlowUI.build/Objects-normal/arm64/NotchFlowUI.SwiftFileList -DSWIFT_PACKAGE -DSWIFT_MODULE_RESOURCE_BUNDLE_AVAILABLE -DXcode -enable-upcoming-feature StrictConcurrency -plugin-path /Applications/Xcode.app/Contents/Developer/Toolchains/XcodeDefault.xctoolchain/usr/lib/swift/host/plugins/testing -enable-experimental-feature DebugDescriptionMacro -sdk /Applications/Xcode.app/Contents/Developer/Platforms/MacOSX.platform/Developer/SDKs/MacOSX26.5.sdk -target arm64-apple-macos14.0 -g -module-cache-path /Users/ataozeren/Documents/GitHub/dynamic-island-for-macbook/DerivedData/Task70Direct/ModuleCache.noindex -Xfrontend -serialize-debugging-options -suppress-warnings -swift-version 6 -I /Users/ataozeren/Documents/GitHub/dynamic-island-for-macbook/DerivedData/Task70Direct/Build/Products/Direct -Isystem /Applications/Xcode.app/Contents/Developer/Platforms/MacOSX.platform/Developer/usr/lib -F /Users/ataozeren/Documents/GitHub/dynamic-island-for-macbook/DerivedData/Task70Direct/Build/Products/Direct/PackageFrameworks -F /Users/ataozeren/Documents/GitHub/dynamic-island-for-macbook/DerivedData/Task70Direct/Build/Products/Direct -F /Applications/Xcode.app/Contents/Developer/Platforms/MacOSX.platform/Developer/Library/Frameworks -emit-localized-strings -emit-localized-strings-path /Users/ataozeren/Documents/GitHub/dynamic-island-for-macbook/DerivedData/Task70Direct/Build/Intermediates.noindex/NotchFlow.build/Direct/NotchFlowUI.build/Objects-normal/arm64 -c -num-threads 10 -Xcc -ivfsstatcache -Xcc /Users/ataozeren/Documents/GitHub/dynamic-island-for-macbook/DerivedData/Task70Direct/SDKStatCaches.noindex/macosx26.5-25F70-e082c4a02f00227109f4ed75e425c832.sdkstatcache -output-file-map /Users/ataozeren/Documents/GitHub/dynamic-island-for-macbook/DerivedData/Task70Direct/Build/Intermediates.noindex/NotchFlow.build/Direct/NotchFlowUI.build/Objects-normal/arm64/NotchFlowUI-OutputFileMap.json -use-frontend-parseable-output -save-temps -no-color-diagnostics -explicit-module-build -module-cache-path /Users/ataozeren/Documents/GitHub/dynamic-island-for-macbook/DerivedData/Task70Direct/Build/Intermediates.noindex/SwiftExplicitPrecompiledModules -clang-scanner-module-cache-path /Users/ataozeren/Documents/GitHub/dynamic-island-for-macbook/DerivedData/Task70Direct/ModuleCache.noindex -sdk-module-cache-path /Users/ataozeren/Documents/GitHub/dynamic-island-for-macbook/DerivedData/Task70Direct/ModuleCache.noindex -serialize-diagnostics -emit-dependencies -emit-module -emit-module-path /Users/ataozeren/Documents/GitHub/dynamic-island-for-macbook/DerivedData/Task70Direct/Build/Intermediates.noindex/NotchFlow.build/Direct/NotchFlowUI.build/Objects-normal/arm64/NotchFlowUI.swiftmodule -validate-clang-modules-once -clang-build-session-file /Users/ataozeren/Documents/GitHub/dynamic-island-for-macbook/DerivedData/Task70Direct/ModuleCache.noindex/Session.modulevalidation -package-name dynamic_island_for_macbook -Xcc -I/Users/ataozeren/Documents/GitHub/dynamic-island-for-macbook/DerivedData/Task70Direct/Build/Intermediates.noindex/NotchFlow.build/Direct/NotchFlowUI.build/swift-overrides.hmap -emit-const-values -Xfrontend -const-gather-protocols-file -Xfrontend /Users/ataozeren/Documents/GitHub/dynamic-island-for-macbook/DerivedData/Task70Direct/Build/Intermediates.noindex/NotchFlow.build/Direct/NotchFlowUI.build/Objects-normal/arm64/NotchFlowUI_const_extract_protocols.json -Xcc -I/Users/ataozeren/Documents/GitHub/dynamic-island-for-macbook/DerivedData/Task70Direct/Build/Products/Direct/include -Xcc -I/Users/ataozeren/Documents/GitHub/dynamic-island-for-macbook/DerivedData/Task70Direct/Build/Intermediates.noindex/NotchFlow.build/Direct/NotchFlowUI.build/DerivedSources-normal/arm64 -Xcc -I/Users/ataozeren/Documents/GitHub/dynamic-island-for-macbook/DerivedData/Task70Direct/Build/Intermediates.noindex/NotchFlow.build/Direct/NotchFlowUI.build/DerivedSources/arm64 -Xcc -I/Users/ataozeren/Documents/GitHub/dynamic-island-for-macbook/DerivedData/Task70Direct/Build/Intermediates.noindex/NotchFlow.build/Direct/NotchFlowUI.build/DerivedSources -Xcc -DSWIFT_PACKAGE -emit-objc-header -emit-objc-header-path /Users/ataozeren/Documents/GitHub/dynamic-island-for-macbook/DerivedData/Task70Direct/Build/Intermediates.noindex/NotchFlow.build/Direct/NotchFlowUI.build/Objects-normal/arm64/NotchFlowUI-Swift.h -working-directory /Users/ataozeren/Documents/GitHub/dynamic-island-for-macbook/NotchFlow.xcodeproj -no-emit-module-separately-wmo

CreateUniversalBinary /Users/ataozeren/Documents/GitHub/dynamic-island-for-macbook/DerivedData/Task70Direct/Build/Products/Direct/NotchFlowCore.o normal arm64\ x86_64 (in target 'NotchFlowCore' from project 'NotchFlow' at path '/Users/ataozeren/Documents/GitHub/dynamic-island-for-macbook/Package.swift')
    cd /Users/ataozeren/Documents/GitHub/dynamic-island-for-macbook
    /Applications/Xcode.app/Contents/Developer/Toolchains/XcodeDefault.xctoolchain/usr/bin/lipo -create /Users/ataozeren/Documents/GitHub/dynamic-island-for-macbook/DerivedData/Task70Direct/Build/Intermediates.noindex/NotchFlow.build/Direct/NotchFlowCore.build/Objects-normal/arm64/Binary/NotchFlowCore.o /Users/ataozeren/Documents/GitHub/dynamic-island-for-macbook/DerivedData/Task70Direct/Build/Intermediates.noindex/NotchFlow.build/Direct/NotchFlowCore.build/Objects-normal/x86_64/Binary/NotchFlowCore.o -output /Users/ataozeren/Documents/GitHub/dynamic-island-for-macbook/DerivedData/Task70Direct/Build/Products/Direct/NotchFlowCore.o

ExtractAppIntentsMetadata (in target 'NotchFlowCore' from project 'NotchFlow' at path '/Users/ataozeren/Documents/GitHub/dynamic-island-for-macbook/Package.swift')
    cd /Users/ataozeren/Documents/GitHub/dynamic-island-for-macbook
    /Applications/Xcode.app/Contents/Developer/Toolchains/XcodeDefault.xctoolchain/usr/bin/appintentsmetadataprocessor --toolchain-dir /Applications/Xcode.app/Contents/Developer/Toolchains/XcodeDefault.xctoolchain --module-name NotchFlowCore --sdk-root /Applications/Xcode.app/Contents/Developer/Platforms/MacOSX.platform/Developer/SDKs/MacOSX26.5.sdk --xcode-version 17F113 --platform-family macOS --deployment-target 14.0 --bundle-identifier dynamic-island-for-macbook.NotchFlowCore --output /Users/ataozeren/Documents/GitHub/dynamic-island-for-macbook/DerivedData/Task70Direct/Build/Products/Direct/NotchFlowCore.appintents --target-triple arm64-apple-macos14.0 --target-triple x86_64-apple-macos14.0 --binary-file /Users/ataozeren/Documents/GitHub/dynamic-island-for-macbook/DerivedData/Task70Direct/Build/Products/Direct/NotchFlowCore.o --dependency-file /Users/ataozeren/Documents/GitHub/dynamic-island-for-macbook/DerivedData/Task70Direct/Build/Intermediates.noindex/NotchFlow.build/Direct/NotchFlowCore.build/Objects-normal/arm64/NotchFlowCore_dependency_info.dat --dependency-file /Users/ataozeren/Documents/GitHub/dynamic-island-for-macbook/DerivedData/Task70Direct/Build/Intermediates.noindex/NotchFlow.build/Direct/NotchFlowCore.build/Objects-normal/x86_64/NotchFlowCore_dependency_info.dat --stringsdata-file /Users/ataozeren/Documents/GitHub/dynamic-island-for-macbook/DerivedData/Task70Direct/Build/Intermediates.noindex/NotchFlow.build/Direct/NotchFlowCore.build/Objects-normal/arm64/ExtractedAppShortcutsMetadata.stringsdata --stringsdata-file /Users/ataozeren/Documents/GitHub/dynamic-island-for-macbook/DerivedData/Task70Direct/Build/Intermediates.noindex/NotchFlow.build/Direct/NotchFlowCore.build/Objects-normal/x86_64/ExtractedAppShortcutsMetadata.stringsdata --source-file-list /Users/ataozeren/Documents/GitHub/dynamic-island-for-macbook/DerivedData/Task70Direct/Build/Intermediates.noindex/NotchFlow.build/Direct/NotchFlowCore.build/Objects-normal/arm64/NotchFlowCore.SwiftFileList --source-file-list /Users/ataozeren/Documents/GitHub/dynamic-island-for-macbook/DerivedData/Task70Direct/Build/Intermediates.noindex/NotchFlow.build/Direct/NotchFlowCore.build/Objects-normal/x86_64/NotchFlowCore.SwiftFileList --metadata-file-list /Users/ataozeren/Documents/GitHub/dynamic-island-for-macbook/DerivedData/Task70Direct/Build/Intermediates.noindex/NotchFlow.build/Direct/NotchFlowCore.build/NotchFlowCore.DependencyMetadataFileList --static-metadata-file-list /Users/ataozeren/Documents/GitHub/dynamic-island-for-macbook/DerivedData/Task70Direct/Build/Intermediates.noindex/NotchFlow.build/Direct/NotchFlowCore.build/NotchFlowCore.DependencyStaticMetadataFileList --swift-const-vals-list /Users/ataozeren/Documents/GitHub/dynamic-island-for-macbook/DerivedData/Task70Direct/Build/Intermediates.noindex/NotchFlow.build/Direct/NotchFlowCore.build/Objects-normal/arm64/NotchFlowCore.SwiftConstValuesFileList --swift-const-vals-list /Users/ataozeren/Documents/GitHub/dynamic-island-for-macbook/DerivedData/Task70Direct/Build/Intermediates.noindex/NotchFlow.build/Direct/NotchFlowCore.build/Objects-normal/x86_64/NotchFlowCore.SwiftConstValuesFileList --force --compile-time-extraction --deployment-aware-processing --validate-assistant-intents --no-app-shortcuts-localization
2026-08-30 19:08:07.023 appintentsmetadataprocessor[27508:14553046] Starting appintentsmetadataprocessor export
2026-08-30 19:08:07.086 appintentsmetadataprocessor[27508:14553046] Extracted no relevant App Intents symbols, skipping writing output

RegisterExecutionPolicyException /Users/ataozeren/Documents/GitHub/dynamic-island-for-macbook/DerivedData/Task70Direct/Build/Products/Direct/NotchFlowCore.o (in target 'NotchFlowCore' from project 'NotchFlow' at path '/Users/ataozeren/Documents/GitHub/dynamic-island-for-macbook/Package.swift')
    cd /Users/ataozeren/Documents/GitHub/dynamic-island-for-macbook
    builtin-RegisterExecutionPolicyException /Users/ataozeren/Documents/GitHub/dynamic-island-for-macbook/DerivedData/Task70Direct/Build/Products/Direct/NotchFlowCore.o

SwiftDriver\ Compilation NotchFlowProviders normal x86_64 com.apple.xcode.tools.swift.compiler (in target 'NotchFlowProviders' from project 'NotchFlow' at path '/Users/ataozeren/Documents/GitHub/dynamic-island-for-macbook/Package.swift')
    cd /Users/ataozeren/Documents/GitHub/dynamic-island-for-macbook/NotchFlow.xcodeproj
    builtin-Swift-Compilation -- /Applications/Xcode.app/Contents/Developer/Toolchains/XcodeDefault.xctoolchain/usr/bin/swiftc -module-name NotchFlowProviders -O -whole-module-optimization @/Users/ataozeren/Documents/GitHub/dynamic-island-for-macbook/DerivedData/Task70Direct/Build/Intermediates.noindex/NotchFlow.build/Direct/NotchFlowProviders.build/Objects-normal/x86_64/NotchFlowProviders.SwiftFileList -DSWIFT_PACKAGE -DSWIFT_MODULE_RESOURCE_BUNDLE_UNAVAILABLE -DXcode -enable-upcoming-feature StrictConcurrency -plugin-path /Applications/Xcode.app/Contents/Developer/Toolchains/XcodeDefault.xctoolchain/usr/lib/swift/host/plugins/testing -enable-experimental-feature DebugDescriptionMacro -sdk /Applications/Xcode.app/Contents/Developer/Platforms/MacOSX.platform/Developer/SDKs/MacOSX26.5.sdk -target x86_64-apple-macos14.0 -g -module-cache-path /Users/ataozeren/Documents/GitHub/dynamic-island-for-macbook/DerivedData/Task70Direct/ModuleCache.noindex -Xfrontend -serialize-debugging-options -suppress-warnings -swift-version 6 -I /Users/ataozeren/Documents/GitHub/dynamic-island-for-macbook/DerivedData/Task70Direct/Build/Products/Direct -Isystem /Applications/Xcode.app/Contents/Developer/Platforms/MacOSX.platform/Developer/usr/lib -F /Users/ataozeren/Documents/GitHub/dynamic-island-for-macbook/DerivedData/Task70Direct/Build/Products/Direct/PackageFrameworks -F /Users/ataozeren/Documents/GitHub/dynamic-island-for-macbook/DerivedData/Task70Direct/Build/Products/Direct -F /Applications/Xcode.app/Contents/Developer/Platforms/MacOSX.platform/Developer/Library/Frameworks -emit-localized-strings -emit-localized-strings-path /Users/ataozeren/Documents/GitHub/dynamic-island-for-macbook/DerivedData/Task70Direct/Build/Intermediates.noindex/NotchFlow.build/Direct/NotchFlowProviders.build/Objects-normal/x86_64 -c -num-threads 10 -Xcc -ivfsstatcache -Xcc /Users/ataozeren/Documents/GitHub/dynamic-island-for-macbook/DerivedData/Task70Direct/SDKStatCaches.noindex/macosx26.5-25F70-e082c4a02f00227109f4ed75e425c832.sdkstatcache -output-file-map /Users/ataozeren/Documents/GitHub/dynamic-island-for-macbook/DerivedData/Task70Direct/Build/Intermediates.noindex/NotchFlow.build/Direct/NotchFlowProviders.build/Objects-normal/x86_64/NotchFlowProviders-OutputFileMap.json -use-frontend-parseable-output -save-temps -no-color-diagnostics -explicit-module-build -module-cache-path /Users/ataozeren/Documents/GitHub/dynamic-island-for-macbook/DerivedData/Task70Direct/Build/Intermediates.noindex/SwiftExplicitPrecompiledModules -clang-scanner-module-cache-path /Users/ataozeren/Documents/GitHub/dynamic-island-for-macbook/DerivedData/Task70Direct/ModuleCache.noindex -sdk-module-cache-path /Users/ataozeren/Documents/GitHub/dynamic-island-for-macbook/DerivedData/Task70Direct/ModuleCache.noindex -serialize-diagnostics -emit-dependencies -emit-module -emit-module-path /Users/ataozeren/Documents/GitHub/dynamic-island-for-macbook/DerivedData/Task70Direct/Build/Intermediates.noindex/NotchFlow.build/Direct/NotchFlowProviders.build/Objects-normal/x86_64/NotchFlowProviders.swiftmodule -validate-clang-modules-once -clang-build-session-file /Users/ataozeren/Documents/GitHub/dynamic-island-for-macbook/DerivedData/Task70Direct/ModuleCache.noindex/Session.modulevalidation -package-name dynamic_island_for_macbook -Xcc -I/Users/ataozeren/Documents/GitHub/dynamic-island-for-macbook/DerivedData/Task70Direct/Build/Intermediates.noindex/NotchFlow.build/Direct/NotchFlowProviders.build/swift-overrides.hmap -emit-const-values -Xfrontend -const-gather-protocols-file -Xfrontend /Users/ataozeren/Documents/GitHub/dynamic-island-for-macbook/DerivedData/Task70Direct/Build/Intermediates.noindex/NotchFlow.build/Direct/NotchFlowProviders.build/Objects-normal/x86_64/NotchFlowProviders_const_extract_protocols.json -Xcc -I/Users/ataozeren/Documents/GitHub/dynamic-island-for-macbook/DerivedData/Task70Direct/Build/Products/Direct/include -Xcc -I/Users/ataozeren/Documents/GitHub/dynamic-island-for-macbook/DerivedData/Task70Direct/Build/Intermediates.noindex/NotchFlow.build/Direct/NotchFlowProviders.build/DerivedSources-normal/x86_64 -Xcc -I/Users/ataozeren/Documents/GitHub/dynamic-island-for-macbook/DerivedData/Task70Direct/Build/Intermediates.noindex/NotchFlow.build/Direct/NotchFlowProviders.build/DerivedSources/x86_64 -Xcc -I/Users/ataozeren/Documents/GitHub/dynamic-island-for-macbook/DerivedData/Task70Direct/Build/Intermediates.noindex/NotchFlow.build/Direct/NotchFlowProviders.build/DerivedSources -Xcc -DSWIFT_PACKAGE -emit-objc-header -emit-objc-header-path /Users/ataozeren/Documents/GitHub/dynamic-island-for-macbook/DerivedData/Task70Direct/Build/Intermediates.noindex/NotchFlow.build/Direct/NotchFlowProviders.build/Objects-normal/x86_64/NotchFlowProviders-Swift.h -working-directory /Users/ataozeren/Documents/GitHub/dynamic-island-for-macbook/NotchFlow.xcodeproj -no-emit-module-separately-wmo

SwiftExplicitDependencyGeneratePcm x86_64 /Users/ataozeren/Documents/GitHub/dynamic-island-for-macbook/DerivedData/Task70Direct/ModuleCache.noindex/dnssd-7TIKAVP5756XHKZOO3Y1TQYOW.pcm

SwiftExplicitDependencyGeneratePcm x86_64 /Users/ataozeren/Documents/GitHub/dynamic-island-for-macbook/DerivedData/Task70Direct/ModuleCache.noindex/CUPS-5XGS6DX5VDXKWAP9UP3KTRCU6.pcm

SwiftExplicitDependencyGeneratePcm x86_64 /Users/ataozeren/Documents/GitHub/dynamic-island-for-macbook/DerivedData/Task70Direct/ModuleCache.noindex/ImageIO-1FV91L5QTB645IIWYLX456ZIO.pcm

SwiftExplicitDependencyGeneratePcm x86_64 /Users/ataozeren/Documents/GitHub/dynamic-island-for-macbook/DerivedData/Task70Direct/ModuleCache.noindex/Accessibility-2SZKCV80C5QDYVSW4WL5FRQKW.pcm

SwiftExplicitDependencyGeneratePcm x86_64 /Users/ataozeren/Documents/GitHub/dynamic-island-for-macbook/DerivedData/Task70Direct/ModuleCache.noindex/CoreText-F16FR6JGX8TWWKL82HB7XZVV6.pcm

SwiftExplicitDependencyGeneratePcm x86_64 /Users/ataozeren/Documents/GitHub/dynamic-island-for-macbook/DerivedData/Task70Direct/ModuleCache.noindex/DeveloperToolsSupport-EDK4TB6L3R85DX918T7PMNZ6G.pcm

SwiftExplicitDependencyGeneratePcm x86_64 /Users/ataozeren/Documents/GitHub/dynamic-island-for-macbook/DerivedData/Task70Direct/ModuleCache.noindex/_Builtin_tgmath-AGDRLWV6D646USKMC57Y6GILM.pcm

SwiftExplicitDependencyGeneratePcm x86_64 /Users/ataozeren/Documents/GitHub/dynamic-island-for-macbook/DerivedData/Task70Direct/ModuleCache.noindex/UniformTypeIdentifiers-509CU5SON2QWIQG775JGBZPKN.pcm

SwiftExplicitDependencyGeneratePcm x86_64 /Users/ataozeren/Documents/GitHub/dynamic-island-for-macbook/DerivedData/Task70Direct/ModuleCache.noindex/IOSurface-2VQ673U0YO5C40T6T5NPG3U13.pcm

SwiftExplicitDependencyGeneratePcm arm64 /Users/ataozeren/Documents/GitHub/dynamic-island-for-macbook/DerivedData/Task70Direct/ModuleCache.noindex/Symbols-GJD5Q4RJ8KCYFVZP2MFYDR34.pcm

SwiftExplicitDependencyGeneratePcm arm64 /Users/ataozeren/Documents/GitHub/dynamic-island-for-macbook/DerivedData/Task70Direct/ModuleCache.noindex/_Builtin_intrinsics-3ZFLQPXFVNY537X40UTWUAHP2.pcm

SwiftExplicitDependencyGeneratePcm arm64 /Users/ataozeren/Documents/GitHub/dynamic-island-for-macbook/DerivedData/Task70Direct/ModuleCache.noindex/ImageIO-ES6ZD693EYEGMO0W9YQOG9UJY.pcm

SwiftExplicitDependencyGeneratePcm arm64 /Users/ataozeren/Documents/GitHub/dynamic-island-for-macbook/DerivedData/Task70Direct/ModuleCache.noindex/CoreTransferable-8PMG2C4NQFEEW6XRIPY6P0978.pcm

SwiftExplicitDependencyGeneratePcm arm64 /Users/ataozeren/Documents/GitHub/dynamic-island-for-macbook/DerivedData/Task70Direct/ModuleCache.noindex/_Builtin_stdatomic-5797AQASM9ESMJSFGUM1GQBQQ.pcm

SwiftExplicitDependencyGeneratePcm x86_64 /Users/ataozeren/Documents/GitHub/dynamic-island-for-macbook/DerivedData/Task70Direct/ModuleCache.noindex/simd-AN8LHHUT6HXD9NPRBUGHQHNKB.pcm

SwiftExplicitDependencyGeneratePcm x86_64 /Users/ataozeren/Documents/GitHub/dynamic-island-for-macbook/DerivedData/Task70Direct/ModuleCache.noindex/CoreTransferable-5239QL6RLN93IGXYYMGD2IPZT.pcm

SwiftExplicitDependencyGeneratePcm arm64 /Users/ataozeren/Documents/GitHub/dynamic-island-for-macbook/DerivedData/Task70Direct/ModuleCache.noindex/DeveloperToolsSupport-3EGWOX7JH0SP6O2FG7H232EDJ.pcm

SwiftExplicitDependencyGeneratePcm x86_64 /Users/ataozeren/Documents/GitHub/dynamic-island-for-macbook/DerivedData/Task70Direct/ModuleCache.noindex/Symbols-7AEPV9XHGPYT9GRBF80K89C6W.pcm

SwiftExplicitDependencyGeneratePcm x86_64 /Users/ataozeren/Documents/GitHub/dynamic-island-for-macbook/DerivedData/Task70Direct/ModuleCache.noindex/Metal-6V8ZRJ3NPT3EHG8OQEIY10SVX.pcm

SwiftExplicitDependencyGeneratePcm x86_64 /Users/ataozeren/Documents/GitHub/dynamic-island-for-macbook/DerivedData/Task70Direct/ModuleCache.noindex/CoreAudioTypes-6F87FAVCHDY6MK2TVZSBPBFLB.pcm

SwiftExplicitDependencyGeneratePcm arm64 /Users/ataozeren/Documents/GitHub/dynamic-island-for-macbook/DerivedData/Task70Direct/ModuleCache.noindex/UniformTypeIdentifiers-BUTJV327THFB2V88VHBH5382I.pcm

SwiftExplicitDependencyGeneratePcm arm64 /Users/ataozeren/Documents/GitHub/dynamic-island-for-macbook/DerivedData/Task70Direct/ModuleCache.noindex/ColorSync-3LJ9YFQ7FR72ZZ7XZRNOZASOW.pcm

SwiftExplicitDependencyGeneratePcm arm64 /Users/ataozeren/Documents/GitHub/dynamic-island-for-macbook/DerivedData/Task70Direct/ModuleCache.noindex/os-1L87MO0BNYUM0AHD0VE2JCDQA.pcm

SwiftExplicitDependencyGeneratePcm x86_64 /Users/ataozeren/Documents/GitHub/dynamic-island-for-macbook/DerivedData/Task70Direct/ModuleCache.noindex/OpenGL-6AIP3P6OU53MYSCDX0MZKGAU4.pcm

SwiftExplicitDependencyGeneratePcm arm64 /Users/ataozeren/Documents/GitHub/dynamic-island-for-macbook/DerivedData/Task70Direct/ModuleCache.noindex/_Builtin_tgmath-18GRN39WJAWSHBTTWU3EMACGA.pcm

SwiftExplicitDependencyGeneratePcm arm64 /Users/ataozeren/Documents/GitHub/dynamic-island-for-macbook/DerivedData/Task70Direct/ModuleCache.noindex/DataDetection-E9JF55XZYCUIPOU6GIOC3IVPZ.pcm

SwiftExplicitDependencyGeneratePcm arm64 /Users/ataozeren/Documents/GitHub/dynamic-island-for-macbook/DerivedData/Task70Direct/ModuleCache.noindex/CoreAudioTypes-25FYQJJL0I4X8F3EXQDJ0KBWU.pcm

SwiftExplicitDependencyGeneratePcm x86_64 /Users/ataozeren/Documents/GitHub/dynamic-island-for-macbook/DerivedData/Task70Direct/ModuleCache.noindex/Network-7EF5PQA2TB2YAU77M9Q3OQ1ER.pcm

SwiftExplicitDependencyGeneratePcm arm64 /Users/ataozeren/Documents/GitHub/dynamic-island-for-macbook/DerivedData/Task70Direct/ModuleCache.noindex/Accessibility-AF1P9LLXQHH0YQD4MAVX3BDGP.pcm

SwiftExplicitDependencyGeneratePcm arm64 /Users/ataozeren/Documents/GitHub/dynamic-island-for-macbook/DerivedData/Task70Direct/ModuleCache.noindex/IOSurface-BJ99J7NGFN8Y13NNLK35W154H.pcm

SwiftExplicitDependencyGeneratePcm arm64 /Users/ataozeren/Documents/GitHub/dynamic-island-for-macbook/DerivedData/Task70Direct/ModuleCache.noindex/CoreData-4WUPH8WD0NNJP31M6NEZZM5A9.pcm

SwiftExplicitDependencyGeneratePcm x86_64 /Users/ataozeren/Documents/GitHub/dynamic-island-for-macbook/DerivedData/Task70Direct/ModuleCache.noindex/_Builtin_stdatomic-EUJ38YAAZ9LEAXOER5JCZ8A6P.pcm

SwiftExplicitDependencyGeneratePcm x86_64 /Users/ataozeren/Documents/GitHub/dynamic-island-for-macbook/DerivedData/Task70Direct/ModuleCache.noindex/CoreData-40GKUZFGMTR50XGGN7W6235ZY.pcm

SwiftExplicitDependencyGeneratePcm arm64 /Users/ataozeren/Documents/GitHub/dynamic-island-for-macbook/DerivedData/Task70Direct/ModuleCache.noindex/OpenGL-8OWHJQMNDWE5SP403BBI4DSMZ.pcm

SwiftExplicitDependencyGeneratePcm arm64 /Users/ataozeren/Documents/GitHub/dynamic-island-for-macbook/DerivedData/Task70Direct/ModuleCache.noindex/Metal-30M8I07RLEYBCA35C9MJEQVM.pcm

SwiftExplicitDependencyGeneratePcm x86_64 /Users/ataozeren/Documents/GitHub/dynamic-island-for-macbook/DerivedData/Task70Direct/ModuleCache.noindex/DataDetection-D14XH5NKE9OHKUIU22U6UAG1Z.pcm

SwiftExplicitDependencyGeneratePcm arm64 /Users/ataozeren/Documents/GitHub/dynamic-island-for-macbook/DerivedData/Task70Direct/ModuleCache.noindex/dnssd-A9LOWHN6M88F5TGHYJF5047Q3.pcm

SwiftExplicitDependencyGeneratePcm arm64 /Users/ataozeren/Documents/GitHub/dynamic-island-for-macbook/DerivedData/Task70Direct/ModuleCache.noindex/CoreText-ENDJ7VYR5FNHPCT7FYJHTDCFV.pcm

SwiftExplicitDependencyGeneratePcm x86_64 /Users/ataozeren/Documents/GitHub/dynamic-island-for-macbook/DerivedData/Task70Direct/ModuleCache.noindex/os-A8O9Y5ZWMXNWRXDQT0CR41YSI.pcm

SwiftExplicitDependencyGeneratePcm x86_64 /Users/ataozeren/Documents/GitHub/dynamic-island-for-macbook/DerivedData/Task70Direct/ModuleCache.noindex/CoreAudio-6BOVQTDMK4BSSDQY3D1V1AOPW.pcm

SwiftExplicitDependencyGeneratePcm x86_64 /Users/ataozeren/Documents/GitHub/dynamic-island-for-macbook/DerivedData/Task70Direct/ModuleCache.noindex/ColorSync-57ZJD7MBN9FWWM3GJ2P3VHFNG.pcm

SwiftExplicitDependencyGeneratePcm arm64 /Users/ataozeren/Documents/GitHub/dynamic-island-for-macbook/DerivedData/Task70Direct/ModuleCache.noindex/OSLog-96SRYV5V12Z3HAOSNU8U0PMZU.pcm

SwiftExplicitDependencyGeneratePcm arm64 /Users/ataozeren/Documents/GitHub/dynamic-island-for-macbook/DerivedData/Task70Direct/ModuleCache.noindex/Network-BARKX2GHUZFXBJ0RSTIFVZB0A.pcm

SwiftExplicitDependencyGeneratePcm x86_64 /Users/ataozeren/Documents/GitHub/dynamic-island-for-macbook/DerivedData/Task70Direct/ModuleCache.noindex/OSLog-AZP1PIVLJLQ88AUJMTXNDF8RQ.pcm

SwiftExplicitDependencyGeneratePcm x86_64 /Users/ataozeren/Documents/GitHub/dynamic-island-for-macbook/DerivedData/Task70Direct/ModuleCache.noindex/ApplicationServices-4KJVIVP2DW7E5J4T41GZPMJ1.pcm

SwiftExplicitDependencyGeneratePcm arm64 /Users/ataozeren/Documents/GitHub/dynamic-island-for-macbook/DerivedData/Task70Direct/ModuleCache.noindex/CUPS-AGCNMWATUOWQPAPAYGVN29QB8.pcm

SwiftExplicitDependencyGeneratePcm arm64 /Users/ataozeren/Documents/GitHub/dynamic-island-for-macbook/DerivedData/Task70Direct/ModuleCache.noindex/CoreAudio-1VOTWGJR2Q2Y7FYI0WVRYJVT1.pcm

SwiftDriver\ Compilation NotchFlowUI normal x86_64 com.apple.xcode.tools.swift.compiler (in target 'NotchFlowUI' from project 'NotchFlow' at path '/Users/ataozeren/Documents/GitHub/dynamic-island-for-macbook/Package.swift')
    cd /Users/ataozeren/Documents/GitHub/dynamic-island-for-macbook/NotchFlow.xcodeproj
    builtin-Swift-Compilation -- /Applications/Xcode.app/Contents/Developer/Toolchains/XcodeDefault.xctoolchain/usr/bin/swiftc -module-name NotchFlowUI -O -whole-module-optimization @/Users/ataozeren/Documents/GitHub/dynamic-island-for-macbook/DerivedData/Task70Direct/Build/Intermediates.noindex/NotchFlow.build/Direct/NotchFlowUI.build/Objects-normal/x86_64/NotchFlowUI.SwiftFileList -DSWIFT_PACKAGE -DSWIFT_MODULE_RESOURCE_BUNDLE_AVAILABLE -DXcode -enable-upcoming-feature StrictConcurrency -plugin-path /Applications/Xcode.app/Contents/Developer/Toolchains/XcodeDefault.xctoolchain/usr/lib/swift/host/plugins/testing -enable-experimental-feature DebugDescriptionMacro -sdk /Applications/Xcode.app/Contents/Developer/Platforms/MacOSX.platform/Developer/SDKs/MacOSX26.5.sdk -target x86_64-apple-macos14.0 -g -module-cache-path /Users/ataozeren/Documents/GitHub/dynamic-island-for-macbook/DerivedData/Task70Direct/ModuleCache.noindex -Xfrontend -serialize-debugging-options -suppress-warnings -swift-version 6 -I /Users/ataozeren/Documents/GitHub/dynamic-island-for-macbook/DerivedData/Task70Direct/Build/Products/Direct -Isystem /Applications/Xcode.app/Contents/Developer/Platforms/MacOSX.platform/Developer/usr/lib -F /Users/ataozeren/Documents/GitHub/dynamic-island-for-macbook/DerivedData/Task70Direct/Build/Products/Direct/PackageFrameworks -F /Users/ataozeren/Documents/GitHub/dynamic-island-for-macbook/DerivedData/Task70Direct/Build/Products/Direct -F /Applications/Xcode.app/Contents/Developer/Platforms/MacOSX.platform/Developer/Library/Frameworks -emit-localized-strings -emit-localized-strings-path /Users/ataozeren/Documents/GitHub/dynamic-island-for-macbook/DerivedData/Task70Direct/Build/Intermediates.noindex/NotchFlow.build/Direct/NotchFlowUI.build/Objects-normal/x86_64 -c -num-threads 10 -Xcc -ivfsstatcache -Xcc /Users/ataozeren/Documents/GitHub/dynamic-island-for-macbook/DerivedData/Task70Direct/SDKStatCaches.noindex/macosx26.5-25F70-e082c4a02f00227109f4ed75e425c832.sdkstatcache -output-file-map /Users/ataozeren/Documents/GitHub/dynamic-island-for-macbook/DerivedData/Task70Direct/Build/Intermediates.noindex/NotchFlow.build/Direct/NotchFlowUI.build/Objects-normal/x86_64/NotchFlowUI-OutputFileMap.json -use-frontend-parseable-output -save-temps -no-color-diagnostics -explicit-module-build -module-cache-path /Users/ataozeren/Documents/GitHub/dynamic-island-for-macbook/DerivedData/Task70Direct/Build/Intermediates.noindex/SwiftExplicitPrecompiledModules -clang-scanner-module-cache-path /Users/ataozeren/Documents/GitHub/dynamic-island-for-macbook/DerivedData/Task70Direct/ModuleCache.noindex -sdk-module-cache-path /Users/ataozeren/Documents/GitHub/dynamic-island-for-macbook/DerivedData/Task70Direct/ModuleCache.noindex -serialize-diagnostics -emit-dependencies -emit-module -emit-module-path /Users/ataozeren/Documents/GitHub/dynamic-island-for-macbook/DerivedData/Task70Direct/Build/Intermediates.noindex/NotchFlow.build/Direct/NotchFlowUI.build/Objects-normal/x86_64/NotchFlowUI.swiftmodule -validate-clang-modules-once -clang-build-session-file /Users/ataozeren/Documents/GitHub/dynamic-island-for-macbook/DerivedData/Task70Direct/ModuleCache.noindex/Session.modulevalidation -package-name dynamic_island_for_macbook -Xcc -I/Users/ataozeren/Documents/GitHub/dynamic-island-for-macbook/DerivedData/Task70Direct/Build/Intermediates.noindex/NotchFlow.build/Direct/NotchFlowUI.build/swift-overrides.hmap -emit-const-values -Xfrontend -const-gather-protocols-file -Xfrontend /Users/ataozeren/Documents/GitHub/dynamic-island-for-macbook/DerivedData/Task70Direct/Build/Intermediates.noindex/NotchFlow.build/Direct/NotchFlowUI.build/Objects-normal/x86_64/NotchFlowUI_const_extract_protocols.json -Xcc -I/Users/ataozeren/Documents/GitHub/dynamic-island-for-macbook/DerivedData/Task70Direct/Build/Products/Direct/include -Xcc -I/Users/ataozeren/Documents/GitHub/dynamic-island-for-macbook/DerivedData/Task70Direct/Build/Intermediates.noindex/NotchFlow.build/Direct/NotchFlowUI.build/DerivedSources-normal/x86_64 -Xcc -I/Users/ataozeren/Documents/GitHub/dynamic-island-for-macbook/DerivedData/Task70Direct/Build/Intermediates.noindex/NotchFlow.build/Direct/NotchFlowUI.build/DerivedSources/x86_64 -Xcc -I/Users/ataozeren/Documents/GitHub/dynamic-island-for-macbook/DerivedData/Task70Direct/Build/Intermediates.noindex/NotchFlow.build/Direct/NotchFlowUI.build/DerivedSources -Xcc -DSWIFT_PACKAGE -emit-objc-header -emit-objc-header-path /Users/ataozeren/Documents/GitHub/dynamic-island-for-macbook/DerivedData/Task70Direct/Build/Intermediates.noindex/NotchFlow.build/Direct/NotchFlowUI.build/Objects-normal/x86_64/NotchFlowUI-Swift.h -working-directory /Users/ataozeren/Documents/GitHub/dynamic-island-for-macbook/NotchFlow.xcodeproj -no-emit-module-separately-wmo

SwiftDriver\ Compilation NotchFlowUI normal arm64 com.apple.xcode.tools.swift.compiler (in target 'NotchFlowUI' from project 'NotchFlow' at path '/Users/ataozeren/Documents/GitHub/dynamic-island-for-macbook/Package.swift')
    cd /Users/ataozeren/Documents/GitHub/dynamic-island-for-macbook/NotchFlow.xcodeproj
    builtin-Swift-Compilation -- /Applications/Xcode.app/Contents/Developer/Toolchains/XcodeDefault.xctoolchain/usr/bin/swiftc -module-name NotchFlowUI -O -whole-module-optimization @/Users/ataozeren/Documents/GitHub/dynamic-island-for-macbook/DerivedData/Task70Direct/Build/Intermediates.noindex/NotchFlow.build/Direct/NotchFlowUI.build/Objects-normal/arm64/NotchFlowUI.SwiftFileList -DSWIFT_PACKAGE -DSWIFT_MODULE_RESOURCE_BUNDLE_AVAILABLE -DXcode -enable-upcoming-feature StrictConcurrency -plugin-path /Applications/Xcode.app/Contents/Developer/Toolchains/XcodeDefault.xctoolchain/usr/lib/swift/host/plugins/testing -enable-experimental-feature DebugDescriptionMacro -sdk /Applications/Xcode.app/Contents/Developer/Platforms/MacOSX.platform/Developer/SDKs/MacOSX26.5.sdk -target arm64-apple-macos14.0 -g -module-cache-path /Users/ataozeren/Documents/GitHub/dynamic-island-for-macbook/DerivedData/Task70Direct/ModuleCache.noindex -Xfrontend -serialize-debugging-options -suppress-warnings -swift-version 6 -I /Users/ataozeren/Documents/GitHub/dynamic-island-for-macbook/DerivedData/Task70Direct/Build/Products/Direct -Isystem /Applications/Xcode.app/Contents/Developer/Platforms/MacOSX.platform/Developer/usr/lib -F /Users/ataozeren/Documents/GitHub/dynamic-island-for-macbook/DerivedData/Task70Direct/Build/Products/Direct/PackageFrameworks -F /Users/ataozeren/Documents/GitHub/dynamic-island-for-macbook/DerivedData/Task70Direct/Build/Products/Direct -F /Applications/Xcode.app/Contents/Developer/Platforms/MacOSX.platform/Developer/Library/Frameworks -emit-localized-strings -emit-localized-strings-path /Users/ataozeren/Documents/GitHub/dynamic-island-for-macbook/DerivedData/Task70Direct/Build/Intermediates.noindex/NotchFlow.build/Direct/NotchFlowUI.build/Objects-normal/arm64 -c -num-threads 10 -Xcc -ivfsstatcache -Xcc /Users/ataozeren/Documents/GitHub/dynamic-island-for-macbook/DerivedData/Task70Direct/SDKStatCaches.noindex/macosx26.5-25F70-e082c4a02f00227109f4ed75e425c832.sdkstatcache -output-file-map /Users/ataozeren/Documents/GitHub/dynamic-island-for-macbook/DerivedData/Task70Direct/Build/Intermediates.noindex/NotchFlow.build/Direct/NotchFlowUI.build/Objects-normal/arm64/NotchFlowUI-OutputFileMap.json -use-frontend-parseable-output -save-temps -no-color-diagnostics -explicit-module-build -module-cache-path /Users/ataozeren/Documents/GitHub/dynamic-island-for-macbook/DerivedData/Task70Direct/Build/Intermediates.noindex/SwiftExplicitPrecompiledModules -clang-scanner-module-cache-path /Users/ataozeren/Documents/GitHub/dynamic-island-for-macbook/DerivedData/Task70Direct/ModuleCache.noindex -sdk-module-cache-path /Users/ataozeren/Documents/GitHub/dynamic-island-for-macbook/DerivedData/Task70Direct/ModuleCache.noindex -serialize-diagnostics -emit-dependencies -emit-module -emit-module-path /Users/ataozeren/Documents/GitHub/dynamic-island-for-macbook/DerivedData/Task70Direct/Build/Intermediates.noindex/NotchFlow.build/Direct/NotchFlowUI.build/Objects-normal/arm64/NotchFlowUI.swiftmodule -validate-clang-modules-once -clang-build-session-file /Users/ataozeren/Documents/GitHub/dynamic-island-for-macbook/DerivedData/Task70Direct/ModuleCache.noindex/Session.modulevalidation -package-name dynamic_island_for_macbook -Xcc -I/Users/ataozeren/Documents/GitHub/dynamic-island-for-macbook/DerivedData/Task70Direct/Build/Intermediates.noindex/NotchFlow.build/Direct/NotchFlowUI.build/swift-overrides.hmap -emit-const-values -Xfrontend -const-gather-protocols-file -Xfrontend /Users/ataozeren/Documents/GitHub/dynamic-island-for-macbook/DerivedData/Task70Direct/Build/Intermediates.noindex/NotchFlow.build/Direct/NotchFlowUI.build/Objects-normal/arm64/NotchFlowUI_const_extract_protocols.json -Xcc -I/Users/ataozeren/Documents/GitHub/dynamic-island-for-macbook/DerivedData/Task70Direct/Build/Products/Direct/include -Xcc -I/Users/ataozeren/Documents/GitHub/dynamic-island-for-macbook/DerivedData/Task70Direct/Build/Intermediates.noindex/NotchFlow.build/Direct/NotchFlowUI.build/DerivedSources-normal/arm64 -Xcc -I/Users/ataozeren/Documents/GitHub/dynamic-island-for-macbook/DerivedData/Task70Direct/Build/Intermediates.noindex/NotchFlow.build/Direct/NotchFlowUI.build/DerivedSources/arm64 -Xcc -I/Users/ataozeren/Documents/GitHub/dynamic-island-for-macbook/DerivedData/Task70Direct/Build/Intermediates.noindex/NotchFlow.build/Direct/NotchFlowUI.build/DerivedSources -Xcc -DSWIFT_PACKAGE -emit-objc-header -emit-objc-header-path /Users/ataozeren/Documents/GitHub/dynamic-island-for-macbook/DerivedData/Task70Direct/Build/Intermediates.noindex/NotchFlow.build/Direct/NotchFlowUI.build/Objects-normal/arm64/NotchFlowUI-Swift.h -working-directory /Users/ataozeren/Documents/GitHub/dynamic-island-for-macbook/NotchFlow.xcodeproj -no-emit-module-separately-wmo

SwiftDriver\ Compilation NotchFlowProviders normal arm64 com.apple.xcode.tools.swift.compiler (in target 'NotchFlowProviders' from project 'NotchFlow' at path '/Users/ataozeren/Documents/GitHub/dynamic-island-for-macbook/Package.swift')
    cd /Users/ataozeren/Documents/GitHub/dynamic-island-for-macbook/NotchFlow.xcodeproj
    builtin-Swift-Compilation -- /Applications/Xcode.app/Contents/Developer/Toolchains/XcodeDefault.xctoolchain/usr/bin/swiftc -module-name NotchFlowProviders -O -whole-module-optimization @/Users/ataozeren/Documents/GitHub/dynamic-island-for-macbook/DerivedData/Task70Direct/Build/Intermediates.noindex/NotchFlow.build/Direct/NotchFlowProviders.build/Objects-normal/arm64/NotchFlowProviders.SwiftFileList -DSWIFT_PACKAGE -DSWIFT_MODULE_RESOURCE_BUNDLE_UNAVAILABLE -DXcode -enable-upcoming-feature StrictConcurrency -plugin-path /Applications/Xcode.app/Contents/Developer/Toolchains/XcodeDefault.xctoolchain/usr/lib/swift/host/plugins/testing -enable-experimental-feature DebugDescriptionMacro -sdk /Applications/Xcode.app/Contents/Developer/Platforms/MacOSX.platform/Developer/SDKs/MacOSX26.5.sdk -target arm64-apple-macos14.0 -g -module-cache-path /Users/ataozeren/Documents/GitHub/dynamic-island-for-macbook/DerivedData/Task70Direct/ModuleCache.noindex -Xfrontend -serialize-debugging-options -suppress-warnings -swift-version 6 -I /Users/ataozeren/Documents/GitHub/dynamic-island-for-macbook/DerivedData/Task70Direct/Build/Products/Direct -Isystem /Applications/Xcode.app/Contents/Developer/Platforms/MacOSX.platform/Developer/usr/lib -F /Users/ataozeren/Documents/GitHub/dynamic-island-for-macbook/DerivedData/Task70Direct/Build/Products/Direct/PackageFrameworks -F /Users/ataozeren/Documents/GitHub/dynamic-island-for-macbook/DerivedData/Task70Direct/Build/Products/Direct -F /Applications/Xcode.app/Contents/Developer/Platforms/MacOSX.platform/Developer/Library/Frameworks -emit-localized-strings -emit-localized-strings-path /Users/ataozeren/Documents/GitHub/dynamic-island-for-macbook/DerivedData/Task70Direct/Build/Intermediates.noindex/NotchFlow.build/Direct/NotchFlowProviders.build/Objects-normal/arm64 -c -num-threads 10 -Xcc -ivfsstatcache -Xcc /Users/ataozeren/Documents/GitHub/dynamic-island-for-macbook/DerivedData/Task70Direct/SDKStatCaches.noindex/macosx26.5-25F70-e082c4a02f00227109f4ed75e425c832.sdkstatcache -output-file-map /Users/ataozeren/Documents/GitHub/dynamic-island-for-macbook/DerivedData/Task70Direct/Build/Intermediates.noindex/NotchFlow.build/Direct/NotchFlowProviders.build/Objects-normal/arm64/NotchFlowProviders-OutputFileMap.json -use-frontend-parseable-output -save-temps -no-color-diagnostics -explicit-module-build -module-cache-path /Users/ataozeren/Documents/GitHub/dynamic-island-for-macbook/DerivedData/Task70Direct/Build/Intermediates.noindex/SwiftExplicitPrecompiledModules -clang-scanner-module-cache-path /Users/ataozeren/Documents/GitHub/dynamic-island-for-macbook/DerivedData/Task70Direct/ModuleCache.noindex -sdk-module-cache-path /Users/ataozeren/Documents/GitHub/dynamic-island-for-macbook/DerivedData/Task70Direct/ModuleCache.noindex -serialize-diagnostics -emit-dependencies -emit-module -emit-module-path /Users/ataozeren/Documents/GitHub/dynamic-island-for-macbook/DerivedData/Task70Direct/Build/Intermediates.noindex/NotchFlow.build/Direct/NotchFlowProviders.build/Objects-normal/arm64/NotchFlowProviders.swiftmodule -validate-clang-modules-once -clang-build-session-file /Users/ataozeren/Documents/GitHub/dynamic-island-for-macbook/DerivedData/Task70Direct/ModuleCache.noindex/Session.modulevalidation -package-name dynamic_island_for_macbook -Xcc -I/Users/ataozeren/Documents/GitHub/dynamic-island-for-macbook/DerivedData/Task70Direct/Build/Intermediates.noindex/NotchFlow.build/Direct/NotchFlowProviders.build/swift-overrides.hmap -emit-const-values -Xfrontend -const-gather-protocols-file -Xfrontend /Users/ataozeren/Documents/GitHub/dynamic-island-for-macbook/DerivedData/Task70Direct/Build/Intermediates.noindex/NotchFlow.build/Direct/NotchFlowProviders.build/Objects-normal/arm64/NotchFlowProviders_const_extract_protocols.json -Xcc -I/Users/ataozeren/Documents/GitHub/dynamic-island-for-macbook/DerivedData/Task70Direct/Build/Products/Direct/include -Xcc -I/Users/ataozeren/Documents/GitHub/dynamic-island-for-macbook/DerivedData/Task70Direct/Build/Intermediates.noindex/NotchFlow.build/Direct/NotchFlowProviders.build/DerivedSources-normal/arm64 -Xcc -I/Users/ataozeren/Documents/GitHub/dynamic-island-for-macbook/DerivedData/Task70Direct/Build/Intermediates.noindex/NotchFlow.build/Direct/NotchFlowProviders.build/DerivedSources/arm64 -Xcc -I/Users/ataozeren/Documents/GitHub/dynamic-island-for-macbook/DerivedData/Task70Direct/Build/Intermediates.noindex/NotchFlow.build/Direct/NotchFlowProviders.build/DerivedSources -Xcc -DSWIFT_PACKAGE -emit-objc-header -emit-objc-header-path /Users/ataozeren/Documents/GitHub/dynamic-island-for-macbook/DerivedData/Task70Direct/Build/Intermediates.noindex/NotchFlow.build/Direct/NotchFlowProviders.build/Objects-normal/arm64/NotchFlowProviders-Swift.h -working-directory /Users/ataozeren/Documents/GitHub/dynamic-island-for-macbook/NotchFlow.xcodeproj -no-emit-module-separately-wmo

SwiftExplicitDependencyGeneratePcm arm64 /Users/ataozeren/Documents/GitHub/dynamic-island-for-macbook/DerivedData/Task70Direct/ModuleCache.noindex/simd-AHLKTTX03SYVKHSXRWXCPB9W5.pcm

SwiftExplicitDependencyGeneratePcm arm64 /Users/ataozeren/Documents/GitHub/dynamic-island-for-macbook/DerivedData/Task70Direct/ModuleCache.noindex/ApplicationServices-8EEVVPUOE6SY5PO7QJIPMK0JD.pcm

SwiftExplicitDependencyGeneratePcm x86_64 /Users/ataozeren/Documents/GitHub/dynamic-island-for-macbook/DerivedData/Task70Direct/ModuleCache.noindex/CoreVideo-BI3O1J4T09QYXB8EHS3SHMMSU.pcm

SwiftExplicitDependencyGeneratePcm x86_64 /Users/ataozeren/Documents/GitHub/dynamic-island-for-macbook/DerivedData/Task70Direct/ModuleCache.noindex/ScriptingBridge-1SZXV46IE4U53TUCMJGWU6N45.pcm

SwiftExplicitDependencyGeneratePcm x86_64 /Users/ataozeren/Documents/GitHub/dynamic-island-for-macbook/DerivedData/Task70Direct/ModuleCache.noindex/QuartzCore-A0RO43WSW2OIXHYJ7CE64V2Y.pcm

SwiftExplicitDependencyGeneratePcm x86_64 /Users/ataozeren/Documents/GitHub/dynamic-island-for-macbook/DerivedData/Task70Direct/ModuleCache.noindex/CoreImage-4SI704374PE5QX9RCUGJGWTEI.pcm

SwiftExplicitDependencyGeneratePcm arm64 /Users/ataozeren/Documents/GitHub/dynamic-island-for-macbook/DerivedData/Task70Direct/ModuleCache.noindex/CoreVideo-6VFDYIGNTF0E2XAO5DW88XP64.pcm

SwiftExplicitDependencyGeneratePcm arm64 /Users/ataozeren/Documents/GitHub/dynamic-island-for-macbook/DerivedData/Task70Direct/ModuleCache.noindex/ScriptingBridge-528QPR2EQOY7FL1C0KWIDI14E.pcm

SwiftExplicitDependencyGeneratePcm x86_64 /Users/ataozeren/Documents/GitHub/dynamic-island-for-macbook/DerivedData/Task70Direct/ModuleCache.noindex/Spatial-3LFK23UBGU4BS1TU0GXJTHG6F.pcm

SwiftExplicitDependencyGeneratePcm arm64 /Users/ataozeren/Documents/GitHub/dynamic-island-for-macbook/DerivedData/Task70Direct/ModuleCache.noindex/QuartzCore-EN6FJQI78Y18J56EQGBZYGTQ1.pcm

SwiftExplicitDependencyGeneratePcm arm64 /Users/ataozeren/Documents/GitHub/dynamic-island-for-macbook/DerivedData/Task70Direct/ModuleCache.noindex/CoreImage-BNSRLBZEGONLLWQ2MEEFWR957.pcm

SwiftExplicitDependencyGeneratePcm x86_64 /Users/ataozeren/Documents/GitHub/dynamic-island-for-macbook/DerivedData/Task70Direct/ModuleCache.noindex/SwiftUICore-6I06WTGC1DQWLK6EY98WE9FWC.pcm

SwiftExplicitDependencyGeneratePcm x86_64 /Users/ataozeren/Documents/GitHub/dynamic-island-for-macbook/DerivedData/Task70Direct/ModuleCache.noindex/AppKit-4PFSNC76QE9XZ9IRW6HU1RCIB.pcm

SwiftExplicitDependencyGeneratePcm arm64 /Users/ataozeren/Documents/GitHub/dynamic-island-for-macbook/DerivedData/Task70Direct/ModuleCache.noindex/SwiftUICore-8GX5N7PUB4U7A03R69Z3HBT6I.pcm

SwiftExplicitDependencyGeneratePcm arm64 /Users/ataozeren/Documents/GitHub/dynamic-island-for-macbook/DerivedData/Task70Direct/ModuleCache.noindex/AppKit-9T3T0D50LWIJUB8I70UDMNZFE.pcm

SwiftExplicitDependencyGeneratePcm arm64 /Users/ataozeren/Documents/GitHub/dynamic-island-for-macbook/DerivedData/Task70Direct/ModuleCache.noindex/Spatial-BXT13AJFGKZ3VSGKL05UV065Y.pcm

SwiftCompile normal x86_64 Compiling\ AgentDetector.swift,\ AppleScriptMusicProvider.swift,\ ChargingProvider.swift,\ ClaudeCodeHookInstaller.swift,\ CodexHookInstaller.swift,\ LoopbackHTTPListener.swift,\ LoopbackHTTPRequest.swift,\ MusicAutomationAuthority.swift,\ MusicProvider.swift,\ NotchFlowProviders.swift,\ OpenCodePluginInstaller.swift,\ ProviderComposition.swift,\ ProviderRegistration.swift,\ RecordingProvider.swift,\ RecordingSessionLatch.swift,\ ScriptingBridgeMusicPlayerClient.swift,\ SettingsStore.swift,\ SystemAudioRecordingObserver.swift,\ SystemMouseLocationObserver.swift,\ SystemNowPlayingBridge.swift,\ SystemPowerSourceObserver.swift,\ SystemScreenChangeObserver.swift,\ SystemScreenRecordingObserver.swift,\ TOMLSyntaxScanner.swift,\ TimerProvider.swift /Users/ataozeren/Documents/GitHub/dynamic-island-for-macbook/Sources/NotchFlowProviders/AgentDetector.swift /Users/ataozeren/Documents/GitHub/dynamic-island-for-macbook/Sources/NotchFlowProviders/AppleScriptMusicProvider.swift /Users/ataozeren/Documents/GitHub/dynamic-island-for-macbook/Sources/NotchFlowProviders/ChargingProvider.swift /Users/ataozeren/Documents/GitHub/dynamic-island-for-macbook/Sources/NotchFlowProviders/ClaudeCodeHookInstaller.swift /Users/ataozeren/Documents/GitHub/dynamic-island-for-macbook/Sources/NotchFlowProviders/CodexHookInstaller.swift /Users/ataozeren/Documents/GitHub/dynamic-island-for-macbook/Sources/NotchFlowProviders/LoopbackHTTPListener.swift /Users/ataozeren/Documents/GitHub/dynamic-island-for-macbook/Sources/NotchFlowProviders/LoopbackHTTPRequest.swift /Users/ataozeren/Documents/GitHub/dynamic-island-for-macbook/Sources/NotchFlowProviders/MusicAutomationAuthority.swift /Users/ataozeren/Documents/GitHub/dynamic-island-for-macbook/Sources/NotchFlowProviders/MusicProvider.swift /Users/ataozeren/Documents/GitHub/dynamic-island-for-macbook/Sources/NotchFlowProviders/NotchFlowProviders.swift /Users/ataozeren/Documents/GitHub/dynamic-island-for-macbook/Sources/NotchFlowProviders/OpenCodePluginInstaller.swift /Users/ataozeren/Documents/GitHub/dynamic-island-for-macbook/Sources/NotchFlowProviders/ProviderComposition.swift /Users/ataozeren/Documents/GitHub/dynamic-island-for-macbook/Sources/NotchFlowProviders/ProviderRegistration.swift /Users/ataozeren/Documents/GitHub/dynamic-island-for-macbook/Sources/NotchFlowProviders/RecordingProvider.swift /Users/ataozeren/Documents/GitHub/dynamic-island-for-macbook/Sources/NotchFlowProviders/RecordingSessionLatch.swift /Users/ataozeren/Documents/GitHub/dynamic-island-for-macbook/Sources/NotchFlowProviders/ScriptingBridgeMusicPlayerClient.swift /Users/ataozeren/Documents/GitHub/dynamic-island-for-macbook/Sources/NotchFlowProviders/SettingsStore.swift /Users/ataozeren/Documents/GitHub/dynamic-island-for-macbook/Sources/NotchFlowProviders/SystemAudioRecordingObserver.swift /Users/ataozeren/Documents/GitHub/dynamic-island-for-macbook/Sources/NotchFlowProviders/SystemMouseLocationObserver.swift /Users/ataozeren/Documents/GitHub/dynamic-island-for-macbook/Sources/NotchFlowProviders/SystemNowPlayingBridge.swift /Users/ataozeren/Documents/GitHub/dynamic-island-for-macbook/Sources/NotchFlowProviders/SystemPowerSourceObserver.swift /Users/ataozeren/Documents/GitHub/dynamic-island-for-macbook/Sources/NotchFlowProviders/SystemScreenChangeObserver.swift /Users/ataozeren/Documents/GitHub/dynamic-island-for-macbook/Sources/NotchFlowProviders/SystemScreenRecordingObserver.swift /Users/ataozeren/Documents/GitHub/dynamic-island-for-macbook/Sources/NotchFlowProviders/TOMLSyntaxScanner.swift /Users/ataozeren/Documents/GitHub/dynamic-island-for-macbook/Sources/NotchFlowProviders/TimerProvider.swift /Applications/Xcode.app/Contents/Developer/Toolchains/XcodeDefault.xctoolchain/usr/lib/swift/macosx/prebuilt-modules/26.5/Observation.swiftmodule/x86_64-apple-macos.swiftmodule /Applications/Xcode.app/Contents/Developer/Toolchains/XcodeDefault.xctoolchain/usr/lib/swift/macosx/prebuilt-modules/26.5/_DarwinFoundation1.swiftmodule/x86_64-apple-macos.swiftmodule /Applications/Xcode.app/Contents/Developer/Toolchains/XcodeDefault.xctoolchain/usr/lib/swift/macosx/prebuilt-modules/26.5/Distributed.swiftmodule/x86_64-apple-macos.swiftmodule /Applications/Xcode.app/Contents/Developer/Toolchains/XcodeDefault.xctoolchain/usr/lib/swift/macosx/prebuilt-modules/26.5/_StringProcessing.swiftmodule/x86_64-apple-macos.swiftmodule /Applications/Xcode.app/Contents/Developer/Toolchains/XcodeDefault.xctoolchain/usr/lib/swift/macosx/prebuilt-modules/26.5/Dispatch.swiftmodule/x86_64-apple-macos.swiftmodule /Applications/Xcode.app/Contents/Developer/Toolchains/XcodeDefault.xctoolchain/usr/lib/swift/macosx/prebuilt-modules/26.5/Swift.swiftmodule/x86_64-apple-macos.swiftmodule /Applications/Xcode.app/Contents/Developer/Toolchains/XcodeDefault.xctoolchain/usr/lib/swift/macosx/prebuilt-modules/26.5/CoreGraphics.swiftmodule/x86_64-apple-macos.swiftmodule /Applications/Xcode.app/Contents/Developer/Toolchains/XcodeDefault.xctoolchain/usr/lib/swift/macosx/prebuilt-modules/26.5/Symbols.swiftmodule/x86_64-apple-macos.swiftmodule /Applications/Xcode.app/Contents/Developer/Toolchains/XcodeDefault.xctoolchain/usr/lib/swift/macosx/prebuilt-modules/26.5/DataDetection.swiftmodule/x86_64-apple-macos.swiftmodule /Applications/Xcode.app/Contents/Developer/Toolchains/XcodeDefault.xctoolchain/usr/lib/swift/macosx/prebuilt-modules/26.5/UniformTypeIdentifiers.swiftmodule/x86_64-apple-macos.swiftmodule /Applications/Xcode.app/Contents/Developer/Toolchains/XcodeDefault.xctoolchain/usr/lib/swift/macosx/prebuilt-modules/26.5/QuartzCore.swiftmodule/x86_64-apple-macos.swiftmodule /Applications/Xcode.app/Contents/Developer/Toolchains/XcodeDefault.xctoolchain/usr/lib/swift/macosx/prebuilt-modules/26.5/Foundation.swiftmodule/x86_64-apple-macos.swiftmodule /Applications/Xcode.app/Contents/Developer/Toolchains/XcodeDefault.xctoolchain/usr/lib/swift/macosx/prebuilt-modules/26.5/CoreText.swiftmodule/x86_64-apple-macos.swiftmodule /Applications/Xcode.app/Contents/Developer/Toolchains/XcodeDefault.xctoolchain/usr/lib/swift/macosx/prebuilt-modules/26.5/Spatial.swiftmodule/x86_64-apple-macos.swiftmodule /Users/ataozeren/Documents/GitHub/dynamic-island-for-macbook/DerivedData/Task70Direct/Build/Products/Direct/NotchFlowCore.swiftmodule/x86_64-apple-macos.swiftmodule /Applications/Xcode.app/Contents/Developer/Toolchains/XcodeDefault.xctoolchain/usr/lib/swift/macosx/prebuilt-modules/26.5/OSLog.swiftmodule/x86_64-apple-macos.swiftmodule /Applications/Xcode.app/Contents/Developer/Toolchains/XcodeDefault.xctoolchain/usr/lib/swift/macosx/prebuilt-modules/26.5/Combine.swiftmodule/x86_64-apple-macos.swiftmodule /Applications/Xcode.app/Contents/Developer/Toolchains/XcodeDefault.xctoolchain/usr/lib/swift/macosx/prebuilt-modules/26.5/CoreImage.swiftmodule/x86_64-apple-macos.swiftmodule /Applications/Xcode.app/Contents/Developer/Toolchains/XcodeDefault.xctoolchain/usr/lib/swift/macosx/prebuilt-modules/26.5/os.swiftmodule/x86_64-apple-macos.swiftmodule /Applications/Xcode.app/Contents/Developer/Toolchains/XcodeDefault.xctoolchain/usr/lib/swift/macosx/prebuilt-modules/26.5/IOKit.swiftmodule/x86_64-apple-macos.swiftmodule /Applications/Xcode.app/Contents/Developer/Toolchains/XcodeDefault.xctoolchain/usr/lib/swift/macosx/prebuilt-modules/26.5/System.swiftmodule/x86_64-apple-macos.swiftmodule /Applications/Xcode.app/Contents/Developer/Toolchains/XcodeDefault.xctoolchain/usr/lib/swift/macosx/prebuilt-modules/26.5/SwiftUICore.swiftmodule/x86_64-apple-macos.swiftmodule /Applications/Xcode.app/Contents/Developer/Toolchains/XcodeDefault.xctoolchain/usr/lib/swift/macosx/prebuilt-modules/26.5/CoreAudio.swiftmodule/x86_64-apple-macos.swiftmodule /Applications/Xcode.app/Contents/Developer/Toolchains/XcodeDefault.xctoolchain/usr/lib/swift/macosx/prebuilt-modules/26.5/CoreTransferable.swiftmodule/x86_64-apple-macos.swiftmodule /Applications/Xcode.app/Contents/Developer/Toolchains/XcodeDefault.xctoolchain/usr/lib/swift/macosx/prebuilt-modules/26.5/XPC.swiftmodule/x86_64-apple-macos.swiftmodule /Applications/Xcode.app/Contents/Developer/Toolchains/XcodeDefault.xctoolchain/usr/lib/swift/macosx/prebuilt-modules/26.5/Metal.swiftmodule/x86_64-apple-macos.swiftmodule /Applications/Xcode.app/Contents/Developer/Toolchains/XcodeDefault.xctoolchain/usr/lib/swift/macosx/prebuilt-modules/26.5/Accessibility.swiftmodule/x86_64-apple-macos.swiftmodule /Applications/Xcode.app/Contents/Developer/Toolchains/XcodeDefault.xctoolchain/usr/lib/swift/macosx/prebuilt-modules/26.5/simd.swiftmodule/x86_64-apple-macos.swiftmodule /Applications/Xcode.app/Contents/Developer/Toolchains/XcodeDefault.xctoolchain/usr/lib/swift/macosx/prebuilt-modules/26.5/CoreVideo.swiftmodule/x86_64-apple-macos.swiftmodule /Applications/Xcode.app/Contents/Developer/Toolchains/XcodeDefault.xctoolchain/usr/lib/swift/macosx/prebuilt-modules/26.5/Synchronization.swiftmodule/x86_64-apple-macos.swiftmodule /Applications/Xcode.app/Contents/Developer/Toolchains/XcodeDefault.xctoolchain/usr/lib/swift/macosx/prebuilt-modules/26.5/Network.swiftmodule/x86_64-apple-macos.swiftmodule /Applications/Xcode.app/Contents/Developer/Toolchains/XcodeDefault.xctoolchain/usr/lib/swift/macosx/prebuilt-modules/26.5/_Builtin_float.swiftmodule/x86_64-apple-macos.swiftmodule /Applications/Xcode.app/Contents/Developer/Toolchains/XcodeDefault.xctoolchain/usr/lib/swift/macosx/prebuilt-modules/26.5/CoreFoundation.swiftmodule/x86_64-apple-macos.swiftmodule /Applications/Xcode.app/Contents/Developer/Toolchains/XcodeDefault.xctoolchain/usr/lib/swift/macosx/prebuilt-modules/26.5/CoreData.swiftmodule/x86_64-apple-macos.swiftmodule /Applications/Xcode.app/Contents/Developer/Toolchains/XcodeDefault.xctoolchain/usr/lib/swift/macosx/prebuilt-modules/26.5/_Concurrency.swiftmodule/x86_64-apple-macos.swiftmodule /Applications/Xcode.app/Contents/Developer/Toolchains/XcodeDefault.xctoolchain/usr/lib/swift/macosx/prebuilt-modules/26.5/AppKit.swiftmodule/x86_64-apple-macos.swiftmodule /Applications/Xcode.app/Contents/Developer/Toolchains/XcodeDefault.xctoolchain/usr/lib/swift/macosx/prebuilt-modules/26.5/_DarwinFoundation2.swiftmodule/x86_64-apple-macos.swiftmodule /Applications/Xcode.app/Contents/Developer/Toolchains/XcodeDefault.xctoolchain/usr/lib/swift/macosx/prebuilt-modules/26.5/DeveloperToolsSupport.swiftmodule/x86_64-apple-macos.swiftmodule /Applications/Xcode.app/Contents/Developer/Toolchains/XcodeDefault.xctoolchain/usr/lib/swift/macosx/prebuilt-modules/26.5/Darwin.swiftmodule/x86_64-apple-macos.swiftmodule /Applications/Xcode.app/Contents/Developer/Toolchains/XcodeDefault.xctoolchain/usr/lib/swift/macosx/prebuilt-modules/26.5/ObjectiveC.swiftmodule/x86_64-apple-macos.swiftmodule /Applications/Xcode.app/Contents/Developer/Toolchains/XcodeDefault.xctoolchain/usr/lib/swift/macosx/prebuilt-modules/26.5/_DarwinFoundation3.swiftmodule/x86_64-apple-macos.swiftmodule /Users/ataozeren/Documents/GitHub/dynamic-island-for-macbook/DerivedData/Task70Direct/ModuleCache.noindex/Darwin-6A1NBHB9KUAZ9TFBPUMXS8OD5.pcm /Users/ataozeren/Documents/GitHub/dynamic-island-for-macbook/DerivedData/Task70Direct/ModuleCache.noindex/_Builtin_inttypes-A422XMMGP7H4W4PIF2Q3RTKTG.pcm /Users/ataozeren/Documents/GitHub/dynamic-island-for-macbook/DerivedData/Task70Direct/ModuleCache.noindex/ptrcheck-929ADE55KKLLZD7R93NGZWSVV.pcm /Users/ataozeren/Documents/GitHub/dynamic-island-for-macbook/DerivedData/Task70Direct/ModuleCache.noindex/QuartzCore-A0RO43WSW2OIXHYJ7CE64V2Y.pcm /Users/ataozeren/Documents/GitHub/dynamic-island-for-macbook/DerivedData/Task70Direct/ModuleCache.noindex/CoreServices-87U4FDD5TWKZ88SNG55CR9U6H.pcm /Users/ataozeren/Documents/GitHub/dynamic-island-for-macbook/DerivedData/Task70Direct/ModuleCache.noindex/_Builtin_limits-BFU0FZYRGLSB2UXZOA08NPIQD.pcm /Users/ataozeren/Documents/GitHub/dynamic-island-for-macbook/DerivedData/Task70Direct/ModuleCache.noindex/libDER-14PB39HIL4M0F40BN1JD0JQEJ.pcm /Users/ataozeren/Documents/GitHub/dynamic-island-for-macbook/DerivedData/Task70Direct/ModuleCache.noindex/dnssd-7TIKAVP5756XHKZOO3Y1TQYOW.pcm /Users/ataozeren/Documents/GitHub/dynamic-island-for-macbook/DerivedData/Task70Direct/ModuleCache.noindex/Symbols-7AEPV9XHGPYT9GRBF80K89C6W.pcm /Users/ataozeren/Documents/GitHub/dynamic-island-for-macbook/DerivedData/Task70Direct/ModuleCache.noindex/simd-AN8LHHUT6HXD9NPRBUGHQHNKB.pcm /Users/ataozeren/Documents/GitHub/dynamic-island-for-macbook/DerivedData/Task70Direct/ModuleCache.noindex/OSLog-AZP1PIVLJLQ88AUJMTXNDF8RQ.pcm /Users/ataozeren/Documents/GitHub/dynamic-island-for-macbook/DerivedData/Task70Direct/ModuleCache.noindex/CFNetwork-6MP1ULCQXOS170883X6ZTEDL2.pcm /Users/ataozeren/Documents/GitHub/dynamic-island-for-macbook/DerivedData/Task70Direct/ModuleCache.noindex/CoreAudio-6BOVQTDMK4BSSDQY3D1V1AOPW.pcm /Users/ataozeren/Documents/GitHub/dynamic-island-for-macbook/DerivedData/Task70Direct/ModuleCache.noindex/_SwiftConcurrencyShims-6MRJAIXPXUW1QQEX0PNH5ECI1.pcm /Users/ataozeren/Documents/GitHub/dynamic-island-for-macbook/DerivedData/Task70Direct/ModuleCache.noindex/UniformTypeIdentifiers-509CU5SON2QWIQG775JGBZPKN.pcm /Users/ataozeren/Documents/GitHub/dynamic-island-for-macbook/DerivedData/Task70Direct/ModuleCache.noindex/Metal-6V8ZRJ3NPT3EHG8OQEIY10SVX.pcm /Users/ataozeren/Documents/GitHub/dynamic-island-for-macbook/DerivedData/Task70Direct/ModuleCache.noindex/CoreAudioTypes-6F87FAVCHDY6MK2TVZSBPBFLB.pcm /Users/ataozeren/Documents/GitHub/dynamic-island-for-macbook/DerivedData/Task70Direct/ModuleCache.noindex/Security-AYLC7BN8GALXAD9UUCLLJ4SCY.pcm /Users/ataozeren/Documents/GitHub/dynamic-island-for-macbook/DerivedData/Task70Direct/ModuleCache.noindex/_AvailabilityInternal-6RX7BCT2L4NH5KZQ7D2NS7SQ1.pcm /Users/ataozeren/Documents/GitHub/dynamic-island-for-macbook/DerivedData/Task70Direct/ModuleCache.noindex/Spatial-3LFK23UBGU4BS1TU0GXJTHG6F.pcm /Users/ataozeren/Documents/GitHub/dynamic-island-for-macbook/DerivedData/Task70Direct/ModuleCache.noindex/CUPS-5XGS6DX5VDXKWAP9UP3KTRCU6.pcm /Users/ataozeren/Documents/GitHub/dynamic-island-for-macbook/DerivedData/Task70Direct/ModuleCache.noindex/_Builtin_stdarg-1XELWSF3V86HVTM8H1LUVZRXW.pcm /Users/ataozeren/Documents/GitHub/dynamic-island-for-macbook/DerivedData/Task70Direct/ModuleCache.noindex/ptrauth-DJNFEO7YDQNTC7B7I3O8YBKY5.pcm /Users/ataozeren/Documents/GitHub/dynamic-island-for-macbook/DerivedData/Task70Direct/ModuleCache.noindex/CoreVideo-BI3O1J4T09QYXB8EHS3SHMMSU.pcm /Users/ataozeren/Documents/GitHub/dynamic-island-for-macbook/DerivedData/Task70Direct/ModuleCache.noindex/sys_types-7ZH3LHF8PRX8MYAVV5HV6IJOS.pcm /Users/ataozeren/Documents/GitHub/dynamic-island-for-macbook/DerivedData/Task70Direct/ModuleCache.noindex/ApplicationServices-4KJVIVP2DW7E5J4T41GZPMJ1.pcm /Users/ataozeren/Documents/GitHub/dynamic-island-for-macbook/DerivedData/Task70Direct/ModuleCache.noindex/CoreText-F16FR6JGX8TWWKL82HB7XZVV6.pcm /Users/ataozeren/Documents/GitHub/dynamic-island-for-macbook/DerivedData/Task70Direct/ModuleCache.noindex/Network-7EF5PQA2TB2YAU77M9Q3OQ1ER.pcm /Users/ataozeren/Documents/GitHub/dynamic-island-for-macbook/DerivedData/Task70Direct/ModuleCache.noindex/IOSurface-2VQ673U0YO5C40T6T5NPG3U13.pcm /Users/ataozeren/Documents/GitHub/dynamic-island-for-macbook/DerivedData/Task70Direct/ModuleCache.noindex/MachO-51F5HEF5JC1795OVW68O7J1FB.pcm /Users/ataozeren/Documents/GitHub/dynamic-island-for-macbook/DerivedData/Task70Direct/ModuleCache.noindex/os-A8O9Y5ZWMXNWRXDQT0CR41YSI.pcm /Users/ataozeren/Documents/GitHub/dynamic-island-for-macbook/DerivedData/Task70Direct/ModuleCache.noindex/_DarwinFoundation3-BXKCXTR95FOQSRLWWCNGV787H.pcm /Users/ataozeren/Documents/GitHub/dynamic-island-for-macbook/DerivedData/Task70Direct/ModuleCache.noindex/SwiftShims-7P78W8JAWBPJJLUWN2VWMPE47.pcm /Users/ataozeren/Documents/GitHub/dynamic-island-for-macbook/DerivedData/Task70Direct/ModuleCache.noindex/Accessibility-2SZKCV80C5QDYVSW4WL5FRQKW.pcm /Users/ataozeren/Documents/GitHub/dynamic-island-for-macbook/DerivedData/Task70Direct/ModuleCache.noindex/Foundation-6L6U991MT4S8XWRGIPIH7CKKC.pcm /Users/ataozeren/Documents/GitHub/dynamic-island-for-macbook/DerivedData/Task70Direct/ModuleCache.noindex/ObjectiveC-2W3YJ8ZSJT18OEW6ZE3T0C184.pcm /Users/ataozeren/Documents/GitHub/dynamic-island-for-macbook/DerivedData/Task70Direct/ModuleCache.noindex/XPC-9D7V24ZM8WQ4EHR302A3N4MQD.pcm /Users/ataozeren/Documents/GitHub/dynamic-island-for-macbook/DerivedData/Task70Direct/ModuleCache.noindex/os_object-IEY7WZ8L6EKHGD8BU2H4O7VF.pcm /Users/ataozeren/Documents/GitHub/dynamic-island-for-macbook/DerivedData/Task70Direct/ModuleCache.noindex/DiskArbitration-DGUNEBQ94B9PQ44BZEODMXYP1.pcm /Users/ataozeren/Documents/GitHub/dynamic-island-for-macbook/DerivedData/Task70Direct/ModuleCache.noindex/_DarwinFoundation2-9ZROX50TBOR9L6RCK0D43F91U.pcm /Users/ataozeren/Documents/GitHub/dynamic-island-for-macbook/DerivedData/Task70Direct/ModuleCache.noindex/DeveloperToolsSupport-EDK4TB6L3R85DX918T7PMNZ6G.pcm /Users/ataozeren/Documents/GitHub/dynamic-island-for-macbook/DerivedData/Task70Direct/ModuleCache.noindex/_Builtin_float-2PK028GU6Z99XXL749SJ2W5W7.pcm /Users/ataozeren/Documents/GitHub/dynamic-island-for-macbook/DerivedData/Task70Direct/ModuleCache.noindex/CoreFoundation-D7WUG92UKJUYX3I0XK5CX72JY.pcm /Users/ataozeren/Documents/GitHub/dynamic-island-for-macbook/DerivedData/Task70Direct/ModuleCache.noindex/launch-BMBSK279QH4CO4BA75DPZ9LOV.pcm /Users/ataozeren/Documents/GitHub/dynamic-island-for-macbook/DerivedData/Task70Direct/ModuleCache.noindex/IOKit-BNMQ56GZG92O5Y10DADVPYWVE.pcm /Users/ataozeren/Documents/GitHub/dynamic-island-for-macbook/DerivedData/Task70Direct/ModuleCache.noindex/OpenGL-6AIP3P6OU53MYSCDX0MZKGAU4.pcm /Users/ataozeren/Documents/GitHub/dynamic-island-for-macbook/DerivedData/Task70Direct/ModuleCache.noindex/CoreTransferable-5239QL6RLN93IGXYYMGD2IPZT.pcm /Users/ataozeren/Documents/GitHub/dynamic-island-for-macbook/DerivedData/Task70Direct/ModuleCache.noindex/DataDetection-D14XH5NKE9OHKUIU22U6UAG1Z.pcm /Users/ataozeren/Documents/GitHub/dynamic-island-for-macbook/DerivedData/Task70Direct/ModuleCache.noindex/SwiftUICore-6I06WTGC1DQWLK6EY98WE9FWC.pcm /Users/ataozeren/Documents/GitHub/dynamic-island-for-macbook/DerivedData/Task70Direct/ModuleCache.noindex/os_workgroup-7TRTCMDWA2Q1XSAKLLKNTF9KP.pcm /Users/ataozeren/Documents/GitHub/dynamic-island-for-macbook/DerivedData/Task70Direct/ModuleCache.noindex/_DarwinFoundation1-9Y5QVN7VUAB3HR55HZK2DQF6B.pcm /Users/ataozeren/Documents/GitHub/dynamic-island-for-macbook/DerivedData/Task70Direct/ModuleCache.noindex/CoreGraphics-9IU7U995HHGUGN94ZJI0FYKFN.pcm /Users/ataozeren/Documents/GitHub/dynamic-island-for-macbook/DerivedData/Task70Direct/ModuleCache.noindex/AppKit-4PFSNC76QE9XZ9IRW6HU1RCIB.pcm /Users/ataozeren/Documents/GitHub/dynamic-island-for-macbook/DerivedData/Task70Direct/ModuleCache.noindex/ImageIO-1FV91L5QTB645IIWYLX456ZIO.pcm /Users/ataozeren/Documents/GitHub/dynamic-island-for-macbook/DerivedData/Task70Direct/ModuleCache.noindex/_Builtin_stdbool-83490WYRUVOFEXML7QKDTBFHL.pcm /Users/ataozeren/Documents/GitHub/dynamic-island-for-macbook/DerivedData/Task70Direct/ModuleCache.noindex/_Builtin_stddef-AUWDZCL0SVOPIRW1HEURWN6NI.pcm /Users/ataozeren/Documents/GitHub/dynamic-island-for-macbook/DerivedData/Task70Direct/ModuleCache.noindex/_Builtin_stdint-5DIST2J7S82EB694TIA0OCJTS.pcm /Users/ataozeren/Documents/GitHub/dynamic-island-for-macbook/DerivedData/Task70Direct/ModuleCache.noindex/_Builtin_stdatomic-EUJ38YAAZ9LEAXOER5JCZ8A6P.pcm /Users/ataozeren/Documents/GitHub/dynamic-island-for-macbook/DerivedData/Task70Direct/ModuleCache.noindex/_Builtin_tgmath-AGDRLWV6D646USKMC57Y6GILM.pcm /Users/ataozeren/Documents/GitHub/dynamic-island-for-macbook/DerivedData/Task70Direct/ModuleCache.noindex/libkern-8TM40SHELUD1NL3KS9I9LCDIW.pcm /Users/ataozeren/Documents/GitHub/dynamic-island-for-macbook/DerivedData/Task70Direct/ModuleCache.noindex/ColorSync-57ZJD7MBN9FWWM3GJ2P3VHFNG.pcm /Users/ataozeren/Documents/GitHub/dynamic-island-for-macbook/DerivedData/Task70Direct/ModuleCache.noindex/CoreImage-4SI704374PE5QX9RCUGJGWTEI.pcm /Users/ataozeren/Documents/GitHub/dynamic-island-for-macbook/DerivedData/Task70Direct/ModuleCache.noindex/CoreData-40GKUZFGMTR50XGGN7W6235ZY.pcm /Users/ataozeren/Documents/GitHub/dynamic-island-for-macbook/DerivedData/Task70Direct/ModuleCache.noindex/_Builtin_intrinsics-70T6TW0EAL93YCCEYZ18L0QFI.pcm /Users/ataozeren/Documents/GitHub/dynamic-island-for-macbook/DerivedData/Task70Direct/ModuleCache.noindex/ScriptingBridge-1SZXV46IE4U53TUCMJGWU6N45.pcm /Users/ataozeren/Documents/GitHub/dynamic-island-for-macbook/DerivedData/Task70Direct/ModuleCache.noindex/Dispatch-AFKU51HGD6JZ4SBQ70HT4JZ0H.pcm /Users/ataozeren/Documents/GitHub/dynamic-island-for-macbook/DerivedData/Task70Direct/Build/Intermediates.noindex/NotchFlow.build/Direct/NotchFlowProviders.build/Objects-normal/x86_64/NotchFlowProviders-dependencies-1.json (in target 'NotchFlowProviders' from project 'NotchFlow' at path '/Users/ataozeren/Documents/GitHub/dynamic-island-for-macbook/Package.swift')
CompileSwift normal x86_64 (in target 'NotchFlowProviders' from project 'NotchFlow' at path '/Users/ataozeren/Documents/GitHub/dynamic-island-for-macbook/Package.swift')
    cd /Users/ataozeren/Documents/GitHub/dynamic-island-for-macbook/NotchFlow.xcodeproj


SwiftExplicitDependencyGeneratePcm x86_64 /Users/ataozeren/Documents/GitHub/dynamic-island-for-macbook/DerivedData/Task70Direct/ModuleCache.noindex/SwiftUI-68WQC89GOR2LWR68023U5PCP2.pcm

SwiftCompile normal x86_64 Compiling\ resource_bundle_accessor.swift,\ AIAgentActivityView.swift,\ AIIntegrationsSettingsView.swift,\ AboutSettingsView.swift,\ ActivitiesSettingsView.swift,\ ChargingActivityView.swift,\ CompactActivityView.swift,\ ExpandedActivityView.swift,\ GeneralSettingsView.swift,\ IslandAnimation.swift,\ IslandAppearance.swift,\ LocalizedText.swift,\ ManualSetupView.swift,\ MusicActivityView.swift,\ NotchFlowUI.swift,\ NotchPanel.swift,\ OnboardingWindowView.swift,\ PresentationController.swift,\ SettingsPane.swift,\ SettingsWindowView.swift,\ TimerActivityView.swift,\ GeneratedStringSymbols_Localizable.swift /Users/ataozeren/Documents/GitHub/dynamic-island-for-macbook/DerivedData/Task70Direct/Build/Intermediates.noindex/NotchFlow.build/Direct/NotchFlowUI.build/DerivedSources/resource_bundle_accessor.swift /Users/ataozeren/Documents/GitHub/dynamic-island-for-macbook/Sources/NotchFlowUI/AIAgentActivityView.swift /Users/ataozeren/Documents/GitHub/dynamic-island-for-macbook/Sources/NotchFlowUI/AIIntegrationsSettingsView.swift /Users/ataozeren/Documents/GitHub/dynamic-island-for-macbook/Sources/NotchFlowUI/AboutSettingsView.swift /Users/ataozeren/Documents/GitHub/dynamic-island-for-macbook/Sources/NotchFlowUI/ActivitiesSettingsView.swift /Users/ataozeren/Documents/GitHub/dynamic-island-for-macbook/Sources/NotchFlowUI/ChargingActivityView.swift /Users/ataozeren/Documents/GitHub/dynamic-island-for-macbook/Sources/NotchFlowUI/CompactActivityView.swift /Users/ataozeren/Documents/GitHub/dynamic-island-for-macbook/Sources/NotchFlowUI/ExpandedActivityView.swift /Users/ataozeren/Documents/GitHub/dynamic-island-for-macbook/Sources/NotchFlowUI/GeneralSettingsView.swift /Users/ataozeren/Documents/GitHub/dynamic-island-for-macbook/Sources/NotchFlowUI/IslandAnimation.swift /Users/ataozeren/Documents/GitHub/dynamic-island-for-macbook/Sources/NotchFlowUI/IslandAppearance.swift /Users/ataozeren/Documents/GitHub/dynamic-island-for-macbook/Sources/NotchFlowUI/LocalizedText.swift /Users/ataozeren/Documents/GitHub/dynamic-island-for-macbook/Sources/NotchFlowUI/ManualSetupView.swift /Users/ataozeren/Documents/GitHub/dynamic-island-for-macbook/Sources/NotchFlowUI/MusicActivityView.swift /Users/ataozeren/Documents/GitHub/dynamic-island-for-macbook/Sources/NotchFlowUI/NotchFlowUI.swift /Users/ataozeren/Documents/GitHub/dynamic-island-for-macbook/Sources/NotchFlowUI/NotchPanel.swift /Users/ataozeren/Documents/GitHub/dynamic-island-for-macbook/Sources/NotchFlowUI/OnboardingWindowView.swift /Users/ataozeren/Documents/GitHub/dynamic-island-for-macbook/Sources/NotchFlowUI/PresentationController.swift /Users/ataozeren/Documents/GitHub/dynamic-island-for-macbook/Sources/NotchFlowUI/SettingsPane.swift /Users/ataozeren/Documents/GitHub/dynamic-island-for-macbook/Sources/NotchFlowUI/SettingsWindowView.swift /Users/ataozeren/Documents/GitHub/dynamic-island-for-macbook/Sources/NotchFlowUI/TimerActivityView.swift /Users/ataozeren/Documents/GitHub/dynamic-island-for-macbook/DerivedData/Task70Direct/Build/Intermediates.noindex/NotchFlow.build/Direct/NotchFlowUI.build/DerivedSources/GeneratedStringSymbols_Localizable.swift /Applications/Xcode.app/Contents/Developer/Toolchains/XcodeDefault.xctoolchain/usr/lib/swift/macosx/prebuilt-modules/26.5/Metal.swiftmodule/x86_64-apple-macos.swiftmodule /Applications/Xcode.app/Contents/Developer/Toolchains/XcodeDefault.xctoolchain/usr/lib/swift/macosx/prebuilt-modules/26.5/_StringProcessing.swiftmodule/x86_64-apple-macos.swiftmodule /Applications/Xcode.app/Contents/Developer/Toolchains/XcodeDefault.xctoolchain/usr/lib/swift/macosx/prebuilt-modules/26.5/System.swiftmodule/x86_64-apple-macos.swiftmodule /Applications/Xcode.app/Contents/Developer/Toolchains/XcodeDefault.xctoolchain/usr/lib/swift/macosx/prebuilt-modules/26.5/Darwin.swiftmodule/x86_64-apple-macos.swiftmodule /Applications/Xcode.app/Contents/Developer/Toolchains/XcodeDefault.xctoolchain/usr/lib/swift/macosx/prebuilt-modules/26.5/CoreData.swiftmodule/x86_64-apple-macos.swiftmodule /Applications/Xcode.app/Contents/Developer/Toolchains/XcodeDefault.xctoolchain/usr/lib/swift/macosx/prebuilt-modules/26.5/os.swiftmodule/x86_64-apple-macos.swiftmodule /Applications/Xcode.app/Contents/Developer/Toolchains/XcodeDefault.xctoolchain/usr/lib/swift/macosx/prebuilt-modules/26.5/Foundation.swiftmodule/x86_64-apple-macos.swiftmodule /Applications/Xcode.app/Contents/Developer/Toolchains/XcodeDefault.xctoolchain/usr/lib/swift/macosx/prebuilt-modules/26.5/Swift.swiftmodule/x86_64-apple-macos.swiftmodule /Applications/Xcode.app/Contents/Developer/Toolchains/XcodeDefault.xctoolchain/usr/lib/swift/macosx/prebuilt-modules/26.5/Observation.swiftmodule/x86_64-apple-macos.swiftmodule /Users/ataozeren/Documents/GitHub/dynamic-island-for-macbook/DerivedData/Task70Direct/Build/Products/Direct/NotchFlowCore.swiftmodule/x86_64-apple-macos.swiftmodule /Applications/Xcode.app/Contents/Developer/Toolchains/XcodeDefault.xctoolchain/usr/lib/swift/macosx/prebuilt-modules/26.5/_DarwinFoundation1.swiftmodule/x86_64-apple-macos.swiftmodule /Applications/Xcode.app/Contents/Developer/Toolchains/XcodeDefault.xctoolchain/usr/lib/swift/macosx/prebuilt-modules/26.5/_DarwinFoundation2.swiftmodule/x86_64-apple-macos.swiftmodule /Applications/Xcode.app/Contents/Developer/Toolchains/XcodeDefault.xctoolchain/usr/lib/swift/macosx/prebuilt-modules/26.5/CoreVideo.swiftmodule/x86_64-apple-macos.swiftmodule /Applications/Xcode.app/Contents/Developer/Toolchains/XcodeDefault.xctoolchain/usr/lib/swift/macosx/prebuilt-modules/26.5/UniformTypeIdentifiers.swiftmodule/x86_64-apple-macos.swiftmodule /Applications/Xcode.app/Contents/Developer/Toolchains/XcodeDefault.xctoolchain/usr/lib/swift/macosx/prebuilt-modules/26.5/SwiftUI.swiftmodule/x86_64-apple-macos.swiftmodule /Applications/Xcode.app/Contents/Developer/Toolchains/XcodeDefault.xctoolchain/usr/lib/swift/macosx/prebuilt-modules/26.5/XPC.swiftmodule/x86_64-apple-macos.swiftmodule /Applications/Xcode.app/Contents/Developer/Toolchains/XcodeDefault.xctoolchain/usr/lib/swift/macosx/prebuilt-modules/26.5/OSLog.swiftmodule/x86_64-apple-macos.swiftmodule /Applications/Xcode.app/Contents/Developer/Toolchains/XcodeDefault.xctoolchain/usr/lib/swift/macosx/prebuilt-modules/26.5/CoreTransferable.swiftmodule/x86_64-apple-macos.swiftmodule /Applications/Xcode.app/Contents/Developer/Toolchains/XcodeDefault.xctoolchain/usr/lib/swift/macosx/prebuilt-modules/26.5/Dispatch.swiftmodule/x86_64-apple-macos.swiftmodule /Applications/Xcode.app/Contents/Developer/Toolchains/XcodeDefault.xctoolchain/usr/lib/swift/macosx/prebuilt-modules/26.5/Combine.swiftmodule/x86_64-apple-macos.swiftmodule /Applications/Xcode.app/Contents/Developer/Toolchains/XcodeDefault.xctoolchain/usr/lib/swift/macosx/prebuilt-modules/26.5/Accessibility.swiftmodule/x86_64-apple-macos.swiftmodule /Applications/Xcode.app/Contents/Developer/Toolchains/XcodeDefault.xctoolchain/usr/lib/swift/macosx/prebuilt-modules/26.5/simd.swiftmodule/x86_64-apple-macos.swiftmodule /Applications/Xcode.app/Contents/Developer/Toolchains/XcodeDefault.xctoolchain/usr/lib/swift/macosx/prebuilt-modules/26.5/CoreText.swiftmodule/x86_64-apple-macos.swiftmodule /Applications/Xcode.app/Contents/Developer/Toolchains/XcodeDefault.xctoolchain/usr/lib/swift/macosx/prebuilt-modules/26.5/SwiftUICore.swiftmodule/x86_64-apple-macos.swiftmodule /Applications/Xcode.app/Contents/Developer/Toolchains/XcodeDefault.xctoolchain/usr/lib/swift/macosx/prebuilt-modules/26.5/QuartzCore.swiftmodule/x86_64-apple-macos.swiftmodule /Applications/Xcode.app/Contents/Developer/Toolchains/XcodeDefault.xctoolchain/usr/lib/swift/macosx/prebuilt-modules/26.5/DataDetection.swiftmodule/x86_64-apple-macos.swiftmodule /Applications/Xcode.app/Contents/Developer/Toolchains/XcodeDefault.xctoolchain/usr/lib/swift/macosx/prebuilt-modules/26.5/CoreImage.swiftmodule/x86_64-apple-macos.swiftmodule /Applications/Xcode.app/Contents/Developer/Toolchains/XcodeDefault.xctoolchain/usr/lib/swift/macosx/prebuilt-modules/26.5/ObjectiveC.swiftmodule/x86_64-apple-macos.swiftmodule /Applications/Xcode.app/Contents/Developer/Toolchains/XcodeDefault.xctoolchain/usr/lib/swift/macosx/prebuilt-modules/26.5/Symbols.swiftmodule/x86_64-apple-macos.swiftmodule /Applications/Xcode.app/Contents/Developer/Toolchains/XcodeDefault.xctoolchain/usr/lib/swift/macosx/prebuilt-modules/26.5/CoreFoundation.swiftmodule/x86_64-apple-macos.swiftmodule /Applications/Xcode.app/Contents/Developer/Toolchains/XcodeDefault.xctoolchain/usr/lib/swift/macosx/prebuilt-modules/26.5/DeveloperToolsSupport.swiftmodule/x86_64-apple-macos.swiftmodule /Applications/Xcode.app/Contents/Developer/Toolchains/XcodeDefault.xctoolchain/usr/lib/swift/macosx/prebuilt-modules/26.5/AppKit.swiftmodule/x86_64-apple-macos.swiftmodule /Applications/Xcode.app/Contents/Developer/Toolchains/XcodeDefault.xctoolchain/usr/lib/swift/macosx/prebuilt-modules/26.5/_Builtin_float.swiftmodule/x86_64-apple-macos.swiftmodule /Applications/Xcode.app/Contents/Developer/Toolchains/XcodeDefault.xctoolchain/usr/lib/swift/macosx/prebuilt-modules/26.5/Spatial.swiftmodule/x86_64-apple-macos.swiftmodule /Applications/Xcode.app/Contents/Developer/Toolchains/XcodeDefault.xctoolchain/usr/lib/swift/macosx/prebuilt-modules/26.5/_DarwinFoundation3.swiftmodule/x86_64-apple-macos.swiftmodule /Applications/Xcode.app/Contents/Developer/Toolchains/XcodeDefault.xctoolchain/usr/lib/swift/macosx/prebuilt-modules/26.5/IOKit.swiftmodule/x86_64-apple-macos.swiftmodule /Applications/Xcode.app/Contents/Developer/Toolchains/XcodeDefault.xctoolchain/usr/lib/swift/macosx/prebuilt-modules/26.5/CoreGraphics.swiftmodule/x86_64-apple-macos.swiftmodule /Applications/Xcode.app/Contents/Developer/Toolchains/XcodeDefault.xctoolchain/usr/lib/swift/macosx/prebuilt-modules/26.5/_Concurrency.swiftmodule/x86_64-apple-macos.swiftmodule /Users/ataozeren/Documents/GitHub/dynamic-island-for-macbook/DerivedData/Task70Direct/ModuleCache.noindex/UniformTypeIdentifiers-509CU5SON2QWIQG775JGBZPKN.pcm /Users/ataozeren/Documents/GitHub/dynamic-island-for-macbook/DerivedData/Task70Direct/ModuleCache.noindex/libkern-8TM40SHELUD1NL3KS9I9LCDIW.pcm /Users/ataozeren/Documents/GitHub/dynamic-island-for-macbook/DerivedData/Task70Direct/ModuleCache.noindex/libDER-14PB39HIL4M0F40BN1JD0JQEJ.pcm /Users/ataozeren/Documents/GitHub/dynamic-island-for-macbook/DerivedData/Task70Direct/ModuleCache.noindex/IOKit-BNMQ56GZG92O5Y10DADVPYWVE.pcm /Users/ataozeren/Documents/GitHub/dynamic-island-for-macbook/DerivedData/Task70Direct/ModuleCache.noindex/SwiftShims-7P78W8JAWBPJJLUWN2VWMPE47.pcm /Users/ataozeren/Documents/GitHub/dynamic-island-for-macbook/DerivedData/Task70Direct/ModuleCache.noindex/_Builtin_float-2PK028GU6Z99XXL749SJ2W5W7.pcm /Users/ataozeren/Documents/GitHub/dynamic-island-for-macbook/DerivedData/Task70Direct/ModuleCache.noindex/Metal-6V8ZRJ3NPT3EHG8OQEIY10SVX.pcm /Users/ataozeren/Documents/GitHub/dynamic-island-for-macbook/DerivedData/Task70Direct/ModuleCache.noindex/simd-AN8LHHUT6HXD9NPRBUGHQHNKB.pcm /Users/ataozeren/Documents/GitHub/dynamic-island-for-macbook/DerivedData/Task70Direct/ModuleCache.noindex/ImageIO-1FV91L5QTB645IIWYLX456ZIO.pcm /Users/ataozeren/Documents/GitHub/dynamic-island-for-macbook/DerivedData/Task70Direct/ModuleCache.noindex/Spatial-3LFK23UBGU4BS1TU0GXJTHG6F.pcm /Users/ataozeren/Documents/GitHub/dynamic-island-for-macbook/DerivedData/Task70Direct/ModuleCache.noindex/ApplicationServices-4KJVIVP2DW7E5J4T41GZPMJ1.pcm /Users/ataozeren/Documents/GitHub/dynamic-island-for-macbook/DerivedData/Task70Direct/ModuleCache.noindex/CoreTransferable-5239QL6RLN93IGXYYMGD2IPZT.pcm /Users/ataozeren/Documents/GitHub/dynamic-island-for-macbook/DerivedData/Task70Direct/ModuleCache.noindex/ptrauth-DJNFEO7YDQNTC7B7I3O8YBKY5.pcm /Users/ataozeren/Documents/GitHub/dynamic-island-for-macbook/DerivedData/Task70Direct/ModuleCache.noindex/OpenGL-6AIP3P6OU53MYSCDX0MZKGAU4.pcm /Users/ataozeren/Documents/GitHub/dynamic-island-for-macbook/DerivedData/Task70Direct/ModuleCache.noindex/AppKit-4PFSNC76QE9XZ9IRW6HU1RCIB.pcm /Users/ataozeren/Documents/GitHub/dynamic-island-for-macbook/DerivedData/Task70Direct/ModuleCache.noindex/DataDetection-D14XH5NKE9OHKUIU22U6UAG1Z.pcm /Users/ataozeren/Documents/GitHub/dynamic-island-for-macbook/DerivedData/Task70Direct/ModuleCache.noindex/CoreData-40GKUZFGMTR50XGGN7W6235ZY.pcm /Users/ataozeren/Documents/GitHub/dynamic-island-for-macbook/DerivedData/Task70Direct/ModuleCache.noindex/XPC-9D7V24ZM8WQ4EHR302A3N4MQD.pcm /Users/ataozeren/Documents/GitHub/dynamic-island-for-macbook/DerivedData/Task70Direct/ModuleCache.noindex/os_object-IEY7WZ8L6EKHGD8BU2H4O7VF.pcm /Users/ataozeren/Documents/GitHub/dynamic-island-for-macbook/DerivedData/Task70Direct/ModuleCache.noindex/CoreImage-4SI704374PE5QX9RCUGJGWTEI.pcm /Users/ataozeren/Documents/GitHub/dynamic-island-for-macbook/DerivedData/Task70Direct/ModuleCache.noindex/CoreFoundation-D7WUG92UKJUYX3I0XK5CX72JY.pcm /Users/ataozeren/Documents/GitHub/dynamic-island-for-macbook/DerivedData/Task70Direct/ModuleCache.noindex/Dispatch-AFKU51HGD6JZ4SBQ70HT4JZ0H.pcm /Users/ataozeren/Documents/GitHub/dynamic-island-for-macbook/DerivedData/Task70Direct/ModuleCache.noindex/DiskArbitration-DGUNEBQ94B9PQ44BZEODMXYP1.pcm /Users/ataozeren/Documents/GitHub/dynamic-island-for-macbook/DerivedData/Task70Direct/ModuleCache.noindex/Security-AYLC7BN8GALXAD9UUCLLJ4SCY.pcm /Users/ataozeren/Documents/GitHub/dynamic-island-for-macbook/DerivedData/Task70Direct/ModuleCache.noindex/OSLog-AZP1PIVLJLQ88AUJMTXNDF8RQ.pcm /Users/ataozeren/Documents/GitHub/dynamic-island-for-macbook/DerivedData/Task70Direct/ModuleCache.noindex/ColorSync-57ZJD7MBN9FWWM3GJ2P3VHFNG.pcm /Users/ataozeren/Documents/GitHub/dynamic-island-for-macbook/DerivedData/Task70Direct/ModuleCache.noindex/Symbols-7AEPV9XHGPYT9GRBF80K89C6W.pcm /Users/ataozeren/Documents/GitHub/dynamic-island-for-macbook/DerivedData/Task70Direct/ModuleCache.noindex/CFNetwork-6MP1ULCQXOS170883X6ZTEDL2.pcm /Users/ataozeren/Documents/GitHub/dynamic-island-for-macbook/DerivedData/Task70Direct/ModuleCache.noindex/IOSurface-2VQ673U0YO5C40T6T5NPG3U13.pcm /Users/ataozeren/Documents/GitHub/dynamic-island-for-macbook/DerivedData/Task70Direct/ModuleCache.noindex/CoreVideo-BI3O1J4T09QYXB8EHS3SHMMSU.pcm /Users/ataozeren/Documents/GitHub/dynamic-island-for-macbook/DerivedData/Task70Direct/ModuleCache.noindex/_DarwinFoundation1-9Y5QVN7VUAB3HR55HZK2DQF6B.pcm /Users/ataozeren/Documents/GitHub/dynamic-island-for-macbook/DerivedData/Task70Direct/ModuleCache.noindex/CoreServices-87U4FDD5TWKZ88SNG55CR9U6H.pcm /Users/ataozeren/Documents/GitHub/dynamic-island-for-macbook/DerivedData/Task70Direct/ModuleCache.noindex/os-A8O9Y5ZWMXNWRXDQT0CR41YSI.pcm /Users/ataozeren/Documents/GitHub/dynamic-island-for-macbook/DerivedData/Task70Direct/ModuleCache.noindex/ObjectiveC-2W3YJ8ZSJT18OEW6ZE3T0C184.pcm /Users/ataozeren/Documents/GitHub/dynamic-island-for-macbook/DerivedData/Task70Direct/ModuleCache.noindex/launch-BMBSK279QH4CO4BA75DPZ9LOV.pcm /Users/ataozeren/Documents/GitHub/dynamic-island-for-macbook/DerivedData/Task70Direct/ModuleCache.noindex/CoreText-F16FR6JGX8TWWKL82HB7XZVV6.pcm /Users/ataozeren/Documents/GitHub/dynamic-island-for-macbook/DerivedData/Task70Direct/ModuleCache.noindex/_Builtin_stdatomic-EUJ38YAAZ9LEAXOER5JCZ8A6P.pcm /Users/ataozeren/Documents/GitHub/dynamic-island-for-macbook/DerivedData/Task70Direct/ModuleCache.noindex/_Builtin_stddef-AUWDZCL0SVOPIRW1HEURWN6NI.pcm /Users/ataozeren/Documents/GitHub/dynamic-island-for-macbook/DerivedData/Task70Direct/ModuleCache.noindex/sys_types-7ZH3LHF8PRX8MYAVV5HV6IJOS.pcm /Users/ataozeren/Documents/GitHub/dynamic-island-for-macbook/DerivedData/Task70Direct/ModuleCache.noindex/CUPS-5XGS6DX5VDXKWAP9UP3KTRCU6.pcm /Users/ataozeren/Documents/GitHub/dynamic-island-for-macbook/DerivedData/Task70Direct/ModuleCache.noindex/_DarwinFoundation3-BXKCXTR95FOQSRLWWCNGV787H.pcm /Users/ataozeren/Documents/GitHub/dynamic-island-for-macbook/DerivedData/Task70Direct/ModuleCache.noindex/_SwiftConcurrencyShims-6MRJAIXPXUW1QQEX0PNH5ECI1.pcm /Users/ataozeren/Documents/GitHub/dynamic-island-for-macbook/DerivedData/Task70Direct/ModuleCache.noindex/Darwin-6A1NBHB9KUAZ9TFBPUMXS8OD5.pcm /Users/ataozeren/Documents/GitHub/dynamic-island-for-macbook/DerivedData/Task70Direct/ModuleCache.noindex/_DarwinFoundation2-9ZROX50TBOR9L6RCK0D43F91U.pcm /Users/ataozeren/Documents/GitHub/dynamic-island-for-macbook/DerivedData/Task70Direct/ModuleCache.noindex/_Builtin_stdint-5DIST2J7S82EB694TIA0OCJTS.pcm /Users/ataozeren/Documents/GitHub/dynamic-island-for-macbook/DerivedData/Task70Direct/ModuleCache.noindex/_Builtin_limits-BFU0FZYRGLSB2UXZOA08NPIQD.pcm /Users/ataozeren/Documents/GitHub/dynamic-island-for-macbook/DerivedData/Task70Direct/ModuleCache.noindex/DeveloperToolsSupport-EDK4TB6L3R85DX918T7PMNZ6G.pcm /Users/ataozeren/Documents/GitHub/dynamic-island-for-macbook/DerivedData/Task70Direct/ModuleCache.noindex/QuartzCore-A0RO43WSW2OIXHYJ7CE64V2Y.pcm /Users/ataozeren/Documents/GitHub/dynamic-island-for-macbook/DerivedData/Task70Direct/ModuleCache.noindex/_Builtin_stdbool-83490WYRUVOFEXML7QKDTBFHL.pcm /Users/ataozeren/Documents/GitHub/dynamic-island-for-macbook/DerivedData/Task70Direct/ModuleCache.noindex/_Builtin_inttypes-A422XMMGP7H4W4PIF2Q3RTKTG.pcm /Users/ataozeren/Documents/GitHub/dynamic-island-for-macbook/DerivedData/Task70Direct/ModuleCache.noindex/Foundation-6L6U991MT4S8XWRGIPIH7CKKC.pcm /Users/ataozeren/Documents/GitHub/dynamic-island-for-macbook/DerivedData/Task70Direct/ModuleCache.noindex/SwiftUICore-6I06WTGC1DQWLK6EY98WE9FWC.pcm /Users/ataozeren/Documents/GitHub/dynamic-island-for-macbook/DerivedData/Task70Direct/ModuleCache.noindex/os_workgroup-7TRTCMDWA2Q1XSAKLLKNTF9KP.pcm /Users/ataozeren/Documents/GitHub/dynamic-island-for-macbook/DerivedData/Task70Direct/ModuleCache.noindex/ptrcheck-929ADE55KKLLZD7R93NGZWSVV.pcm /Users/ataozeren/Documents/GitHub/dynamic-island-for-macbook/DerivedData/Task70Direct/ModuleCache.noindex/SwiftUI-68WQC89GOR2LWR68023U5PCP2.pcm /Users/ataozeren/Documents/GitHub/dynamic-island-for-macbook/DerivedData/Task70Direct/ModuleCache.noindex/MachO-51F5HEF5JC1795OVW68O7J1FB.pcm /Users/ataozeren/Documents/GitHub/dynamic-island-for-macbook/DerivedData/Task70Direct/ModuleCache.noindex/_AvailabilityInternal-6RX7BCT2L4NH5KZQ7D2NS7SQ1.pcm /Users/ataozeren/Documents/GitHub/dynamic-island-for-macbook/DerivedData/Task70Direct/ModuleCache.noindex/_Builtin_tgmath-AGDRLWV6D646USKMC57Y6GILM.pcm /Users/ataozeren/Documents/GitHub/dynamic-island-for-macbook/DerivedData/Task70Direct/ModuleCache.noindex/_Builtin_stdarg-1XELWSF3V86HVTM8H1LUVZRXW.pcm /Users/ataozeren/Documents/GitHub/dynamic-island-for-macbook/DerivedData/Task70Direct/ModuleCache.noindex/Accessibility-2SZKCV80C5QDYVSW4WL5FRQKW.pcm /Users/ataozeren/Documents/GitHub/dynamic-island-for-macbook/DerivedData/Task70Direct/ModuleCache.noindex/CoreGraphics-9IU7U995HHGUGN94ZJI0FYKFN.pcm /Users/ataozeren/Documents/GitHub/dynamic-island-for-macbook/DerivedData/Task70Direct/ModuleCache.noindex/_Builtin_intrinsics-70T6TW0EAL93YCCEYZ18L0QFI.pcm /Users/ataozeren/Documents/GitHub/dynamic-island-for-macbook/DerivedData/Task70Direct/Build/Intermediates.noindex/NotchFlow.build/Direct/NotchFlowUI.build/Objects-normal/x86_64/NotchFlowUI-dependencies-1.json (in target 'NotchFlowUI' from project 'NotchFlow' at path '/Users/ataozeren/Documents/GitHub/dynamic-island-for-macbook/Package.swift')

CompileSwift normal x86_64 (in target 'NotchFlowUI' from project 'NotchFlow' at path '/Users/ataozeren/Documents/GitHub/dynamic-island-for-macbook/Package.swift')
    cd /Users/ataozeren/Documents/GitHub/dynamic-island-for-macbook/NotchFlow.xcodeproj


SwiftExplicitDependencyGeneratePcm arm64 /Users/ataozeren/Documents/GitHub/dynamic-island-for-macbook/DerivedData/Task70Direct/ModuleCache.noindex/SwiftUI-6HX8432NNJU5QFLFJLF40LAGQ.pcm

SwiftCompile normal arm64 Compiling\ AgentDetector.swift,\ AppleScriptMusicProvider.swift,\ ChargingProvider.swift,\ ClaudeCodeHookInstaller.swift,\ CodexHookInstaller.swift,\ LoopbackHTTPListener.swift,\ LoopbackHTTPRequest.swift,\ MusicAutomationAuthority.swift,\ MusicProvider.swift,\ NotchFlowProviders.swift,\ OpenCodePluginInstaller.swift,\ ProviderComposition.swift,\ ProviderRegistration.swift,\ RecordingProvider.swift,\ RecordingSessionLatch.swift,\ ScriptingBridgeMusicPlayerClient.swift,\ SettingsStore.swift,\ SystemAudioRecordingObserver.swift,\ SystemMouseLocationObserver.swift,\ SystemNowPlayingBridge.swift,\ SystemPowerSourceObserver.swift,\ SystemScreenChangeObserver.swift,\ SystemScreenRecordingObserver.swift,\ TOMLSyntaxScanner.swift,\ TimerProvider.swift /Users/ataozeren/Documents/GitHub/dynamic-island-for-macbook/Sources/NotchFlowProviders/AgentDetector.swift /Users/ataozeren/Documents/GitHub/dynamic-island-for-macbook/Sources/NotchFlowProviders/AppleScriptMusicProvider.swift /Users/ataozeren/Documents/GitHub/dynamic-island-for-macbook/Sources/NotchFlowProviders/ChargingProvider.swift /Users/ataozeren/Documents/GitHub/dynamic-island-for-macbook/Sources/NotchFlowProviders/ClaudeCodeHookInstaller.swift /Users/ataozeren/Documents/GitHub/dynamic-island-for-macbook/Sources/NotchFlowProviders/CodexHookInstaller.swift /Users/ataozeren/Documents/GitHub/dynamic-island-for-macbook/Sources/NotchFlowProviders/LoopbackHTTPListener.swift /Users/ataozeren/Documents/GitHub/dynamic-island-for-macbook/Sources/NotchFlowProviders/LoopbackHTTPRequest.swift /Users/ataozeren/Documents/GitHub/dynamic-island-for-macbook/Sources/NotchFlowProviders/MusicAutomationAuthority.swift /Users/ataozeren/Documents/GitHub/dynamic-island-for-macbook/Sources/NotchFlowProviders/MusicProvider.swift /Users/ataozeren/Documents/GitHub/dynamic-island-for-macbook/Sources/NotchFlowProviders/NotchFlowProviders.swift /Users/ataozeren/Documents/GitHub/dynamic-island-for-macbook/Sources/NotchFlowProviders/OpenCodePluginInstaller.swift /Users/ataozeren/Documents/GitHub/dynamic-island-for-macbook/Sources/NotchFlowProviders/ProviderComposition.swift /Users/ataozeren/Documents/GitHub/dynamic-island-for-macbook/Sources/NotchFlowProviders/ProviderRegistration.swift /Users/ataozeren/Documents/GitHub/dynamic-island-for-macbook/Sources/NotchFlowProviders/RecordingProvider.swift /Users/ataozeren/Documents/GitHub/dynamic-island-for-macbook/Sources/NotchFlowProviders/RecordingSessionLatch.swift /Users/ataozeren/Documents/GitHub/dynamic-island-for-macbook/Sources/NotchFlowProviders/ScriptingBridgeMusicPlayerClient.swift /Users/ataozeren/Documents/GitHub/dynamic-island-for-macbook/Sources/NotchFlowProviders/SettingsStore.swift /Users/ataozeren/Documents/GitHub/dynamic-island-for-macbook/Sources/NotchFlowProviders/SystemAudioRecordingObserver.swift /Users/ataozeren/Documents/GitHub/dynamic-island-for-macbook/Sources/NotchFlowProviders/SystemMouseLocationObserver.swift /Users/ataozeren/Documents/GitHub/dynamic-island-for-macbook/Sources/NotchFlowProviders/SystemNowPlayingBridge.swift /Users/ataozeren/Documents/GitHub/dynamic-island-for-macbook/Sources/NotchFlowProviders/SystemPowerSourceObserver.swift /Users/ataozeren/Documents/GitHub/dynamic-island-for-macbook/Sources/NotchFlowProviders/SystemScreenChangeObserver.swift /Users/ataozeren/Documents/GitHub/dynamic-island-for-macbook/Sources/NotchFlowProviders/SystemScreenRecordingObserver.swift /Users/ataozeren/Documents/GitHub/dynamic-island-for-macbook/Sources/NotchFlowProviders/TOMLSyntaxScanner.swift /Users/ataozeren/Documents/GitHub/dynamic-island-for-macbook/Sources/NotchFlowProviders/TimerProvider.swift /Applications/Xcode.app/Contents/Developer/Toolchains/XcodeDefault.xctoolchain/usr/lib/swift/macosx/prebuilt-modules/26.5/_DarwinFoundation3.swiftmodule/arm64e-apple-macos.swiftmodule /Applications/Xcode.app/Contents/Developer/Toolchains/XcodeDefault.xctoolchain/usr/lib/swift/macosx/prebuilt-modules/26.5/_DarwinFoundation1.swiftmodule/arm64e-apple-macos.swiftmodule /Applications/Xcode.app/Contents/Developer/Toolchains/XcodeDefault.xctoolchain/usr/lib/swift/macosx/prebuilt-modules/26.5/Synchronization.swiftmodule/arm64e-apple-macos.swiftmodule /Applications/Xcode.app/Contents/Developer/Toolchains/XcodeDefault.xctoolchain/usr/lib/swift/macosx/prebuilt-modules/26.5/IOKit.swiftmodule/arm64e-apple-macos.swiftmodule /Applications/Xcode.app/Contents/Developer/Toolchains/XcodeDefault.xctoolchain/usr/lib/swift/macosx/prebuilt-modules/26.5/CoreText.swiftmodule/arm64e-apple-macos.swiftmodule /Applications/Xcode.app/Contents/Developer/Toolchains/XcodeDefault.xctoolchain/usr/lib/swift/macosx/prebuilt-modules/26.5/AppKit.swiftmodule/arm64e-apple-macos.swiftmodule /Applications/Xcode.app/Contents/Developer/Toolchains/XcodeDefault.xctoolchain/usr/lib/swift/macosx/prebuilt-modules/26.5/_Builtin_float.swiftmodule/arm64e-apple-macos.swiftmodule /Applications/Xcode.app/Contents/Developer/Toolchains/XcodeDefault.xctoolchain/usr/lib/swift/macosx/prebuilt-modules/26.5/Swift.swiftmodule/arm64e-apple-macos.swiftmodule /Applications/Xcode.app/Contents/Developer/Toolchains/XcodeDefault.xctoolchain/usr/lib/swift/macosx/prebuilt-modules/26.5/UniformTypeIdentifiers.swiftmodule/arm64e-apple-macos.swiftmodule /Applications/Xcode.app/Contents/Developer/Toolchains/XcodeDefault.xctoolchain/usr/lib/swift/macosx/prebuilt-modules/26.5/DeveloperToolsSupport.swiftmodule/arm64e-apple-macos.swiftmodule /Applications/Xcode.app/Contents/Developer/Toolchains/XcodeDefault.xctoolchain/usr/lib/swift/macosx/prebuilt-modules/26.5/CoreFoundation.swiftmodule/arm64e-apple-macos.swiftmodule /Applications/Xcode.app/Contents/Developer/Toolchains/XcodeDefault.xctoolchain/usr/lib/swift/macosx/prebuilt-modules/26.5/OSLog.swiftmodule/arm64e-apple-macos.swiftmodule /Applications/Xcode.app/Contents/Developer/Toolchains/XcodeDefault.xctoolchain/usr/lib/swift/macosx/prebuilt-modules/26.5/_StringProcessing.swiftmodule/arm64e-apple-macos.swiftmodule /Applications/Xcode.app/Contents/Developer/Toolchains/XcodeDefault.xctoolchain/usr/lib/swift/macosx/prebuilt-modules/26.5/CoreVideo.swiftmodule/arm64e-apple-macos.swiftmodule /Applications/Xcode.app/Contents/Developer/Toolchains/XcodeDefault.xctoolchain/usr/lib/swift/macosx/prebuilt-modules/26.5/Distributed.swiftmodule/arm64e-apple-macos.swiftmodule /Users/ataozeren/Documents/GitHub/dynamic-island-for-macbook/DerivedData/Task70Direct/Build/Products/Direct/NotchFlowCore.swiftmodule/arm64-apple-macos.swiftmodule /Applications/Xcode.app/Contents/Developer/Toolchains/XcodeDefault.xctoolchain/usr/lib/swift/macosx/prebuilt-modules/26.5/ObjectiveC.swiftmodule/arm64e-apple-macos.swiftmodule /Applications/Xcode.app/Contents/Developer/Toolchains/XcodeDefault.xctoolchain/usr/lib/swift/macosx/prebuilt-modules/26.5/XPC.swiftmodule/arm64e-apple-macos.swiftmodule /Applications/Xcode.app/Contents/Developer/Toolchains/XcodeDefault.xctoolchain/usr/lib/swift/macosx/prebuilt-modules/26.5/Accessibility.swiftmodule/arm64e-apple-macos.swiftmodule /Applications/Xcode.app/Contents/Developer/Toolchains/XcodeDefault.xctoolchain/usr/lib/swift/macosx/prebuilt-modules/26.5/CoreTransferable.swiftmodule/arm64e-apple-macos.swiftmodule /Applications/Xcode.app/Contents/Developer/Toolchains/XcodeDefault.xctoolchain/usr/lib/swift/macosx/prebuilt-modules/26.5/Dispatch.swiftmodule/arm64e-apple-macos.swiftmodule /Applications/Xcode.app/Contents/Developer/Toolchains/XcodeDefault.xctoolchain/usr/lib/swift/macosx/prebuilt-modules/26.5/Darwin.swiftmodule/arm64e-apple-macos.swiftmodule /Applications/Xcode.app/Contents/Developer/Toolchains/XcodeDefault.xctoolchain/usr/lib/swift/macosx/prebuilt-modules/26.5/Metal.swiftmodule/arm64e-apple-macos.swiftmodule /Applications/Xcode.app/Contents/Developer/Toolchains/XcodeDefault.xctoolchain/usr/lib/swift/macosx/prebuilt-modules/26.5/Symbols.swiftmodule/arm64e-apple-macos.swiftmodule /Applications/Xcode.app/Contents/Developer/Toolchains/XcodeDefault.xctoolchain/usr/lib/swift/macosx/prebuilt-modules/26.5/Observation.swiftmodule/arm64e-apple-macos.swiftmodule /Applications/Xcode.app/Contents/Developer/Toolchains/XcodeDefault.xctoolchain/usr/lib/swift/macosx/prebuilt-modules/26.5/System.swiftmodule/arm64e-apple-macos.swiftmodule /Applications/Xcode.app/Contents/Developer/Toolchains/XcodeDefault.xctoolchain/usr/lib/swift/macosx/prebuilt-modules/26.5/CoreData.swiftmodule/arm64e-apple-macos.swiftmodule /Applications/Xcode.app/Contents/Developer/Toolchains/XcodeDefault.xctoolchain/usr/lib/swift/macosx/prebuilt-modules/26.5/CoreImage.swiftmodule/arm64e-apple-macos.swiftmodule /Applications/Xcode.app/Contents/Developer/Toolchains/XcodeDefault.xctoolchain/usr/lib/swift/macosx/prebuilt-modules/26.5/Spatial.swiftmodule/arm64e-apple-macos.swiftmodule /Applications/Xcode.app/Contents/Developer/Toolchains/XcodeDefault.xctoolchain/usr/lib/swift/macosx/prebuilt-modules/26.5/Combine.swiftmodule/arm64e-apple-macos.swiftmodule /Applications/Xcode.app/Contents/Developer/Toolchains/XcodeDefault.xctoolchain/usr/lib/swift/macosx/prebuilt-modules/26.5/_Concurrency.swiftmodule/arm64e-apple-macos.swiftmodule /Applications/Xcode.app/Contents/Developer/Toolchains/XcodeDefault.xctoolchain/usr/lib/swift/macosx/prebuilt-modules/26.5/os.swiftmodule/arm64e-apple-macos.swiftmodule /Applications/Xcode.app/Contents/Developer/Toolchains/XcodeDefault.xctoolchain/usr/lib/swift/macosx/prebuilt-modules/26.5/CoreGraphics.swiftmodule/arm64e-apple-macos.swiftmodule /Applications/Xcode.app/Contents/Developer/Toolchains/XcodeDefault.xctoolchain/usr/lib/swift/macosx/prebuilt-modules/26.5/simd.swiftmodule/arm64e-apple-macos.swiftmodule /Applications/Xcode.app/Contents/Developer/Toolchains/XcodeDefault.xctoolchain/usr/lib/swift/macosx/prebuilt-modules/26.5/Foundation.swiftmodule/arm64e-apple-macos.swiftmodule /Applications/Xcode.app/Contents/Developer/Toolchains/XcodeDefault.xctoolchain/usr/lib/swift/macosx/prebuilt-modules/26.5/CoreAudio.swiftmodule/arm64e-apple-macos.swiftmodule /Applications/Xcode.app/Contents/Developer/Toolchains/XcodeDefault.xctoolchain/usr/lib/swift/macosx/prebuilt-modules/26.5/_DarwinFoundation2.swiftmodule/arm64e-apple-macos.swiftmodule /Applications/Xcode.app/Contents/Developer/Toolchains/XcodeDefault.xctoolchain/usr/lib/swift/macosx/prebuilt-modules/26.5/Network.swiftmodule/arm64e-apple-macos.swiftmodule /Applications/Xcode.app/Contents/Developer/Toolchains/XcodeDefault.xctoolchain/usr/lib/swift/macosx/prebuilt-modules/26.5/QuartzCore.swiftmodule/arm64e-apple-macos.swiftmodule /Applications/Xcode.app/Contents/Developer/Toolchains/XcodeDefault.xctoolchain/usr/lib/swift/macosx/prebuilt-modules/26.5/SwiftUICore.swiftmodule/arm64e-apple-macos.swiftmodule /Applications/Xcode.app/Contents/Developer/Toolchains/XcodeDefault.xctoolchain/usr/lib/swift/macosx/prebuilt-modules/26.5/DataDetection.swiftmodule/arm64e-apple-macos.swiftmodule /Users/ataozeren/Documents/GitHub/dynamic-island-for-macbook/DerivedData/Task70Direct/ModuleCache.noindex/ptrauth-8IB99MEXWYU21IWP9TSOAVNT6.pcm /Users/ataozeren/Documents/GitHub/dynamic-island-for-macbook/DerivedData/Task70Direct/ModuleCache.noindex/SwiftShims-3P0ROB412J5T61ZZAXGU15RT.pcm /Users/ataozeren/Documents/GitHub/dynamic-island-for-macbook/DerivedData/Task70Direct/ModuleCache.noindex/IOSurface-BJ99J7NGFN8Y13NNLK35W154H.pcm /Users/ataozeren/Documents/GitHub/dynamic-island-for-macbook/DerivedData/Task70Direct/ModuleCache.noindex/_Builtin_stdbool-AEL9ZYGF4X1WKOOXOX83KLN2E.pcm /Users/ataozeren/Documents/GitHub/dynamic-island-for-macbook/DerivedData/Task70Direct/ModuleCache.noindex/CoreText-ENDJ7VYR5FNHPCT7FYJHTDCFV.pcm /Users/ataozeren/Documents/GitHub/dynamic-island-for-macbook/DerivedData/Task70Direct/ModuleCache.noindex/_Builtin_stdarg-86L4XSM8B2V0P8VMPJDUWBE1K.pcm /Users/ataozeren/Documents/GitHub/dynamic-island-for-macbook/DerivedData/Task70Direct/ModuleCache.noindex/Network-BARKX2GHUZFXBJ0RSTIFVZB0A.pcm /Users/ataozeren/Documents/GitHub/dynamic-island-for-macbook/DerivedData/Task70Direct/ModuleCache.noindex/os_object-54U75Z1VP0TOJJHFXTFDRAONX.pcm /Users/ataozeren/Documents/GitHub/dynamic-island-for-macbook/DerivedData/Task70Direct/ModuleCache.noindex/Symbols-GJD5Q4RJ8KCYFVZP2MFYDR34.pcm /Users/ataozeren/Documents/GitHub/dynamic-island-for-macbook/DerivedData/Task70Direct/ModuleCache.noindex/os_workgroup-5LN354FP0KAXXRT764WJMOGHN.pcm /Users/ataozeren/Documents/GitHub/dynamic-island-for-macbook/DerivedData/Task70Direct/ModuleCache.noindex/_Builtin_intrinsics-3ZFLQPXFVNY537X40UTWUAHP2.pcm /Users/ataozeren/Documents/GitHub/dynamic-island-for-macbook/DerivedData/Task70Direct/ModuleCache.noindex/QuartzCore-EN6FJQI78Y18J56EQGBZYGTQ1.pcm /Users/ataozeren/Documents/GitHub/dynamic-island-for-macbook/DerivedData/Task70Direct/ModuleCache.noindex/sys_types-5PWG5HR72DS8NW3396TJHUA2I.pcm /Users/ataozeren/Documents/GitHub/dynamic-island-for-macbook/DerivedData/Task70Direct/ModuleCache.noindex/CoreFoundation-8V936AZ60WTPY722S40KJZ3TD.pcm /Users/ataozeren/Documents/GitHub/dynamic-island-for-macbook/DerivedData/Task70Direct/ModuleCache.noindex/_AvailabilityInternal-B89UORNSYULXHXHH2YWCRUE8J.pcm /Users/ataozeren/Documents/GitHub/dynamic-island-for-macbook/DerivedData/Task70Direct/ModuleCache.noindex/libDER-BX2GBWUKPRWSBQBFTRFWQJHC4.pcm /Users/ataozeren/Documents/GitHub/dynamic-island-for-macbook/DerivedData/Task70Direct/ModuleCache.noindex/CoreTransferable-8PMG2C4NQFEEW6XRIPY6P0978.pcm /Users/ataozeren/Documents/GitHub/dynamic-island-for-macbook/DerivedData/Task70Direct/ModuleCache.noindex/_Builtin_stdint-2D2VMT9E59PXYVPPJUM3QEMTG.pcm /Users/ataozeren/Documents/GitHub/dynamic-island-for-macbook/DerivedData/Task70Direct/ModuleCache.noindex/CoreAudio-1VOTWGJR2Q2Y7FYI0WVRYJVT1.pcm /Users/ataozeren/Documents/GitHub/dynamic-island-for-macbook/DerivedData/Task70Direct/ModuleCache.noindex/CoreImage-BNSRLBZEGONLLWQ2MEEFWR957.pcm /Users/ataozeren/Documents/GitHub/dynamic-island-for-macbook/DerivedData/Task70Direct/ModuleCache.noindex/ImageIO-ES6ZD693EYEGMO0W9YQOG9UJY.pcm /Users/ataozeren/Documents/GitHub/dynamic-island-for-macbook/DerivedData/Task70Direct/ModuleCache.noindex/DataDetection-E9JF55XZYCUIPOU6GIOC3IVPZ.pcm /Users/ataozeren/Documents/GitHub/dynamic-island-for-macbook/DerivedData/Task70Direct/ModuleCache.noindex/_Builtin_tgmath-18GRN39WJAWSHBTTWU3EMACGA.pcm /Users/ataozeren/Documents/GitHub/dynamic-island-for-macbook/DerivedData/Task70Direct/ModuleCache.noindex/CoreVideo-6VFDYIGNTF0E2XAO5DW88XP64.pcm /Users/ataozeren/Documents/GitHub/dynamic-island-for-macbook/DerivedData/Task70Direct/ModuleCache.noindex/Security-EABH7A0MOE88SXET3XHZRFNYB.pcm /Users/ataozeren/Documents/GitHub/dynamic-island-for-macbook/DerivedData/Task70Direct/ModuleCache.noindex/Accessibility-AF1P9LLXQHH0YQD4MAVX3BDGP.pcm /Users/ataozeren/Documents/GitHub/dynamic-island-for-macbook/DerivedData/Task70Direct/ModuleCache.noindex/_Builtin_float-2RQ53YIYHLBLWMWARW7S57XM8.pcm /Users/ataozeren/Documents/GitHub/dynamic-island-for-macbook/DerivedData/Task70Direct/ModuleCache.noindex/libkern-ALQR2H8H02LJFX4NZJUX2I1L0.pcm /Users/ataozeren/Documents/GitHub/dynamic-island-for-macbook/DerivedData/Task70Direct/ModuleCache.noindex/ptrcheck-5BHHIZJXK9JUMA89P3V2VCZUH.pcm /Users/ataozeren/Documents/GitHub/dynamic-island-for-macbook/DerivedData/Task70Direct/ModuleCache.noindex/ColorSync-3LJ9YFQ7FR72ZZ7XZRNOZASOW.pcm /Users/ataozeren/Documents/GitHub/dynamic-island-for-macbook/DerivedData/Task70Direct/ModuleCache.noindex/CoreData-4WUPH8WD0NNJP31M6NEZZM5A9.pcm /Users/ataozeren/Documents/GitHub/dynamic-island-for-macbook/DerivedData/Task70Direct/ModuleCache.noindex/CoreServices-3IN83YT0CTVRE1X2TG0QRERFK.pcm /Users/ataozeren/Documents/GitHub/dynamic-island-for-macbook/DerivedData/Task70Direct/ModuleCache.noindex/ApplicationServices-8EEVVPUOE6SY5PO7QJIPMK0JD.pcm /Users/ataozeren/Documents/GitHub/dynamic-island-for-macbook/DerivedData/Task70Direct/ModuleCache.noindex/Dispatch-9FZZD51RH8LSAFDUITNR8X36L.pcm /Users/ataozeren/Documents/GitHub/dynamic-island-for-macbook/DerivedData/Task70Direct/ModuleCache.noindex/CoreAudioTypes-25FYQJJL0I4X8F3EXQDJ0KBWU.pcm /Users/ataozeren/Documents/GitHub/dynamic-island-for-macbook/DerivedData/Task70Direct/ModuleCache.noindex/ScriptingBridge-528QPR2EQOY7FL1C0KWIDI14E.pcm /Users/ataozeren/Documents/GitHub/dynamic-island-for-macbook/DerivedData/Task70Direct/ModuleCache.noindex/Darwin-7R2MVZLPVSMAYU6EA5EC08IC9.pcm /Users/ataozeren/Documents/GitHub/dynamic-island-for-macbook/DerivedData/Task70Direct/ModuleCache.noindex/UniformTypeIdentifiers-BUTJV327THFB2V88VHBH5382I.pcm /Users/ataozeren/Documents/GitHub/dynamic-island-for-macbook/DerivedData/Task70Direct/ModuleCache.noindex/_DarwinFoundation2-10EBB7CPWG7QWW9VRGQ5OVYDK.pcm /Users/ataozeren/Documents/GitHub/dynamic-island-for-macbook/DerivedData/Task70Direct/ModuleCache.noindex/Metal-30M8I07RLEYBCA35C9MJEQVM.pcm /Users/ataozeren/Documents/GitHub/dynamic-island-for-macbook/DerivedData/Task70Direct/ModuleCache.noindex/_Builtin_stdatomic-5797AQASM9ESMJSFGUM1GQBQQ.pcm /Users/ataozeren/Documents/GitHub/dynamic-island-for-macbook/DerivedData/Task70Direct/ModuleCache.noindex/_Builtin_limits-10IXLODS06KV1XQRNBBN8195K.pcm /Users/ataozeren/Documents/GitHub/dynamic-island-for-macbook/DerivedData/Task70Direct/ModuleCache.noindex/CoreGraphics-944ND8NPKK9DOPZI8H94BV6QD.pcm /Users/ataozeren/Documents/GitHub/dynamic-island-for-macbook/DerivedData/Task70Direct/ModuleCache.noindex/dnssd-A9LOWHN6M88F5TGHYJF5047Q3.pcm /Users/ataozeren/Documents/GitHub/dynamic-island-for-macbook/DerivedData/Task70Direct/ModuleCache.noindex/CFNetwork-5KW2SFQUW3RCO5QTWX0SAVNT8.pcm /Users/ataozeren/Documents/GitHub/dynamic-island-for-macbook/DerivedData/Task70Direct/ModuleCache.noindex/Spatial-BXT13AJFGKZ3VSGKL05UV065Y.pcm /Users/ataozeren/Documents/GitHub/dynamic-island-for-macbook/DerivedData/Task70Direct/ModuleCache.noindex/DeveloperToolsSupport-3EGWOX7JH0SP6O2FG7H232EDJ.pcm /Users/ataozeren/Documents/GitHub/dynamic-island-for-macbook/DerivedData/Task70Direct/ModuleCache.noindex/CUPS-AGCNMWATUOWQPAPAYGVN29QB8.pcm /Users/ataozeren/Documents/GitHub/dynamic-island-for-macbook/DerivedData/Task70Direct/ModuleCache.noindex/_SwiftConcurrencyShims-C1IL4P6PUCVYWO2NKVLOMTKAB.pcm /Users/ataozeren/Documents/GitHub/dynamic-island-for-macbook/DerivedData/Task70Direct/ModuleCache.noindex/SwiftUICore-8GX5N7PUB4U7A03R69Z3HBT6I.pcm /Users/ataozeren/Documents/GitHub/dynamic-island-for-macbook/DerivedData/Task70Direct/ModuleCache.noindex/OSLog-96SRYV5V12Z3HAOSNU8U0PMZU.pcm /Users/ataozeren/Documents/GitHub/dynamic-island-for-macbook/DerivedData/Task70Direct/ModuleCache.noindex/os-1L87MO0BNYUM0AHD0VE2JCDQA.pcm /Users/ataozeren/Documents/GitHub/dynamic-island-for-macbook/DerivedData/Task70Direct/ModuleCache.noindex/_DarwinFoundation1-924449K1WK3ZAJMEDFYEJFC74.pcm /Users/ataozeren/Documents/GitHub/dynamic-island-for-macbook/DerivedData/Task70Direct/ModuleCache.noindex/simd-AHLKTTX03SYVKHSXRWXCPB9W5.pcm /Users/ataozeren/Documents/GitHub/dynamic-island-for-macbook/DerivedData/Task70Direct/ModuleCache.noindex/DiskArbitration-CXTU6MJCC8PO9LWNGBEDZT6LP.pcm /Users/ataozeren/Documents/GitHub/dynamic-island-for-macbook/DerivedData/Task70Direct/ModuleCache.noindex/MachO-8IMZNNP4GNQY0JGLT4P6HGTG7.pcm /Users/ataozeren/Documents/GitHub/dynamic-island-for-macbook/DerivedData/Task70Direct/ModuleCache.noindex/OpenGL-8OWHJQMNDWE5SP403BBI4DSMZ.pcm /Users/ataozeren/Documents/GitHub/dynamic-island-for-macbook/DerivedData/Task70Direct/ModuleCache.noindex/ObjectiveC-8G7XWAR7V58XHQMNKB2J6AR64.pcm /Users/ataozeren/Documents/GitHub/dynamic-island-for-macbook/DerivedData/Task70Direct/ModuleCache.noindex/_Builtin_stddef-5CVAECPU786V930UROGCJJDWP.pcm /Users/ataozeren/Documents/GitHub/dynamic-island-for-macbook/DerivedData/Task70Direct/ModuleCache.noindex/_Builtin_inttypes-5E9WHNLQOOZ6M06PAVO7FJ8KF.pcm /Users/ataozeren/Documents/GitHub/dynamic-island-for-macbook/DerivedData/Task70Direct/ModuleCache.noindex/launch-5MHVTJ3X2Y5FUX6EHAELD9G49.pcm /Users/ataozeren/Documents/GitHub/dynamic-island-for-macbook/DerivedData/Task70Direct/ModuleCache.noindex/Foundation-2K4AVUSGFKCMVTIZNGODLF1SR.pcm /Users/ataozeren/Documents/GitHub/dynamic-island-for-macbook/DerivedData/Task70Direct/ModuleCache.noindex/IOKit-6478WV7SJZ8NAWUEFE78M5YFG.pcm /Users/ataozeren/Documents/GitHub/dynamic-island-for-macbook/DerivedData/Task70Direct/ModuleCache.noindex/_DarwinFoundation3-83L5IQFODUTXGCTNQGY8RXWHR.pcm /Users/ataozeren/Documents/GitHub/dynamic-island-for-macbook/DerivedData/Task70Direct/ModuleCache.noindex/AppKit-9T3T0D50LWIJUB8I70UDMNZFE.pcm /Users/ataozeren/Documents/GitHub/dynamic-island-for-macbook/DerivedData/Task70Direct/ModuleCache.noindex/XPC-3TU4E36NAVZT5G35JHWLVZQCS.pcm /Users/ataozeren/Documents/GitHub/dynamic-island-for-macbook/DerivedData/Task70Direct/Build/Intermediates.noindex/NotchFlow.build/Direct/NotchFlowProviders.build/Objects-normal/arm64/NotchFlowProviders-dependencies-2.json (in target 'NotchFlowProviders' from project 'NotchFlow' at path '/Users/ataozeren/Documents/GitHub/dynamic-island-for-macbook/Package.swift')
CompileSwift normal arm64 (in target 'NotchFlowProviders' from project 'NotchFlow' at path '/Users/ataozeren/Documents/GitHub/dynamic-island-for-macbook/Package.swift')
    cd /Users/ataozeren/Documents/GitHub/dynamic-island-for-macbook/NotchFlow.xcodeproj


SwiftCompile normal arm64 Compiling\ resource_bundle_accessor.swift,\ AIAgentActivityView.swift,\ AIIntegrationsSettingsView.swift,\ AboutSettingsView.swift,\ ActivitiesSettingsView.swift,\ ChargingActivityView.swift,\ CompactActivityView.swift,\ ExpandedActivityView.swift,\ GeneralSettingsView.swift,\ IslandAnimation.swift,\ IslandAppearance.swift,\ LocalizedText.swift,\ ManualSetupView.swift,\ MusicActivityView.swift,\ NotchFlowUI.swift,\ NotchPanel.swift,\ OnboardingWindowView.swift,\ PresentationController.swift,\ SettingsPane.swift,\ SettingsWindowView.swift,\ TimerActivityView.swift,\ GeneratedStringSymbols_Localizable.swift /Users/ataozeren/Documents/GitHub/dynamic-island-for-macbook/DerivedData/Task70Direct/Build/Intermediates.noindex/NotchFlow.build/Direct/NotchFlowUI.build/DerivedSources/resource_bundle_accessor.swift /Users/ataozeren/Documents/GitHub/dynamic-island-for-macbook/Sources/NotchFlowUI/AIAgentActivityView.swift /Users/ataozeren/Documents/GitHub/dynamic-island-for-macbook/Sources/NotchFlowUI/AIIntegrationsSettingsView.swift /Users/ataozeren/Documents/GitHub/dynamic-island-for-macbook/Sources/NotchFlowUI/AboutSettingsView.swift /Users/ataozeren/Documents/GitHub/dynamic-island-for-macbook/Sources/NotchFlowUI/ActivitiesSettingsView.swift /Users/ataozeren/Documents/GitHub/dynamic-island-for-macbook/Sources/NotchFlowUI/ChargingActivityView.swift /Users/ataozeren/Documents/GitHub/dynamic-island-for-macbook/Sources/NotchFlowUI/CompactActivityView.swift /Users/ataozeren/Documents/GitHub/dynamic-island-for-macbook/Sources/NotchFlowUI/ExpandedActivityView.swift /Users/ataozeren/Documents/GitHub/dynamic-island-for-macbook/Sources/NotchFlowUI/GeneralSettingsView.swift /Users/ataozeren/Documents/GitHub/dynamic-island-for-macbook/Sources/NotchFlowUI/IslandAnimation.swift /Users/ataozeren/Documents/GitHub/dynamic-island-for-macbook/Sources/NotchFlowUI/IslandAppearance.swift /Users/ataozeren/Documents/GitHub/dynamic-island-for-macbook/Sources/NotchFlowUI/LocalizedText.swift /Users/ataozeren/Documents/GitHub/dynamic-island-for-macbook/Sources/NotchFlowUI/ManualSetupView.swift /Users/ataozeren/Documents/GitHub/dynamic-island-for-macbook/Sources/NotchFlowUI/MusicActivityView.swift /Users/ataozeren/Documents/GitHub/dynamic-island-for-macbook/Sources/NotchFlowUI/NotchFlowUI.swift /Users/ataozeren/Documents/GitHub/dynamic-island-for-macbook/Sources/NotchFlowUI/NotchPanel.swift /Users/ataozeren/Documents/GitHub/dynamic-island-for-macbook/Sources/NotchFlowUI/OnboardingWindowView.swift /Users/ataozeren/Documents/GitHub/dynamic-island-for-macbook/Sources/NotchFlowUI/PresentationController.swift /Users/ataozeren/Documents/GitHub/dynamic-island-for-macbook/Sources/NotchFlowUI/SettingsPane.swift /Users/ataozeren/Documents/GitHub/dynamic-island-for-macbook/Sources/NotchFlowUI/SettingsWindowView.swift /Users/ataozeren/Documents/GitHub/dynamic-island-for-macbook/Sources/NotchFlowUI/TimerActivityView.swift /Users/ataozeren/Documents/GitHub/dynamic-island-for-macbook/DerivedData/Task70Direct/Build/Intermediates.noindex/NotchFlow.build/Direct/NotchFlowUI.build/DerivedSources/GeneratedStringSymbols_Localizable.swift /Applications/Xcode.app/Contents/Developer/Toolchains/XcodeDefault.xctoolchain/usr/lib/swift/macosx/prebuilt-modules/26.5/OSLog.swiftmodule/arm64e-apple-macos.swiftmodule /Applications/Xcode.app/Contents/Developer/Toolchains/XcodeDefault.xctoolchain/usr/lib/swift/macosx/prebuilt-modules/26.5/_Concurrency.swiftmodule/arm64e-apple-macos.swiftmodule /Applications/Xcode.app/Contents/Developer/Toolchains/XcodeDefault.xctoolchain/usr/lib/swift/macosx/prebuilt-modules/26.5/SwiftUI.swiftmodule/arm64e-apple-macos.swiftmodule /Applications/Xcode.app/Contents/Developer/Toolchains/XcodeDefault.xctoolchain/usr/lib/swift/macosx/prebuilt-modules/26.5/_StringProcessing.swiftmodule/arm64e-apple-macos.swiftmodule /Applications/Xcode.app/Contents/Developer/Toolchains/XcodeDefault.xctoolchain/usr/lib/swift/macosx/prebuilt-modules/26.5/XPC.swiftmodule/arm64e-apple-macos.swiftmodule /Applications/Xcode.app/Contents/Developer/Toolchains/XcodeDefault.xctoolchain/usr/lib/swift/macosx/prebuilt-modules/26.5/SwiftUICore.swiftmodule/arm64e-apple-macos.swiftmodule /Applications/Xcode.app/Contents/Developer/Toolchains/XcodeDefault.xctoolchain/usr/lib/swift/macosx/prebuilt-modules/26.5/Darwin.swiftmodule/arm64e-apple-macos.swiftmodule /Applications/Xcode.app/Contents/Developer/Toolchains/XcodeDefault.xctoolchain/usr/lib/swift/macosx/prebuilt-modules/26.5/CoreTransferable.swiftmodule/arm64e-apple-macos.swiftmodule /Applications/Xcode.app/Contents/Developer/Toolchains/XcodeDefault.xctoolchain/usr/lib/swift/macosx/prebuilt-modules/26.5/_Builtin_float.swiftmodule/arm64e-apple-macos.swiftmodule /Users/ataozeren/Documents/GitHub/dynamic-island-for-macbook/DerivedData/Task70Direct/Build/Products/Direct/NotchFlowCore.swiftmodule/arm64-apple-macos.swiftmodule /Applications/Xcode.app/Contents/Developer/Toolchains/XcodeDefault.xctoolchain/usr/lib/swift/macosx/prebuilt-modules/26.5/CoreData.swiftmodule/arm64e-apple-macos.swiftmodule /Applications/Xcode.app/Contents/Developer/Toolchains/XcodeDefault.xctoolchain/usr/lib/swift/macosx/prebuilt-modules/26.5/System.swiftmodule/arm64e-apple-macos.swiftmodule /Applications/Xcode.app/Contents/Developer/Toolchains/XcodeDefault.xctoolchain/usr/lib/swift/macosx/prebuilt-modules/26.5/os.swiftmodule/arm64e-apple-macos.swiftmodule /Applications/Xcode.app/Contents/Developer/Toolchains/XcodeDefault.xctoolchain/usr/lib/swift/macosx/prebuilt-modules/26.5/CoreImage.swiftmodule/arm64e-apple-macos.swiftmodule /Applications/Xcode.app/Contents/Developer/Toolchains/XcodeDefault.xctoolchain/usr/lib/swift/macosx/prebuilt-modules/26.5/_DarwinFoundation2.swiftmodule/arm64e-apple-macos.swiftmodule /Applications/Xcode.app/Contents/Developer/Toolchains/XcodeDefault.xctoolchain/usr/lib/swift/macosx/prebuilt-modules/26.5/Accessibility.swiftmodule/arm64e-apple-macos.swiftmodule /Applications/Xcode.app/Contents/Developer/Toolchains/XcodeDefault.xctoolchain/usr/lib/swift/macosx/prebuilt-modules/26.5/CoreText.swiftmodule/arm64e-apple-macos.swiftmodule /Applications/Xcode.app/Contents/Developer/Toolchains/XcodeDefault.xctoolchain/usr/lib/swift/macosx/prebuilt-modules/26.5/Spatial.swiftmodule/arm64e-apple-macos.swiftmodule /Applications/Xcode.app/Contents/Developer/Toolchains/XcodeDefault.xctoolchain/usr/lib/swift/macosx/prebuilt-modules/26.5/Foundation.swiftmodule/arm64e-apple-macos.swiftmodule /Applications/Xcode.app/Contents/Developer/Toolchains/XcodeDefault.xctoolchain/usr/lib/swift/macosx/prebuilt-modules/26.5/Swift.swiftmodule/arm64e-apple-macos.swiftmodule /Applications/Xcode.app/Contents/Developer/Toolchains/XcodeDefault.xctoolchain/usr/lib/swift/macosx/prebuilt-modules/26.5/IOKit.swiftmodule/arm64e-apple-macos.swiftmodule /Applications/Xcode.app/Contents/Developer/Toolchains/XcodeDefault.xctoolchain/usr/lib/swift/macosx/prebuilt-modules/26.5/Observation.swiftmodule/arm64e-apple-macos.swiftmodule /Applications/Xcode.app/Contents/Developer/Toolchains/XcodeDefault.xctoolchain/usr/lib/swift/macosx/prebuilt-modules/26.5/simd.swiftmodule/arm64e-apple-macos.swiftmodule /Applications/Xcode.app/Contents/Developer/Toolchains/XcodeDefault.xctoolchain/usr/lib/swift/macosx/prebuilt-modules/26.5/QuartzCore.swiftmodule/arm64e-apple-macos.swiftmodule /Applications/Xcode.app/Contents/Developer/Toolchains/XcodeDefault.xctoolchain/usr/lib/swift/macosx/prebuilt-modules/26.5/AppKit.swiftmodule/arm64e-apple-macos.swiftmodule /Applications/Xcode.app/Contents/Developer/Toolchains/XcodeDefault.xctoolchain/usr/lib/swift/macosx/prebuilt-modules/26.5/_DarwinFoundation1.swiftmodule/arm64e-apple-macos.swiftmodule /Applications/Xcode.app/Contents/Developer/Toolchains/XcodeDefault.xctoolchain/usr/lib/swift/macosx/prebuilt-modules/26.5/ObjectiveC.swiftmodule/arm64e-apple-macos.swiftmodule /Applications/Xcode.app/Contents/Developer/Toolchains/XcodeDefault.xctoolchain/usr/lib/swift/macosx/prebuilt-modules/26.5/Dispatch.swiftmodule/arm64e-apple-macos.swiftmodule /Applications/Xcode.app/Contents/Developer/Toolchains/XcodeDefault.xctoolchain/usr/lib/swift/macosx/prebuilt-modules/26.5/Combine.swiftmodule/arm64e-apple-macos.swiftmodule /Applications/Xcode.app/Contents/Developer/Toolchains/XcodeDefault.xctoolchain/usr/lib/swift/macosx/prebuilt-modules/26.5/CoreFoundation.swiftmodule/arm64e-apple-macos.swiftmodule /Applications/Xcode.app/Contents/Developer/Toolchains/XcodeDefault.xctoolchain/usr/lib/swift/macosx/prebuilt-modules/26.5/Symbols.swiftmodule/arm64e-apple-macos.swiftmodule /Applications/Xcode.app/Contents/Developer/Toolchains/XcodeDefault.xctoolchain/usr/lib/swift/macosx/prebuilt-modules/26.5/Metal.swiftmodule/arm64e-apple-macos.swiftmodule /Applications/Xcode.app/Contents/Developer/Toolchains/XcodeDefault.xctoolchain/usr/lib/swift/macosx/prebuilt-modules/26.5/_DarwinFoundation3.swiftmodule/arm64e-apple-macos.swiftmodule /Applications/Xcode.app/Contents/Developer/Toolchains/XcodeDefault.xctoolchain/usr/lib/swift/macosx/prebuilt-modules/26.5/UniformTypeIdentifiers.swiftmodule/arm64e-apple-macos.swiftmodule /Applications/Xcode.app/Contents/Developer/Toolchains/XcodeDefault.xctoolchain/usr/lib/swift/macosx/prebuilt-modules/26.5/CoreGraphics.swiftmodule/arm64e-apple-macos.swiftmodule /Applications/Xcode.app/Contents/Developer/Toolchains/XcodeDefault.xctoolchain/usr/lib/swift/macosx/prebuilt-modules/26.5/DataDetection.swiftmodule/arm64e-apple-macos.swiftmodule /Applications/Xcode.app/Contents/Developer/Toolchains/XcodeDefault.xctoolchain/usr/lib/swift/macosx/prebuilt-modules/26.5/CoreVideo.swiftmodule/arm64e-apple-macos.swiftmodule /Applications/Xcode.app/Contents/Developer/Toolchains/XcodeDefault.xctoolchain/usr/lib/swift/macosx/prebuilt-modules/26.5/DeveloperToolsSupport.swiftmodule/arm64e-apple-macos.swiftmodule /Users/ataozeren/Documents/GitHub/dynamic-island-for-macbook/DerivedData/Task70Direct/ModuleCache.noindex/_Builtin_float-2RQ53YIYHLBLWMWARW7S57XM8.pcm /Users/ataozeren/Documents/GitHub/dynamic-island-for-macbook/DerivedData/Task70Direct/ModuleCache.noindex/_Builtin_stdint-2D2VMT9E59PXYVPPJUM3QEMTG.pcm /Users/ataozeren/Documents/GitHub/dynamic-island-for-macbook/DerivedData/Task70Direct/ModuleCache.noindex/Darwin-7R2MVZLPVSMAYU6EA5EC08IC9.pcm /Users/ataozeren/Documents/GitHub/dynamic-island-for-macbook/DerivedData/Task70Direct/ModuleCache.noindex/libkern-ALQR2H8H02LJFX4NZJUX2I1L0.pcm /Users/ataozeren/Documents/GitHub/dynamic-island-for-macbook/DerivedData/Task70Direct/ModuleCache.noindex/DiskArbitration-CXTU6MJCC8PO9LWNGBEDZT6LP.pcm /Users/ataozeren/Documents/GitHub/dynamic-island-for-macbook/DerivedData/Task70Direct/ModuleCache.noindex/os-1L87MO0BNYUM0AHD0VE2JCDQA.pcm /Users/ataozeren/Documents/GitHub/dynamic-island-for-macbook/DerivedData/Task70Direct/ModuleCache.noindex/ObjectiveC-8G7XWAR7V58XHQMNKB2J6AR64.pcm /Users/ataozeren/Documents/GitHub/dynamic-island-for-macbook/DerivedData/Task70Direct/ModuleCache.noindex/ColorSync-3LJ9YFQ7FR72ZZ7XZRNOZASOW.pcm /Users/ataozeren/Documents/GitHub/dynamic-island-for-macbook/DerivedData/Task70Direct/ModuleCache.noindex/IOSurface-BJ99J7NGFN8Y13NNLK35W154H.pcm /Users/ataozeren/Documents/GitHub/dynamic-island-for-macbook/DerivedData/Task70Direct/ModuleCache.noindex/ApplicationServices-8EEVVPUOE6SY5PO7QJIPMK0JD.pcm /Users/ataozeren/Documents/GitHub/dynamic-island-for-macbook/DerivedData/Task70Direct/ModuleCache.noindex/IOKit-6478WV7SJZ8NAWUEFE78M5YFG.pcm /Users/ataozeren/Documents/GitHub/dynamic-island-for-macbook/DerivedData/Task70Direct/ModuleCache.noindex/CFNetwork-5KW2SFQUW3RCO5QTWX0SAVNT8.pcm /Users/ataozeren/Documents/GitHub/dynamic-island-for-macbook/DerivedData/Task70Direct/ModuleCache.noindex/QuartzCore-EN6FJQI78Y18J56EQGBZYGTQ1.pcm /Users/ataozeren/Documents/GitHub/dynamic-island-for-macbook/DerivedData/Task70Direct/ModuleCache.noindex/_Builtin_stdatomic-5797AQASM9ESMJSFGUM1GQBQQ.pcm /Users/ataozeren/Documents/GitHub/dynamic-island-for-macbook/DerivedData/Task70Direct/ModuleCache.noindex/OpenGL-8OWHJQMNDWE5SP403BBI4DSMZ.pcm /Users/ataozeren/Documents/GitHub/dynamic-island-for-macbook/DerivedData/Task70Direct/ModuleCache.noindex/os_workgroup-5LN354FP0KAXXRT764WJMOGHN.pcm /Users/ataozeren/Documents/GitHub/dynamic-island-for-macbook/DerivedData/Task70Direct/ModuleCache.noindex/Accessibility-AF1P9LLXQHH0YQD4MAVX3BDGP.pcm /Users/ataozeren/Documents/GitHub/dynamic-island-for-macbook/DerivedData/Task70Direct/ModuleCache.noindex/Symbols-GJD5Q4RJ8KCYFVZP2MFYDR34.pcm /Users/ataozeren/Documents/GitHub/dynamic-island-for-macbook/DerivedData/Task70Direct/ModuleCache.noindex/libDER-BX2GBWUKPRWSBQBFTRFWQJHC4.pcm /Users/ataozeren/Documents/GitHub/dynamic-island-for-macbook/DerivedData/Task70Direct/ModuleCache.noindex/CoreImage-BNSRLBZEGONLLWQ2MEEFWR957.pcm /Users/ataozeren/Documents/GitHub/dynamic-island-for-macbook/DerivedData/Task70Direct/ModuleCache.noindex/CoreFoundation-8V936AZ60WTPY722S40KJZ3TD.pcm /Users/ataozeren/Documents/GitHub/dynamic-island-for-macbook/DerivedData/Task70Direct/ModuleCache.noindex/SwiftShims-3P0ROB412J5T61ZZAXGU15RT.pcm /Users/ataozeren/Documents/GitHub/dynamic-island-for-macbook/DerivedData/Task70Direct/ModuleCache.noindex/_Builtin_stddef-5CVAECPU786V930UROGCJJDWP.pcm /Users/ataozeren/Documents/GitHub/dynamic-island-for-macbook/DerivedData/Task70Direct/ModuleCache.noindex/_DarwinFoundation1-924449K1WK3ZAJMEDFYEJFC74.pcm /Users/ataozeren/Documents/GitHub/dynamic-island-for-macbook/DerivedData/Task70Direct/ModuleCache.noindex/CoreData-4WUPH8WD0NNJP31M6NEZZM5A9.pcm /Users/ataozeren/Documents/GitHub/dynamic-island-for-macbook/DerivedData/Task70Direct/ModuleCache.noindex/Metal-30M8I07RLEYBCA35C9MJEQVM.pcm /Users/ataozeren/Documents/GitHub/dynamic-island-for-macbook/DerivedData/Task70Direct/ModuleCache.noindex/Foundation-2K4AVUSGFKCMVTIZNGODLF1SR.pcm /Users/ataozeren/Documents/GitHub/dynamic-island-for-macbook/DerivedData/Task70Direct/ModuleCache.noindex/sys_types-5PWG5HR72DS8NW3396TJHUA2I.pcm /Users/ataozeren/Documents/GitHub/dynamic-island-for-macbook/DerivedData/Task70Direct/ModuleCache.noindex/_Builtin_inttypes-5E9WHNLQOOZ6M06PAVO7FJ8KF.pcm /Users/ataozeren/Documents/GitHub/dynamic-island-for-macbook/DerivedData/Task70Direct/ModuleCache.noindex/_Builtin_stdbool-AEL9ZYGF4X1WKOOXOX83KLN2E.pcm /Users/ataozeren/Documents/GitHub/dynamic-island-for-macbook/DerivedData/Task70Direct/ModuleCache.noindex/_DarwinFoundation2-10EBB7CPWG7QWW9VRGQ5OVYDK.pcm /Users/ataozeren/Documents/GitHub/dynamic-island-for-macbook/DerivedData/Task70Direct/ModuleCache.noindex/MachO-8IMZNNP4GNQY0JGLT4P6HGTG7.pcm /Users/ataozeren/Documents/GitHub/dynamic-island-for-macbook/DerivedData/Task70Direct/ModuleCache.noindex/ImageIO-ES6ZD693EYEGMO0W9YQOG9UJY.pcm /Users/ataozeren/Documents/GitHub/dynamic-island-for-macbook/DerivedData/Task70Direct/ModuleCache.noindex/Security-EABH7A0MOE88SXET3XHZRFNYB.pcm /Users/ataozeren/Documents/GitHub/dynamic-island-for-macbook/DerivedData/Task70Direct/ModuleCache.noindex/_Builtin_stdarg-86L4XSM8B2V0P8VMPJDUWBE1K.pcm /Users/ataozeren/Documents/GitHub/dynamic-island-for-macbook/DerivedData/Task70Direct/ModuleCache.noindex/ptrauth-8IB99MEXWYU21IWP9TSOAVNT6.pcm /Users/ataozeren/Documents/GitHub/dynamic-island-for-macbook/DerivedData/Task70Direct/ModuleCache.noindex/ptrcheck-5BHHIZJXK9JUMA89P3V2VCZUH.pcm /Users/ataozeren/Documents/GitHub/dynamic-island-for-macbook/DerivedData/Task70Direct/ModuleCache.noindex/_Builtin_intrinsics-3ZFLQPXFVNY537X40UTWUAHP2.pcm /Users/ataozeren/Documents/GitHub/dynamic-island-for-macbook/DerivedData/Task70Direct/ModuleCache.noindex/AppKit-9T3T0D50LWIJUB8I70UDMNZFE.pcm /Users/ataozeren/Documents/GitHub/dynamic-island-for-macbook/DerivedData/Task70Direct/ModuleCache.noindex/_AvailabilityInternal-B89UORNSYULXHXHH2YWCRUE8J.pcm /Users/ataozeren/Documents/GitHub/dynamic-island-for-macbook/DerivedData/Task70Direct/ModuleCache.noindex/OSLog-96SRYV5V12Z3HAOSNU8U0PMZU.pcm /Users/ataozeren/Documents/GitHub/dynamic-island-for-macbook/DerivedData/Task70Direct/ModuleCache.noindex/XPC-3TU4E36NAVZT5G35JHWLVZQCS.pcm /Users/ataozeren/Documents/GitHub/dynamic-island-for-macbook/DerivedData/Task70Direct/ModuleCache.noindex/CoreVideo-6VFDYIGNTF0E2XAO5DW88XP64.pcm /Users/ataozeren/Documents/GitHub/dynamic-island-for-macbook/DerivedData/Task70Direct/ModuleCache.noindex/_Builtin_tgmath-18GRN39WJAWSHBTTWU3EMACGA.pcm /Users/ataozeren/Documents/GitHub/dynamic-island-for-macbook/DerivedData/Task70Direct/ModuleCache.noindex/CoreTransferable-8PMG2C4NQFEEW6XRIPY6P0978.pcm /Users/ataozeren/Documents/GitHub/dynamic-island-for-macbook/DerivedData/Task70Direct/ModuleCache.noindex/CoreGraphics-944ND8NPKK9DOPZI8H94BV6QD.pcm /Users/ataozeren/Documents/GitHub/dynamic-island-for-macbook/DerivedData/Task70Direct/ModuleCache.noindex/launch-5MHVTJ3X2Y5FUX6EHAELD9G49.pcm /Users/ataozeren/Documents/GitHub/dynamic-island-for-macbook/DerivedData/Task70Direct/ModuleCache.noindex/os_object-54U75Z1VP0TOJJHFXTFDRAONX.pcm /Users/ataozeren/Documents/GitHub/dynamic-island-for-macbook/DerivedData/Task70Direct/ModuleCache.noindex/DataDetection-E9JF55XZYCUIPOU6GIOC3IVPZ.pcm /Users/ataozeren/Documents/GitHub/dynamic-island-for-macbook/DerivedData/Task70Direct/ModuleCache.noindex/SwiftUICore-8GX5N7PUB4U7A03R69Z3HBT6I.pcm /Users/ataozeren/Documents/GitHub/dynamic-island-for-macbook/DerivedData/Task70Direct/ModuleCache.noindex/SwiftUI-6HX8432NNJU5QFLFJLF40LAGQ.pcm /Users/ataozeren/Documents/GitHub/dynamic-island-for-macbook/DerivedData/Task70Direct/ModuleCache.noindex/CoreServices-3IN83YT0CTVRE1X2TG0QRERFK.pcm /Users/ataozeren/Documents/GitHub/dynamic-island-for-macbook/DerivedData/Task70Direct/ModuleCache.noindex/_Builtin_limits-10IXLODS06KV1XQRNBBN8195K.pcm /Users/ataozeren/Documents/GitHub/dynamic-island-for-macbook/DerivedData/Task70Direct/ModuleCache.noindex/UniformTypeIdentifiers-BUTJV327THFB2V88VHBH5382I.pcm /Users/ataozeren/Documents/GitHub/dynamic-island-for-macbook/DerivedData/Task70Direct/ModuleCache.noindex/_SwiftConcurrencyShims-C1IL4P6PUCVYWO2NKVLOMTKAB.pcm /Users/ataozeren/Documents/GitHub/dynamic-island-for-macbook/DerivedData/Task70Direct/ModuleCache.noindex/Dispatch-9FZZD51RH8LSAFDUITNR8X36L.pcm /Users/ataozeren/Documents/GitHub/dynamic-island-for-macbook/DerivedData/Task70Direct/ModuleCache.noindex/Spatial-BXT13AJFGKZ3VSGKL05UV065Y.pcm /Users/ataozeren/Documents/GitHub/dynamic-island-for-macbook/DerivedData/Task70Direct/ModuleCache.noindex/simd-AHLKTTX03SYVKHSXRWXCPB9W5.pcm /Users/ataozeren/Documents/GitHub/dynamic-island-for-macbook/DerivedData/Task70Direct/ModuleCache.noindex/DeveloperToolsSupport-3EGWOX7JH0SP6O2FG7H232EDJ.pcm /Users/ataozeren/Documents/GitHub/dynamic-island-for-macbook/DerivedData/Task70Direct/ModuleCache.noindex/CUPS-AGCNMWATUOWQPAPAYGVN29QB8.pcm /Users/ataozeren/Documents/GitHub/dynamic-island-for-macbook/DerivedData/Task70Direct/ModuleCache.noindex/_DarwinFoundation3-83L5IQFODUTXGCTNQGY8RXWHR.pcm /Users/ataozeren/Documents/GitHub/dynamic-island-for-macbook/DerivedData/Task70Direct/ModuleCache.noindex/CoreText-ENDJ7VYR5FNHPCT7FYJHTDCFV.pcm /Users/ataozeren/Documents/GitHub/dynamic-island-for-macbook/DerivedData/Task70Direct/Build/Intermediates.noindex/NotchFlow.build/Direct/NotchFlowUI.build/Objects-normal/arm64/NotchFlowUI-dependencies-2.json (in target 'NotchFlowUI' from project 'NotchFlow' at path '/Users/ataozeren/Documents/GitHub/dynamic-island-for-macbook/Package.swift')

CompileSwift normal arm64 (in target 'NotchFlowUI' from project 'NotchFlow' at path '/Users/ataozeren/Documents/GitHub/dynamic-island-for-macbook/Package.swift')
    cd /Users/ataozeren/Documents/GitHub/dynamic-island-for-macbook/NotchFlow.xcodeproj


SwiftDriverJobDiscovery normal x86_64 Compiling resource_bundle_accessor.swift, AIAgentActivityView.swift, AIIntegrationsSettingsView.swift, AboutSettingsView.swift, ActivitiesSettingsView.swift, ChargingActivityView.swift, CompactActivityView.swift, ExpandedActivityView.swift, GeneralSettingsView.swift, IslandAnimation.swift, IslandAppearance.swift, LocalizedText.swift, ManualSetupView.swift, MusicActivityView.swift, NotchFlowUI.swift, NotchPanel.swift, OnboardingWindowView.swift, PresentationController.swift, SettingsPane.swift, SettingsWindowView.swift, TimerActivityView.swift, GeneratedStringSymbols_Localizable.swift (in target 'NotchFlowUI' from project 'NotchFlow' at path '/Users/ataozeren/Documents/GitHub/dynamic-island-for-macbook/Package.swift')

SwiftDriver\ Compilation\ Requirements NotchFlowUI normal x86_64 com.apple.xcode.tools.swift.compiler (in target 'NotchFlowUI' from project 'NotchFlow' at path '/Users/ataozeren/Documents/GitHub/dynamic-island-for-macbook/Package.swift')
    cd /Users/ataozeren/Documents/GitHub/dynamic-island-for-macbook/NotchFlow.xcodeproj
    builtin-Swift-Compilation-Requirements -- /Applications/Xcode.app/Contents/Developer/Toolchains/XcodeDefault.xctoolchain/usr/bin/swiftc -module-name NotchFlowUI -O -whole-module-optimization @/Users/ataozeren/Documents/GitHub/dynamic-island-for-macbook/DerivedData/Task70Direct/Build/Intermediates.noindex/NotchFlow.build/Direct/NotchFlowUI.build/Objects-normal/x86_64/NotchFlowUI.SwiftFileList -DSWIFT_PACKAGE -DSWIFT_MODULE_RESOURCE_BUNDLE_AVAILABLE -DXcode -enable-upcoming-feature StrictConcurrency -plugin-path /Applications/Xcode.app/Contents/Developer/Toolchains/XcodeDefault.xctoolchain/usr/lib/swift/host/plugins/testing -enable-experimental-feature DebugDescriptionMacro -sdk /Applications/Xcode.app/Contents/Developer/Platforms/MacOSX.platform/Developer/SDKs/MacOSX26.5.sdk -target x86_64-apple-macos14.0 -g -module-cache-path /Users/ataozeren/Documents/GitHub/dynamic-island-for-macbook/DerivedData/Task70Direct/ModuleCache.noindex -Xfrontend -serialize-debugging-options -suppress-warnings -swift-version 6 -I /Users/ataozeren/Documents/GitHub/dynamic-island-for-macbook/DerivedData/Task70Direct/Build/Products/Direct -Isystem /Applications/Xcode.app/Contents/Developer/Platforms/MacOSX.platform/Developer/usr/lib -F /Users/ataozeren/Documents/GitHub/dynamic-island-for-macbook/DerivedData/Task70Direct/Build/Products/Direct/PackageFrameworks -F /Users/ataozeren/Documents/GitHub/dynamic-island-for-macbook/DerivedData/Task70Direct/Build/Products/Direct -F /Applications/Xcode.app/Contents/Developer/Platforms/MacOSX.platform/Developer/Library/Frameworks -emit-localized-strings -emit-localized-strings-path /Users/ataozeren/Documents/GitHub/dynamic-island-for-macbook/DerivedData/Task70Direct/Build/Intermediates.noindex/NotchFlow.build/Direct/NotchFlowUI.build/Objects-normal/x86_64 -c -num-threads 10 -Xcc -ivfsstatcache -Xcc /Users/ataozeren/Documents/GitHub/dynamic-island-for-macbook/DerivedData/Task70Direct/SDKStatCaches.noindex/macosx26.5-25F70-e082c4a02f00227109f4ed75e425c832.sdkstatcache -output-file-map /Users/ataozeren/Documents/GitHub/dynamic-island-for-macbook/DerivedData/Task70Direct/Build/Intermediates.noindex/NotchFlow.build/Direct/NotchFlowUI.build/Objects-normal/x86_64/NotchFlowUI-OutputFileMap.json -use-frontend-parseable-output -save-temps -no-color-diagnostics -explicit-module-build -module-cache-path /Users/ataozeren/Documents/GitHub/dynamic-island-for-macbook/DerivedData/Task70Direct/Build/Intermediates.noindex/SwiftExplicitPrecompiledModules -clang-scanner-module-cache-path /Users/ataozeren/Documents/GitHub/dynamic-island-for-macbook/DerivedData/Task70Direct/ModuleCache.noindex -sdk-module-cache-path /Users/ataozeren/Documents/GitHub/dynamic-island-for-macbook/DerivedData/Task70Direct/ModuleCache.noindex -serialize-diagnostics -emit-dependencies -emit-module -emit-module-path /Users/ataozeren/Documents/GitHub/dynamic-island-for-macbook/DerivedData/Task70Direct/Build/Intermediates.noindex/NotchFlow.build/Direct/NotchFlowUI.build/Objects-normal/x86_64/NotchFlowUI.swiftmodule -validate-clang-modules-once -clang-build-session-file /Users/ataozeren/Documents/GitHub/dynamic-island-for-macbook/DerivedData/Task70Direct/ModuleCache.noindex/Session.modulevalidation -package-name dynamic_island_for_macbook -Xcc -I/Users/ataozeren/Documents/GitHub/dynamic-island-for-macbook/DerivedData/Task70Direct/Build/Intermediates.noindex/NotchFlow.build/Direct/NotchFlowUI.build/swift-overrides.hmap -emit-const-values -Xfrontend -const-gather-protocols-file -Xfrontend /Users/ataozeren/Documents/GitHub/dynamic-island-for-macbook/DerivedData/Task70Direct/Build/Intermediates.noindex/NotchFlow.build/Direct/NotchFlowUI.build/Objects-normal/x86_64/NotchFlowUI_const_extract_protocols.json -Xcc -I/Users/ataozeren/Documents/GitHub/dynamic-island-for-macbook/DerivedData/Task70Direct/Build/Products/Direct/include -Xcc -I/Users/ataozeren/Documents/GitHub/dynamic-island-for-macbook/DerivedData/Task70Direct/Build/Intermediates.noindex/NotchFlow.build/Direct/NotchFlowUI.build/DerivedSources-normal/x86_64 -Xcc -I/Users/ataozeren/Documents/GitHub/dynamic-island-for-macbook/DerivedData/Task70Direct/Build/Intermediates.noindex/NotchFlow.build/Direct/NotchFlowUI.build/DerivedSources/x86_64 -Xcc -I/Users/ataozeren/Documents/GitHub/dynamic-island-for-macbook/DerivedData/Task70Direct/Build/Intermediates.noindex/NotchFlow.build/Direct/NotchFlowUI.build/DerivedSources -Xcc -DSWIFT_PACKAGE -emit-objc-header -emit-objc-header-path /Users/ataozeren/Documents/GitHub/dynamic-island-for-macbook/DerivedData/Task70Direct/Build/Intermediates.noindex/NotchFlow.build/Direct/NotchFlowUI.build/Objects-normal/x86_64/NotchFlowUI-Swift.h -working-directory /Users/ataozeren/Documents/GitHub/dynamic-island-for-macbook/NotchFlow.xcodeproj -no-emit-module-separately-wmo

Copy /Users/ataozeren/Documents/GitHub/dynamic-island-for-macbook/DerivedData/Task70Direct/Build/Products/Direct/NotchFlowUI.swiftmodule/x86_64-apple-macos.abi.json /Users/ataozeren/Documents/GitHub/dynamic-island-for-macbook/DerivedData/Task70Direct/Build/Intermediates.noindex/NotchFlow.build/Direct/NotchFlowUI.build/Objects-normal/x86_64/NotchFlowUI.abi.json (in target 'NotchFlowUI' from project 'NotchFlow' at path '/Users/ataozeren/Documents/GitHub/dynamic-island-for-macbook/Package.swift')
    cd /Users/ataozeren/Documents/GitHub/dynamic-island-for-macbook
    builtin-copy -exclude .DS_Store -exclude CVS -exclude .svn -exclude .git -exclude .hg -strip-unsigned-binaries -strip-deterministic -strip-tool /Applications/Xcode.app/Contents/Developer/Toolchains/XcodeDefault.xctoolchain/usr/bin/strip -resolve-src-symlinks -rename /Users/ataozeren/Documents/GitHub/dynamic-island-for-macbook/DerivedData/Task70Direct/Build/Intermediates.noindex/NotchFlow.build/Direct/NotchFlowUI.build/Objects-normal/x86_64/NotchFlowUI.abi.json /Users/ataozeren/Documents/GitHub/dynamic-island-for-macbook/DerivedData/Task70Direct/Build/Products/Direct/NotchFlowUI.swiftmodule/x86_64-apple-macos.abi.json

Copy /Users/ataozeren/Documents/GitHub/dynamic-island-for-macbook/DerivedData/Task70Direct/Build/Products/Direct/NotchFlowUI.swiftmodule/x86_64-apple-macos.swiftmodule /Users/ataozeren/Documents/GitHub/dynamic-island-for-macbook/DerivedData/Task70Direct/Build/Intermediates.noindex/NotchFlow.build/Direct/NotchFlowUI.build/Objects-normal/x86_64/NotchFlowUI.swiftmodule (in target 'NotchFlowUI' from project 'NotchFlow' at path '/Users/ataozeren/Documents/GitHub/dynamic-island-for-macbook/Package.swift')
    cd /Users/ataozeren/Documents/GitHub/dynamic-island-for-macbook
    builtin-copy -exclude .DS_Store -exclude CVS -exclude .svn -exclude .git -exclude .hg -strip-unsigned-binaries -strip-deterministic -strip-tool /Applications/Xcode.app/Contents/Developer/Toolchains/XcodeDefault.xctoolchain/usr/bin/strip -resolve-src-symlinks -rename /Users/ataozeren/Documents/GitHub/dynamic-island-for-macbook/DerivedData/Task70Direct/Build/Intermediates.noindex/NotchFlow.build/Direct/NotchFlowUI.build/Objects-normal/x86_64/NotchFlowUI.swiftmodule /Users/ataozeren/Documents/GitHub/dynamic-island-for-macbook/DerivedData/Task70Direct/Build/Products/Direct/NotchFlowUI.swiftmodule/x86_64-apple-macos.swiftmodule

Copy /Users/ataozeren/Documents/GitHub/dynamic-island-for-macbook/DerivedData/Task70Direct/Build/Products/Direct/NotchFlowUI.swiftmodule/x86_64-apple-macos.swiftdoc /Users/ataozeren/Documents/GitHub/dynamic-island-for-macbook/DerivedData/Task70Direct/Build/Intermediates.noindex/NotchFlow.build/Direct/NotchFlowUI.build/Objects-normal/x86_64/NotchFlowUI.swiftdoc (in target 'NotchFlowUI' from project 'NotchFlow' at path '/Users/ataozeren/Documents/GitHub/dynamic-island-for-macbook/Package.swift')
    cd /Users/ataozeren/Documents/GitHub/dynamic-island-for-macbook
    builtin-copy -exclude .DS_Store -exclude CVS -exclude .svn -exclude .git -exclude .hg -strip-unsigned-binaries -strip-deterministic -strip-tool /Applications/Xcode.app/Contents/Developer/Toolchains/XcodeDefault.xctoolchain/usr/bin/strip -resolve-src-symlinks -rename /Users/ataozeren/Documents/GitHub/dynamic-island-for-macbook/DerivedData/Task70Direct/Build/Intermediates.noindex/NotchFlow.build/Direct/NotchFlowUI.build/Objects-normal/x86_64/NotchFlowUI.swiftdoc /Users/ataozeren/Documents/GitHub/dynamic-island-for-macbook/DerivedData/Task70Direct/Build/Products/Direct/NotchFlowUI.swiftmodule/x86_64-apple-macos.swiftdoc

Copy /Users/ataozeren/Documents/GitHub/dynamic-island-for-macbook/DerivedData/Task70Direct/Build/Products/Direct/NotchFlowUI.swiftmodule/Project/x86_64-apple-macos.swiftsourceinfo /Users/ataozeren/Documents/GitHub/dynamic-island-for-macbook/DerivedData/Task70Direct/Build/Intermediates.noindex/NotchFlow.build/Direct/NotchFlowUI.build/Objects-normal/x86_64/NotchFlowUI.swiftsourceinfo (in target 'NotchFlowUI' from project 'NotchFlow' at path '/Users/ataozeren/Documents/GitHub/dynamic-island-for-macbook/Package.swift')
    cd /Users/ataozeren/Documents/GitHub/dynamic-island-for-macbook
    builtin-copy -exclude .DS_Store -exclude CVS -exclude .svn -exclude .git -exclude .hg -strip-unsigned-binaries -strip-deterministic -strip-tool /Applications/Xcode.app/Contents/Developer/Toolchains/XcodeDefault.xctoolchain/usr/bin/strip -resolve-src-symlinks -rename /Users/ataozeren/Documents/GitHub/dynamic-island-for-macbook/DerivedData/Task70Direct/Build/Intermediates.noindex/NotchFlow.build/Direct/NotchFlowUI.build/Objects-normal/x86_64/NotchFlowUI.swiftsourceinfo /Users/ataozeren/Documents/GitHub/dynamic-island-for-macbook/DerivedData/Task70Direct/Build/Products/Direct/NotchFlowUI.swiftmodule/Project/x86_64-apple-macos.swiftsourceinfo

SwiftDriverJobDiscovery normal arm64 Compiling resource_bundle_accessor.swift, AIAgentActivityView.swift, AIIntegrationsSettingsView.swift, AboutSettingsView.swift, ActivitiesSettingsView.swift, ChargingActivityView.swift, CompactActivityView.swift, ExpandedActivityView.swift, GeneralSettingsView.swift, IslandAnimation.swift, IslandAppearance.swift, LocalizedText.swift, ManualSetupView.swift, MusicActivityView.swift, NotchFlowUI.swift, NotchPanel.swift, OnboardingWindowView.swift, PresentationController.swift, SettingsPane.swift, SettingsWindowView.swift, TimerActivityView.swift, GeneratedStringSymbols_Localizable.swift (in target 'NotchFlowUI' from project 'NotchFlow' at path '/Users/ataozeren/Documents/GitHub/dynamic-island-for-macbook/Package.swift')

SwiftDriver\ Compilation\ Requirements NotchFlowUI normal arm64 com.apple.xcode.tools.swift.compiler (in target 'NotchFlowUI' from project 'NotchFlow' at path '/Users/ataozeren/Documents/GitHub/dynamic-island-for-macbook/Package.swift')
    cd /Users/ataozeren/Documents/GitHub/dynamic-island-for-macbook/NotchFlow.xcodeproj
    builtin-Swift-Compilation-Requirements -- /Applications/Xcode.app/Contents/Developer/Toolchains/XcodeDefault.xctoolchain/usr/bin/swiftc -module-name NotchFlowUI -O -whole-module-optimization @/Users/ataozeren/Documents/GitHub/dynamic-island-for-macbook/DerivedData/Task70Direct/Build/Intermediates.noindex/NotchFlow.build/Direct/NotchFlowUI.build/Objects-normal/arm64/NotchFlowUI.SwiftFileList -DSWIFT_PACKAGE -DSWIFT_MODULE_RESOURCE_BUNDLE_AVAILABLE -DXcode -enable-upcoming-feature StrictConcurrency -plugin-path /Applications/Xcode.app/Contents/Developer/Toolchains/XcodeDefault.xctoolchain/usr/lib/swift/host/plugins/testing -enable-experimental-feature DebugDescriptionMacro -sdk /Applications/Xcode.app/Contents/Developer/Platforms/MacOSX.platform/Developer/SDKs/MacOSX26.5.sdk -target arm64-apple-macos14.0 -g -module-cache-path /Users/ataozeren/Documents/GitHub/dynamic-island-for-macbook/DerivedData/Task70Direct/ModuleCache.noindex -Xfrontend -serialize-debugging-options -suppress-warnings -swift-version 6 -I /Users/ataozeren/Documents/GitHub/dynamic-island-for-macbook/DerivedData/Task70Direct/Build/Products/Direct -Isystem /Applications/Xcode.app/Contents/Developer/Platforms/MacOSX.platform/Developer/usr/lib -F /Users/ataozeren/Documents/GitHub/dynamic-island-for-macbook/DerivedData/Task70Direct/Build/Products/Direct/PackageFrameworks -F /Users/ataozeren/Documents/GitHub/dynamic-island-for-macbook/DerivedData/Task70Direct/Build/Products/Direct -F /Applications/Xcode.app/Contents/Developer/Platforms/MacOSX.platform/Developer/Library/Frameworks -emit-localized-strings -emit-localized-strings-path /Users/ataozeren/Documents/GitHub/dynamic-island-for-macbook/DerivedData/Task70Direct/Build/Intermediates.noindex/NotchFlow.build/Direct/NotchFlowUI.build/Objects-normal/arm64 -c -num-threads 10 -Xcc -ivfsstatcache -Xcc /Users/ataozeren/Documents/GitHub/dynamic-island-for-macbook/DerivedData/Task70Direct/SDKStatCaches.noindex/macosx26.5-25F70-e082c4a02f00227109f4ed75e425c832.sdkstatcache -output-file-map /Users/ataozeren/Documents/GitHub/dynamic-island-for-macbook/DerivedData/Task70Direct/Build/Intermediates.noindex/NotchFlow.build/Direct/NotchFlowUI.build/Objects-normal/arm64/NotchFlowUI-OutputFileMap.json -use-frontend-parseable-output -save-temps -no-color-diagnostics -explicit-module-build -module-cache-path /Users/ataozeren/Documents/GitHub/dynamic-island-for-macbook/DerivedData/Task70Direct/Build/Intermediates.noindex/SwiftExplicitPrecompiledModules -clang-scanner-module-cache-path /Users/ataozeren/Documents/GitHub/dynamic-island-for-macbook/DerivedData/Task70Direct/ModuleCache.noindex -sdk-module-cache-path /Users/ataozeren/Documents/GitHub/dynamic-island-for-macbook/DerivedData/Task70Direct/ModuleCache.noindex -serialize-diagnostics -emit-dependencies -emit-module -emit-module-path /Users/ataozeren/Documents/GitHub/dynamic-island-for-macbook/DerivedData/Task70Direct/Build/Intermediates.noindex/NotchFlow.build/Direct/NotchFlowUI.build/Objects-normal/arm64/NotchFlowUI.swiftmodule -validate-clang-modules-once -clang-build-session-file /Users/ataozeren/Documents/GitHub/dynamic-island-for-macbook/DerivedData/Task70Direct/ModuleCache.noindex/Session.modulevalidation -package-name dynamic_island_for_macbook -Xcc -I/Users/ataozeren/Documents/GitHub/dynamic-island-for-macbook/DerivedData/Task70Direct/Build/Intermediates.noindex/NotchFlow.build/Direct/NotchFlowUI.build/swift-overrides.hmap -emit-const-values -Xfrontend -const-gather-protocols-file -Xfrontend /Users/ataozeren/Documents/GitHub/dynamic-island-for-macbook/DerivedData/Task70Direct/Build/Intermediates.noindex/NotchFlow.build/Direct/NotchFlowUI.build/Objects-normal/arm64/NotchFlowUI_const_extract_protocols.json -Xcc -I/Users/ataozeren/Documents/GitHub/dynamic-island-for-macbook/DerivedData/Task70Direct/Build/Products/Direct/include -Xcc -I/Users/ataozeren/Documents/GitHub/dynamic-island-for-macbook/DerivedData/Task70Direct/Build/Intermediates.noindex/NotchFlow.build/Direct/NotchFlowUI.build/DerivedSources-normal/arm64 -Xcc -I/Users/ataozeren/Documents/GitHub/dynamic-island-for-macbook/DerivedData/Task70Direct/Build/Intermediates.noindex/NotchFlow.build/Direct/NotchFlowUI.build/DerivedSources/arm64 -Xcc -I/Users/ataozeren/Documents/GitHub/dynamic-island-for-macbook/DerivedData/Task70Direct/Build/Intermediates.noindex/NotchFlow.build/Direct/NotchFlowUI.build/DerivedSources -Xcc -DSWIFT_PACKAGE -emit-objc-header -emit-objc-header-path /Users/ataozeren/Documents/GitHub/dynamic-island-for-macbook/DerivedData/Task70Direct/Build/Intermediates.noindex/NotchFlow.build/Direct/NotchFlowUI.build/Objects-normal/arm64/NotchFlowUI-Swift.h -working-directory /Users/ataozeren/Documents/GitHub/dynamic-island-for-macbook/NotchFlow.xcodeproj -no-emit-module-separately-wmo

SwiftMergeGeneratedHeaders /Users/ataozeren/Documents/GitHub/dynamic-island-for-macbook/DerivedData/Task70Direct/Build/Intermediates.noindex/GeneratedModuleMaps/NotchFlowUI-Swift.h /Users/ataozeren/Documents/GitHub/dynamic-island-for-macbook/DerivedData/Task70Direct/Build/Intermediates.noindex/NotchFlow.build/Direct/NotchFlowUI.build/Objects-normal/arm64/NotchFlowUI-Swift.h /Users/ataozeren/Documents/GitHub/dynamic-island-for-macbook/DerivedData/Task70Direct/Build/Intermediates.noindex/NotchFlow.build/Direct/NotchFlowUI.build/Objects-normal/x86_64/NotchFlowUI-Swift.h (in target 'NotchFlowUI' from project 'NotchFlow' at path '/Users/ataozeren/Documents/GitHub/dynamic-island-for-macbook/Package.swift')
    cd /Users/ataozeren/Documents/GitHub/dynamic-island-for-macbook
    builtin-swiftHeaderTool -arch arm64 /Users/ataozeren/Documents/GitHub/dynamic-island-for-macbook/DerivedData/Task70Direct/Build/Intermediates.noindex/NotchFlow.build/Direct/NotchFlowUI.build/Objects-normal/arm64/NotchFlowUI-Swift.h -arch x86_64 /Users/ataozeren/Documents/GitHub/dynamic-island-for-macbook/DerivedData/Task70Direct/Build/Intermediates.noindex/NotchFlow.build/Direct/NotchFlowUI.build/Objects-normal/x86_64/NotchFlowUI-Swift.h -o /Users/ataozeren/Documents/GitHub/dynamic-island-for-macbook/DerivedData/Task70Direct/Build/Intermediates.noindex/GeneratedModuleMaps/NotchFlowUI-Swift.h

Copy /Users/ataozeren/Documents/GitHub/dynamic-island-for-macbook/DerivedData/Task70Direct/Build/Products/Direct/NotchFlowUI.swiftmodule/arm64-apple-macos.abi.json /Users/ataozeren/Documents/GitHub/dynamic-island-for-macbook/DerivedData/Task70Direct/Build/Intermediates.noindex/NotchFlow.build/Direct/NotchFlowUI.build/Objects-normal/arm64/NotchFlowUI.abi.json (in target 'NotchFlowUI' from project 'NotchFlow' at path '/Users/ataozeren/Documents/GitHub/dynamic-island-for-macbook/Package.swift')
    cd /Users/ataozeren/Documents/GitHub/dynamic-island-for-macbook
    builtin-copy -exclude .DS_Store -exclude CVS -exclude .svn -exclude .git -exclude .hg -strip-unsigned-binaries -strip-deterministic -strip-tool /Applications/Xcode.app/Contents/Developer/Toolchains/XcodeDefault.xctoolchain/usr/bin/strip -resolve-src-symlinks -rename /Users/ataozeren/Documents/GitHub/dynamic-island-for-macbook/DerivedData/Task70Direct/Build/Intermediates.noindex/NotchFlow.build/Direct/NotchFlowUI.build/Objects-normal/arm64/NotchFlowUI.abi.json /Users/ataozeren/Documents/GitHub/dynamic-island-for-macbook/DerivedData/Task70Direct/Build/Products/Direct/NotchFlowUI.swiftmodule/arm64-apple-macos.abi.json

Copy /Users/ataozeren/Documents/GitHub/dynamic-island-for-macbook/DerivedData/Task70Direct/Build/Products/Direct/NotchFlowUI.swiftmodule/arm64-apple-macos.swiftdoc /Users/ataozeren/Documents/GitHub/dynamic-island-for-macbook/DerivedData/Task70Direct/Build/Intermediates.noindex/NotchFlow.build/Direct/NotchFlowUI.build/Objects-normal/arm64/NotchFlowUI.swiftdoc (in target 'NotchFlowUI' from project 'NotchFlow' at path '/Users/ataozeren/Documents/GitHub/dynamic-island-for-macbook/Package.swift')
    cd /Users/ataozeren/Documents/GitHub/dynamic-island-for-macbook
    builtin-copy -exclude .DS_Store -exclude CVS -exclude .svn -exclude .git -exclude .hg -strip-unsigned-binaries -strip-deterministic -strip-tool /Applications/Xcode.app/Contents/Developer/Toolchains/XcodeDefault.xctoolchain/usr/bin/strip -resolve-src-symlinks -rename /Users/ataozeren/Documents/GitHub/dynamic-island-for-macbook/DerivedData/Task70Direct/Build/Intermediates.noindex/NotchFlow.build/Direct/NotchFlowUI.build/Objects-normal/arm64/NotchFlowUI.swiftdoc /Users/ataozeren/Documents/GitHub/dynamic-island-for-macbook/DerivedData/Task70Direct/Build/Products/Direct/NotchFlowUI.swiftmodule/arm64-apple-macos.swiftdoc

Copy /Users/ataozeren/Documents/GitHub/dynamic-island-for-macbook/DerivedData/Task70Direct/Build/Products/Direct/NotchFlowUI.swiftmodule/arm64-apple-macos.swiftmodule /Users/ataozeren/Documents/GitHub/dynamic-island-for-macbook/DerivedData/Task70Direct/Build/Intermediates.noindex/NotchFlow.build/Direct/NotchFlowUI.build/Objects-normal/arm64/NotchFlowUI.swiftmodule (in target 'NotchFlowUI' from project 'NotchFlow' at path '/Users/ataozeren/Documents/GitHub/dynamic-island-for-macbook/Package.swift')
    cd /Users/ataozeren/Documents/GitHub/dynamic-island-for-macbook
    builtin-copy -exclude .DS_Store -exclude CVS -exclude .svn -exclude .git -exclude .hg -strip-unsigned-binaries -strip-deterministic -strip-tool /Applications/Xcode.app/Contents/Developer/Toolchains/XcodeDefault.xctoolchain/usr/bin/strip -resolve-src-symlinks -rename /Users/ataozeren/Documents/GitHub/dynamic-island-for-macbook/DerivedData/Task70Direct/Build/Intermediates.noindex/NotchFlow.build/Direct/NotchFlowUI.build/Objects-normal/arm64/NotchFlowUI.swiftmodule /Users/ataozeren/Documents/GitHub/dynamic-island-for-macbook/DerivedData/Task70Direct/Build/Products/Direct/NotchFlowUI.swiftmodule/arm64-apple-macos.swiftmodule

Copy /Users/ataozeren/Documents/GitHub/dynamic-island-for-macbook/DerivedData/Task70Direct/Build/Products/Direct/NotchFlowUI.swiftmodule/Project/arm64-apple-macos.swiftsourceinfo /Users/ataozeren/Documents/GitHub/dynamic-island-for-macbook/DerivedData/Task70Direct/Build/Intermediates.noindex/NotchFlow.build/Direct/NotchFlowUI.build/Objects-normal/arm64/NotchFlowUI.swiftsourceinfo (in target 'NotchFlowUI' from project 'NotchFlow' at path '/Users/ataozeren/Documents/GitHub/dynamic-island-for-macbook/Package.swift')
    cd /Users/ataozeren/Documents/GitHub/dynamic-island-for-macbook
    builtin-copy -exclude .DS_Store -exclude CVS -exclude .svn -exclude .git -exclude .hg -strip-unsigned-binaries -strip-deterministic -strip-tool /Applications/Xcode.app/Contents/Developer/Toolchains/XcodeDefault.xctoolchain/usr/bin/strip -resolve-src-symlinks -rename /Users/ataozeren/Documents/GitHub/dynamic-island-for-macbook/DerivedData/Task70Direct/Build/Intermediates.noindex/NotchFlow.build/Direct/NotchFlowUI.build/Objects-normal/arm64/NotchFlowUI.swiftsourceinfo /Users/ataozeren/Documents/GitHub/dynamic-island-for-macbook/DerivedData/Task70Direct/Build/Products/Direct/NotchFlowUI.swiftmodule/Project/arm64-apple-macos.swiftsourceinfo

Ld /Users/ataozeren/Documents/GitHub/dynamic-island-for-macbook/DerivedData/Task70Direct/Build/Intermediates.noindex/NotchFlow.build/Direct/NotchFlowUI.build/Objects-normal/arm64/Binary/NotchFlowUI.o normal arm64 (in target 'NotchFlowUI' from project 'NotchFlow' at path '/Users/ataozeren/Documents/GitHub/dynamic-island-for-macbook/Package.swift')
    cd /Users/ataozeren/Documents/GitHub/dynamic-island-for-macbook
    /Applications/Xcode.app/Contents/Developer/Toolchains/XcodeDefault.xctoolchain/usr/bin/clang -Xlinker -reproducible -target arm64-apple-macos14.0 -r -isysroot /Applications/Xcode.app/Contents/Developer/Platforms/MacOSX.platform/Developer/SDKs/MacOSX26.5.sdk -Os -w -F/Users/ataozeren/Documents/GitHub/dynamic-island-for-macbook/DerivedData/Task70Direct/Build/Intermediates.noindex/EagerLinkingTBDs/Direct -F/Users/ataozeren/Documents/GitHub/dynamic-island-for-macbook/DerivedData/Task70Direct/Build/Products/Direct/PackageFrameworks -F/Users/ataozeren/Documents/GitHub/dynamic-island-for-macbook/DerivedData/Task70Direct/Build/Products/Direct -iframework /Applications/Xcode.app/Contents/Developer/Platforms/MacOSX.platform/Developer/Library/Frameworks -filelist /Users/ataozeren/Documents/GitHub/dynamic-island-for-macbook/DerivedData/Task70Direct/Build/Intermediates.noindex/NotchFlow.build/Direct/NotchFlowUI.build/Objects-normal/arm64/NotchFlowUI.LinkFileList -nostdlib -Xlinker -object_path_lto -Xlinker /Users/ataozeren/Documents/GitHub/dynamic-island-for-macbook/DerivedData/Task70Direct/Build/Intermediates.noindex/NotchFlow.build/Direct/NotchFlowUI.build/Objects-normal/arm64/NotchFlowUI_lto.o -Xlinker -dependency_info -Xlinker /Users/ataozeren/Documents/GitHub/dynamic-island-for-macbook/DerivedData/Task70Direct/Build/Intermediates.noindex/NotchFlow.build/Direct/NotchFlowUI.build/Objects-normal/arm64/NotchFlowUI_dependency_info.dat -fobjc-link-runtime -L/Applications/Xcode.app/Contents/Developer/Toolchains/XcodeDefault.xctoolchain/usr/lib/swift/macosx -L/usr/lib/swift -Xlinker -add_ast_path -Xlinker /Users/ataozeren/Documents/GitHub/dynamic-island-for-macbook/DerivedData/Task70Direct/Build/Intermediates.noindex/NotchFlow.build/Direct/NotchFlowUI.build/Objects-normal/arm64/NotchFlowUI.swiftmodule @/Users/ataozeren/Documents/GitHub/dynamic-island-for-macbook/DerivedData/Task70Direct/Build/Intermediates.noindex/NotchFlow.build/Direct/NotchFlowUI.build/Objects-normal/arm64/NotchFlowUI-linker-args.resp -o /Users/ataozeren/Documents/GitHub/dynamic-island-for-macbook/DerivedData/Task70Direct/Build/Intermediates.noindex/NotchFlow.build/Direct/NotchFlowUI.build/Objects-normal/arm64/Binary/NotchFlowUI.o

Ld /Users/ataozeren/Documents/GitHub/dynamic-island-for-macbook/DerivedData/Task70Direct/Build/Intermediates.noindex/NotchFlow.build/Direct/NotchFlowUI.build/Objects-normal/x86_64/Binary/NotchFlowUI.o normal x86_64 (in target 'NotchFlowUI' from project 'NotchFlow' at path '/Users/ataozeren/Documents/GitHub/dynamic-island-for-macbook/Package.swift')
    cd /Users/ataozeren/Documents/GitHub/dynamic-island-for-macbook
    /Applications/Xcode.app/Contents/Developer/Toolchains/XcodeDefault.xctoolchain/usr/bin/clang -Xlinker -reproducible -target x86_64-apple-macos14.0 -r -isysroot /Applications/Xcode.app/Contents/Developer/Platforms/MacOSX.platform/Developer/SDKs/MacOSX26.5.sdk -Os -w -F/Users/ataozeren/Documents/GitHub/dynamic-island-for-macbook/DerivedData/Task70Direct/Build/Intermediates.noindex/EagerLinkingTBDs/Direct -F/Users/ataozeren/Documents/GitHub/dynamic-island-for-macbook/DerivedData/Task70Direct/Build/Products/Direct/PackageFrameworks -F/Users/ataozeren/Documents/GitHub/dynamic-island-for-macbook/DerivedData/Task70Direct/Build/Products/Direct -iframework /Applications/Xcode.app/Contents/Developer/Platforms/MacOSX.platform/Developer/Library/Frameworks -filelist /Users/ataozeren/Documents/GitHub/dynamic-island-for-macbook/DerivedData/Task70Direct/Build/Intermediates.noindex/NotchFlow.build/Direct/NotchFlowUI.build/Objects-normal/x86_64/NotchFlowUI.LinkFileList -nostdlib -Xlinker -object_path_lto -Xlinker /Users/ataozeren/Documents/GitHub/dynamic-island-for-macbook/DerivedData/Task70Direct/Build/Intermediates.noindex/NotchFlow.build/Direct/NotchFlowUI.build/Objects-normal/x86_64/NotchFlowUI_lto.o -Xlinker -dependency_info -Xlinker /Users/ataozeren/Documents/GitHub/dynamic-island-for-macbook/DerivedData/Task70Direct/Build/Intermediates.noindex/NotchFlow.build/Direct/NotchFlowUI.build/Objects-normal/x86_64/NotchFlowUI_dependency_info.dat -fobjc-link-runtime -L/Applications/Xcode.app/Contents/Developer/Toolchains/XcodeDefault.xctoolchain/usr/lib/swift/macosx -L/usr/lib/swift -Xlinker -add_ast_path -Xlinker /Users/ataozeren/Documents/GitHub/dynamic-island-for-macbook/DerivedData/Task70Direct/Build/Intermediates.noindex/NotchFlow.build/Direct/NotchFlowUI.build/Objects-normal/x86_64/NotchFlowUI.swiftmodule @/Users/ataozeren/Documents/GitHub/dynamic-island-for-macbook/DerivedData/Task70Direct/Build/Intermediates.noindex/NotchFlow.build/Direct/NotchFlowUI.build/Objects-normal/x86_64/NotchFlowUI-linker-args.resp -o /Users/ataozeren/Documents/GitHub/dynamic-island-for-macbook/DerivedData/Task70Direct/Build/Intermediates.noindex/NotchFlow.build/Direct/NotchFlowUI.build/Objects-normal/x86_64/Binary/NotchFlowUI.o

CreateUniversalBinary /Users/ataozeren/Documents/GitHub/dynamic-island-for-macbook/DerivedData/Task70Direct/Build/Products/Direct/NotchFlowUI.o normal arm64\ x86_64 (in target 'NotchFlowUI' from project 'NotchFlow' at path '/Users/ataozeren/Documents/GitHub/dynamic-island-for-macbook/Package.swift')
    cd /Users/ataozeren/Documents/GitHub/dynamic-island-for-macbook
    /Applications/Xcode.app/Contents/Developer/Toolchains/XcodeDefault.xctoolchain/usr/bin/lipo -create /Users/ataozeren/Documents/GitHub/dynamic-island-for-macbook/DerivedData/Task70Direct/Build/Intermediates.noindex/NotchFlow.build/Direct/NotchFlowUI.build/Objects-normal/arm64/Binary/NotchFlowUI.o /Users/ataozeren/Documents/GitHub/dynamic-island-for-macbook/DerivedData/Task70Direct/Build/Intermediates.noindex/NotchFlow.build/Direct/NotchFlowUI.build/Objects-normal/x86_64/Binary/NotchFlowUI.o -output /Users/ataozeren/Documents/GitHub/dynamic-island-for-macbook/DerivedData/Task70Direct/Build/Products/Direct/NotchFlowUI.o

ExtractAppIntentsMetadata (in target 'NotchFlowUI' from project 'NotchFlow' at path '/Users/ataozeren/Documents/GitHub/dynamic-island-for-macbook/Package.swift')
    cd /Users/ataozeren/Documents/GitHub/dynamic-island-for-macbook
    /Applications/Xcode.app/Contents/Developer/Toolchains/XcodeDefault.xctoolchain/usr/bin/appintentsmetadataprocessor --toolchain-dir /Applications/Xcode.app/Contents/Developer/Toolchains/XcodeDefault.xctoolchain --module-name NotchFlowUI --sdk-root /Applications/Xcode.app/Contents/Developer/Platforms/MacOSX.platform/Developer/SDKs/MacOSX26.5.sdk --xcode-version 17F113 --platform-family macOS --deployment-target 14.0 --bundle-identifier dynamic-island-for-macbook.NotchFlowUI --output /Users/ataozeren/Documents/GitHub/dynamic-island-for-macbook/DerivedData/Task70Direct/Build/Products/Direct/NotchFlowUI.appintents --target-triple arm64-apple-macos14.0 --target-triple x86_64-apple-macos14.0 --binary-file /Users/ataozeren/Documents/GitHub/dynamic-island-for-macbook/DerivedData/Task70Direct/Build/Products/Direct/NotchFlowUI.o --dependency-file /Users/ataozeren/Documents/GitHub/dynamic-island-for-macbook/DerivedData/Task70Direct/Build/Intermediates.noindex/NotchFlow.build/Direct/NotchFlowUI.build/Objects-normal/arm64/NotchFlowUI_dependency_info.dat --dependency-file /Users/ataozeren/Documents/GitHub/dynamic-island-for-macbook/DerivedData/Task70Direct/Build/Intermediates.noindex/NotchFlow.build/Direct/NotchFlowUI.build/Objects-normal/x86_64/NotchFlowUI_dependency_info.dat --stringsdata-file /Users/ataozeren/Documents/GitHub/dynamic-island-for-macbook/DerivedData/Task70Direct/Build/Intermediates.noindex/NotchFlow.build/Direct/NotchFlowUI.build/Objects-normal/arm64/ExtractedAppShortcutsMetadata.stringsdata --stringsdata-file /Users/ataozeren/Documents/GitHub/dynamic-island-for-macbook/DerivedData/Task70Direct/Build/Intermediates.noindex/NotchFlow.build/Direct/NotchFlowUI.build/Objects-normal/x86_64/ExtractedAppShortcutsMetadata.stringsdata --source-file-list /Users/ataozeren/Documents/GitHub/dynamic-island-for-macbook/DerivedData/Task70Direct/Build/Intermediates.noindex/NotchFlow.build/Direct/NotchFlowUI.build/Objects-normal/arm64/NotchFlowUI.SwiftFileList --source-file-list /Users/ataozeren/Documents/GitHub/dynamic-island-for-macbook/DerivedData/Task70Direct/Build/Intermediates.noindex/NotchFlow.build/Direct/NotchFlowUI.build/Objects-normal/x86_64/NotchFlowUI.SwiftFileList --metadata-file-list /Users/ataozeren/Documents/GitHub/dynamic-island-for-macbook/DerivedData/Task70Direct/Build/Intermediates.noindex/NotchFlow.build/Direct/NotchFlowUI.build/NotchFlowUI.DependencyMetadataFileList --static-metadata-file-list /Users/ataozeren/Documents/GitHub/dynamic-island-for-macbook/DerivedData/Task70Direct/Build/Intermediates.noindex/NotchFlow.build/Direct/NotchFlowUI.build/NotchFlowUI.DependencyStaticMetadataFileList --swift-const-vals-list /Users/ataozeren/Documents/GitHub/dynamic-island-for-macbook/DerivedData/Task70Direct/Build/Intermediates.noindex/NotchFlow.build/Direct/NotchFlowUI.build/Objects-normal/arm64/NotchFlowUI.SwiftConstValuesFileList --swift-const-vals-list /Users/ataozeren/Documents/GitHub/dynamic-island-for-macbook/DerivedData/Task70Direct/Build/Intermediates.noindex/NotchFlow.build/Direct/NotchFlowUI.build/Objects-normal/x86_64/NotchFlowUI.SwiftConstValuesFileList --force --compile-time-extraction --deployment-aware-processing --validate-assistant-intents --no-app-shortcuts-localization
2026-08-30 19:08:11.811 appintentsmetadataprocessor[27726:14553802] Starting appintentsmetadataprocessor export
2026-08-30 19:08:11.818 appintentsmetadataprocessor[27726:14553802] Extracted no relevant App Intents symbols, skipping writing output

RegisterExecutionPolicyException /Users/ataozeren/Documents/GitHub/dynamic-island-for-macbook/DerivedData/Task70Direct/Build/Products/Direct/NotchFlowUI.o (in target 'NotchFlowUI' from project 'NotchFlow' at path '/Users/ataozeren/Documents/GitHub/dynamic-island-for-macbook/Package.swift')
    cd /Users/ataozeren/Documents/GitHub/dynamic-island-for-macbook
    builtin-RegisterExecutionPolicyException /Users/ataozeren/Documents/GitHub/dynamic-island-for-macbook/DerivedData/Task70Direct/Build/Products/Direct/NotchFlowUI.o

SwiftDriverJobDiscovery normal x86_64 Compiling AgentDetector.swift, AppleScriptMusicProvider.swift, ChargingProvider.swift, ClaudeCodeHookInstaller.swift, CodexHookInstaller.swift, LoopbackHTTPListener.swift, LoopbackHTTPRequest.swift, MusicAutomationAuthority.swift, MusicProvider.swift, NotchFlowProviders.swift, OpenCodePluginInstaller.swift, ProviderComposition.swift, ProviderRegistration.swift, RecordingProvider.swift, RecordingSessionLatch.swift, ScriptingBridgeMusicPlayerClient.swift, SettingsStore.swift, SystemAudioRecordingObserver.swift, SystemMouseLocationObserver.swift, SystemNowPlayingBridge.swift, SystemPowerSourceObserver.swift, SystemScreenChangeObserver.swift, SystemScreenRecordingObserver.swift, TOMLSyntaxScanner.swift, TimerProvider.swift (in target 'NotchFlowProviders' from project 'NotchFlow' at path '/Users/ataozeren/Documents/GitHub/dynamic-island-for-macbook/Package.swift')

SwiftDriver\ Compilation\ Requirements NotchFlowProviders normal x86_64 com.apple.xcode.tools.swift.compiler (in target 'NotchFlowProviders' from project 'NotchFlow' at path '/Users/ataozeren/Documents/GitHub/dynamic-island-for-macbook/Package.swift')
    cd /Users/ataozeren/Documents/GitHub/dynamic-island-for-macbook/NotchFlow.xcodeproj
    builtin-Swift-Compilation-Requirements -- /Applications/Xcode.app/Contents/Developer/Toolchains/XcodeDefault.xctoolchain/usr/bin/swiftc -module-name NotchFlowProviders -O -whole-module-optimization @/Users/ataozeren/Documents/GitHub/dynamic-island-for-macbook/DerivedData/Task70Direct/Build/Intermediates.noindex/NotchFlow.build/Direct/NotchFlowProviders.build/Objects-normal/x86_64/NotchFlowProviders.SwiftFileList -DSWIFT_PACKAGE -DSWIFT_MODULE_RESOURCE_BUNDLE_UNAVAILABLE -DXcode -enable-upcoming-feature StrictConcurrency -plugin-path /Applications/Xcode.app/Contents/Developer/Toolchains/XcodeDefault.xctoolchain/usr/lib/swift/host/plugins/testing -enable-experimental-feature DebugDescriptionMacro -sdk /Applications/Xcode.app/Contents/Developer/Platforms/MacOSX.platform/Developer/SDKs/MacOSX26.5.sdk -target x86_64-apple-macos14.0 -g -module-cache-path /Users/ataozeren/Documents/GitHub/dynamic-island-for-macbook/DerivedData/Task70Direct/ModuleCache.noindex -Xfrontend -serialize-debugging-options -suppress-warnings -swift-version 6 -I /Users/ataozeren/Documents/GitHub/dynamic-island-for-macbook/DerivedData/Task70Direct/Build/Products/Direct -Isystem /Applications/Xcode.app/Contents/Developer/Platforms/MacOSX.platform/Developer/usr/lib -F /Users/ataozeren/Documents/GitHub/dynamic-island-for-macbook/DerivedData/Task70Direct/Build/Products/Direct/PackageFrameworks -F /Users/ataozeren/Documents/GitHub/dynamic-island-for-macbook/DerivedData/Task70Direct/Build/Products/Direct -F /Applications/Xcode.app/Contents/Developer/Platforms/MacOSX.platform/Developer/Library/Frameworks -emit-localized-strings -emit-localized-strings-path /Users/ataozeren/Documents/GitHub/dynamic-island-for-macbook/DerivedData/Task70Direct/Build/Intermediates.noindex/NotchFlow.build/Direct/NotchFlowProviders.build/Objects-normal/x86_64 -c -num-threads 10 -Xcc -ivfsstatcache -Xcc /Users/ataozeren/Documents/GitHub/dynamic-island-for-macbook/DerivedData/Task70Direct/SDKStatCaches.noindex/macosx26.5-25F70-e082c4a02f00227109f4ed75e425c832.sdkstatcache -output-file-map /Users/ataozeren/Documents/GitHub/dynamic-island-for-macbook/DerivedData/Task70Direct/Build/Intermediates.noindex/NotchFlow.build/Direct/NotchFlowProviders.build/Objects-normal/x86_64/NotchFlowProviders-OutputFileMap.json -use-frontend-parseable-output -save-temps -no-color-diagnostics -explicit-module-build -module-cache-path /Users/ataozeren/Documents/GitHub/dynamic-island-for-macbook/DerivedData/Task70Direct/Build/Intermediates.noindex/SwiftExplicitPrecompiledModules -clang-scanner-module-cache-path /Users/ataozeren/Documents/GitHub/dynamic-island-for-macbook/DerivedData/Task70Direct/ModuleCache.noindex -sdk-module-cache-path /Users/ataozeren/Documents/GitHub/dynamic-island-for-macbook/DerivedData/Task70Direct/ModuleCache.noindex -serialize-diagnostics -emit-dependencies -emit-module -emit-module-path /Users/ataozeren/Documents/GitHub/dynamic-island-for-macbook/DerivedData/Task70Direct/Build/Intermediates.noindex/NotchFlow.build/Direct/NotchFlowProviders.build/Objects-normal/x86_64/NotchFlowProviders.swiftmodule -validate-clang-modules-once -clang-build-session-file /Users/ataozeren/Documents/GitHub/dynamic-island-for-macbook/DerivedData/Task70Direct/ModuleCache.noindex/Session.modulevalidation -package-name dynamic_island_for_macbook -Xcc -I/Users/ataozeren/Documents/GitHub/dynamic-island-for-macbook/DerivedData/Task70Direct/Build/Intermediates.noindex/NotchFlow.build/Direct/NotchFlowProviders.build/swift-overrides.hmap -emit-const-values -Xfrontend -const-gather-protocols-file -Xfrontend /Users/ataozeren/Documents/GitHub/dynamic-island-for-macbook/DerivedData/Task70Direct/Build/Intermediates.noindex/NotchFlow.build/Direct/NotchFlowProviders.build/Objects-normal/x86_64/NotchFlowProviders_const_extract_protocols.json -Xcc -I/Users/ataozeren/Documents/GitHub/dynamic-island-for-macbook/DerivedData/Task70Direct/Build/Products/Direct/include -Xcc -I/Users/ataozeren/Documents/GitHub/dynamic-island-for-macbook/DerivedData/Task70Direct/Build/Intermediates.noindex/NotchFlow.build/Direct/NotchFlowProviders.build/DerivedSources-normal/x86_64 -Xcc -I/Users/ataozeren/Documents/GitHub/dynamic-island-for-macbook/DerivedData/Task70Direct/Build/Intermediates.noindex/NotchFlow.build/Direct/NotchFlowProviders.build/DerivedSources/x86_64 -Xcc -I/Users/ataozeren/Documents/GitHub/dynamic-island-for-macbook/DerivedData/Task70Direct/Build/Intermediates.noindex/NotchFlow.build/Direct/NotchFlowProviders.build/DerivedSources -Xcc -DSWIFT_PACKAGE -emit-objc-header -emit-objc-header-path /Users/ataozeren/Documents/GitHub/dynamic-island-for-macbook/DerivedData/Task70Direct/Build/Intermediates.noindex/NotchFlow.build/Direct/NotchFlowProviders.build/Objects-normal/x86_64/NotchFlowProviders-Swift.h -working-directory /Users/ataozeren/Documents/GitHub/dynamic-island-for-macbook/NotchFlow.xcodeproj -no-emit-module-separately-wmo

Copy /Users/ataozeren/Documents/GitHub/dynamic-island-for-macbook/DerivedData/Task70Direct/Build/Products/Direct/NotchFlowProviders.swiftmodule/x86_64-apple-macos.swiftdoc /Users/ataozeren/Documents/GitHub/dynamic-island-for-macbook/DerivedData/Task70Direct/Build/Intermediates.noindex/NotchFlow.build/Direct/NotchFlowProviders.build/Objects-normal/x86_64/NotchFlowProviders.swiftdoc (in target 'NotchFlowProviders' from project 'NotchFlow' at path '/Users/ataozeren/Documents/GitHub/dynamic-island-for-macbook/Package.swift')
    cd /Users/ataozeren/Documents/GitHub/dynamic-island-for-macbook
    builtin-copy -exclude .DS_Store -exclude CVS -exclude .svn -exclude .git -exclude .hg -strip-unsigned-binaries -strip-deterministic -strip-tool /Applications/Xcode.app/Contents/Developer/Toolchains/XcodeDefault.xctoolchain/usr/bin/strip -resolve-src-symlinks -rename /Users/ataozeren/Documents/GitHub/dynamic-island-for-macbook/DerivedData/Task70Direct/Build/Intermediates.noindex/NotchFlow.build/Direct/NotchFlowProviders.build/Objects-normal/x86_64/NotchFlowProviders.swiftdoc /Users/ataozeren/Documents/GitHub/dynamic-island-for-macbook/DerivedData/Task70Direct/Build/Products/Direct/NotchFlowProviders.swiftmodule/x86_64-apple-macos.swiftdoc

Copy /Users/ataozeren/Documents/GitHub/dynamic-island-for-macbook/DerivedData/Task70Direct/Build/Products/Direct/NotchFlowProviders.swiftmodule/x86_64-apple-macos.swiftmodule /Users/ataozeren/Documents/GitHub/dynamic-island-for-macbook/DerivedData/Task70Direct/Build/Intermediates.noindex/NotchFlow.build/Direct/NotchFlowProviders.build/Objects-normal/x86_64/NotchFlowProviders.swiftmodule (in target 'NotchFlowProviders' from project 'NotchFlow' at path '/Users/ataozeren/Documents/GitHub/dynamic-island-for-macbook/Package.swift')
    cd /Users/ataozeren/Documents/GitHub/dynamic-island-for-macbook
    builtin-copy -exclude .DS_Store -exclude CVS -exclude .svn -exclude .git -exclude .hg -strip-unsigned-binaries -strip-deterministic -strip-tool /Applications/Xcode.app/Contents/Developer/Toolchains/XcodeDefault.xctoolchain/usr/bin/strip -resolve-src-symlinks -rename /Users/ataozeren/Documents/GitHub/dynamic-island-for-macbook/DerivedData/Task70Direct/Build/Intermediates.noindex/NotchFlow.build/Direct/NotchFlowProviders.build/Objects-normal/x86_64/NotchFlowProviders.swiftmodule /Users/ataozeren/Documents/GitHub/dynamic-island-for-macbook/DerivedData/Task70Direct/Build/Products/Direct/NotchFlowProviders.swiftmodule/x86_64-apple-macos.swiftmodule

Copy /Users/ataozeren/Documents/GitHub/dynamic-island-for-macbook/DerivedData/Task70Direct/Build/Products/Direct/NotchFlowProviders.swiftmodule/x86_64-apple-macos.abi.json /Users/ataozeren/Documents/GitHub/dynamic-island-for-macbook/DerivedData/Task70Direct/Build/Intermediates.noindex/NotchFlow.build/Direct/NotchFlowProviders.build/Objects-normal/x86_64/NotchFlowProviders.abi.json (in target 'NotchFlowProviders' from project 'NotchFlow' at path '/Users/ataozeren/Documents/GitHub/dynamic-island-for-macbook/Package.swift')
    cd /Users/ataozeren/Documents/GitHub/dynamic-island-for-macbook
    builtin-copy -exclude .DS_Store -exclude CVS -exclude .svn -exclude .git -exclude .hg -strip-unsigned-binaries -strip-deterministic -strip-tool /Applications/Xcode.app/Contents/Developer/Toolchains/XcodeDefault.xctoolchain/usr/bin/strip -resolve-src-symlinks -rename /Users/ataozeren/Documents/GitHub/dynamic-island-for-macbook/DerivedData/Task70Direct/Build/Intermediates.noindex/NotchFlow.build/Direct/NotchFlowProviders.build/Objects-normal/x86_64/NotchFlowProviders.abi.json /Users/ataozeren/Documents/GitHub/dynamic-island-for-macbook/DerivedData/Task70Direct/Build/Products/Direct/NotchFlowProviders.swiftmodule/x86_64-apple-macos.abi.json

Copy /Users/ataozeren/Documents/GitHub/dynamic-island-for-macbook/DerivedData/Task70Direct/Build/Products/Direct/NotchFlowProviders.swiftmodule/Project/x86_64-apple-macos.swiftsourceinfo /Users/ataozeren/Documents/GitHub/dynamic-island-for-macbook/DerivedData/Task70Direct/Build/Intermediates.noindex/NotchFlow.build/Direct/NotchFlowProviders.build/Objects-normal/x86_64/NotchFlowProviders.swiftsourceinfo (in target 'NotchFlowProviders' from project 'NotchFlow' at path '/Users/ataozeren/Documents/GitHub/dynamic-island-for-macbook/Package.swift')
    cd /Users/ataozeren/Documents/GitHub/dynamic-island-for-macbook
    builtin-copy -exclude .DS_Store -exclude CVS -exclude .svn -exclude .git -exclude .hg -strip-unsigned-binaries -strip-deterministic -strip-tool /Applications/Xcode.app/Contents/Developer/Toolchains/XcodeDefault.xctoolchain/usr/bin/strip -resolve-src-symlinks -rename /Users/ataozeren/Documents/GitHub/dynamic-island-for-macbook/DerivedData/Task70Direct/Build/Intermediates.noindex/NotchFlow.build/Direct/NotchFlowProviders.build/Objects-normal/x86_64/NotchFlowProviders.swiftsourceinfo /Users/ataozeren/Documents/GitHub/dynamic-island-for-macbook/DerivedData/Task70Direct/Build/Products/Direct/NotchFlowProviders.swiftmodule/Project/x86_64-apple-macos.swiftsourceinfo

SwiftDriverJobDiscovery normal arm64 Compiling AgentDetector.swift, AppleScriptMusicProvider.swift, ChargingProvider.swift, ClaudeCodeHookInstaller.swift, CodexHookInstaller.swift, LoopbackHTTPListener.swift, LoopbackHTTPRequest.swift, MusicAutomationAuthority.swift, MusicProvider.swift, NotchFlowProviders.swift, OpenCodePluginInstaller.swift, ProviderComposition.swift, ProviderRegistration.swift, RecordingProvider.swift, RecordingSessionLatch.swift, ScriptingBridgeMusicPlayerClient.swift, SettingsStore.swift, SystemAudioRecordingObserver.swift, SystemMouseLocationObserver.swift, SystemNowPlayingBridge.swift, SystemPowerSourceObserver.swift, SystemScreenChangeObserver.swift, SystemScreenRecordingObserver.swift, TOMLSyntaxScanner.swift, TimerProvider.swift (in target 'NotchFlowProviders' from project 'NotchFlow' at path '/Users/ataozeren/Documents/GitHub/dynamic-island-for-macbook/Package.swift')

SwiftDriver\ Compilation\ Requirements NotchFlowProviders normal arm64 com.apple.xcode.tools.swift.compiler (in target 'NotchFlowProviders' from project 'NotchFlow' at path '/Users/ataozeren/Documents/GitHub/dynamic-island-for-macbook/Package.swift')
    cd /Users/ataozeren/Documents/GitHub/dynamic-island-for-macbook/NotchFlow.xcodeproj
    builtin-Swift-Compilation-Requirements -- /Applications/Xcode.app/Contents/Developer/Toolchains/XcodeDefault.xctoolchain/usr/bin/swiftc -module-name NotchFlowProviders -O -whole-module-optimization @/Users/ataozeren/Documents/GitHub/dynamic-island-for-macbook/DerivedData/Task70Direct/Build/Intermediates.noindex/NotchFlow.build/Direct/NotchFlowProviders.build/Objects-normal/arm64/NotchFlowProviders.SwiftFileList -DSWIFT_PACKAGE -DSWIFT_MODULE_RESOURCE_BUNDLE_UNAVAILABLE -DXcode -enable-upcoming-feature StrictConcurrency -plugin-path /Applications/Xcode.app/Contents/Developer/Toolchains/XcodeDefault.xctoolchain/usr/lib/swift/host/plugins/testing -enable-experimental-feature DebugDescriptionMacro -sdk /Applications/Xcode.app/Contents/Developer/Platforms/MacOSX.platform/Developer/SDKs/MacOSX26.5.sdk -target arm64-apple-macos14.0 -g -module-cache-path /Users/ataozeren/Documents/GitHub/dynamic-island-for-macbook/DerivedData/Task70Direct/ModuleCache.noindex -Xfrontend -serialize-debugging-options -suppress-warnings -swift-version 6 -I /Users/ataozeren/Documents/GitHub/dynamic-island-for-macbook/DerivedData/Task70Direct/Build/Products/Direct -Isystem /Applications/Xcode.app/Contents/Developer/Platforms/MacOSX.platform/Developer/usr/lib -F /Users/ataozeren/Documents/GitHub/dynamic-island-for-macbook/DerivedData/Task70Direct/Build/Products/Direct/PackageFrameworks -F /Users/ataozeren/Documents/GitHub/dynamic-island-for-macbook/DerivedData/Task70Direct/Build/Products/Direct -F /Applications/Xcode.app/Contents/Developer/Platforms/MacOSX.platform/Developer/Library/Frameworks -emit-localized-strings -emit-localized-strings-path /Users/ataozeren/Documents/GitHub/dynamic-island-for-macbook/DerivedData/Task70Direct/Build/Intermediates.noindex/NotchFlow.build/Direct/NotchFlowProviders.build/Objects-normal/arm64 -c -num-threads 10 -Xcc -ivfsstatcache -Xcc /Users/ataozeren/Documents/GitHub/dynamic-island-for-macbook/DerivedData/Task70Direct/SDKStatCaches.noindex/macosx26.5-25F70-e082c4a02f00227109f4ed75e425c832.sdkstatcache -output-file-map /Users/ataozeren/Documents/GitHub/dynamic-island-for-macbook/DerivedData/Task70Direct/Build/Intermediates.noindex/NotchFlow.build/Direct/NotchFlowProviders.build/Objects-normal/arm64/NotchFlowProviders-OutputFileMap.json -use-frontend-parseable-output -save-temps -no-color-diagnostics -explicit-module-build -module-cache-path /Users/ataozeren/Documents/GitHub/dynamic-island-for-macbook/DerivedData/Task70Direct/Build/Intermediates.noindex/SwiftExplicitPrecompiledModules -clang-scanner-module-cache-path /Users/ataozeren/Documents/GitHub/dynamic-island-for-macbook/DerivedData/Task70Direct/ModuleCache.noindex -sdk-module-cache-path /Users/ataozeren/Documents/GitHub/dynamic-island-for-macbook/DerivedData/Task70Direct/ModuleCache.noindex -serialize-diagnostics -emit-dependencies -emit-module -emit-module-path /Users/ataozeren/Documents/GitHub/dynamic-island-for-macbook/DerivedData/Task70Direct/Build/Intermediates.noindex/NotchFlow.build/Direct/NotchFlowProviders.build/Objects-normal/arm64/NotchFlowProviders.swiftmodule -validate-clang-modules-once -clang-build-session-file /Users/ataozeren/Documents/GitHub/dynamic-island-for-macbook/DerivedData/Task70Direct/ModuleCache.noindex/Session.modulevalidation -package-name dynamic_island_for_macbook -Xcc -I/Users/ataozeren/Documents/GitHub/dynamic-island-for-macbook/DerivedData/Task70Direct/Build/Intermediates.noindex/NotchFlow.build/Direct/NotchFlowProviders.build/swift-overrides.hmap -emit-const-values -Xfrontend -const-gather-protocols-file -Xfrontend /Users/ataozeren/Documents/GitHub/dynamic-island-for-macbook/DerivedData/Task70Direct/Build/Intermediates.noindex/NotchFlow.build/Direct/NotchFlowProviders.build/Objects-normal/arm64/NotchFlowProviders_const_extract_protocols.json -Xcc -I/Users/ataozeren/Documents/GitHub/dynamic-island-for-macbook/DerivedData/Task70Direct/Build/Products/Direct/include -Xcc -I/Users/ataozeren/Documents/GitHub/dynamic-island-for-macbook/DerivedData/Task70Direct/Build/Intermediates.noindex/NotchFlow.build/Direct/NotchFlowProviders.build/DerivedSources-normal/arm64 -Xcc -I/Users/ataozeren/Documents/GitHub/dynamic-island-for-macbook/DerivedData/Task70Direct/Build/Intermediates.noindex/NotchFlow.build/Direct/NotchFlowProviders.build/DerivedSources/arm64 -Xcc -I/Users/ataozeren/Documents/GitHub/dynamic-island-for-macbook/DerivedData/Task70Direct/Build/Intermediates.noindex/NotchFlow.build/Direct/NotchFlowProviders.build/DerivedSources -Xcc -DSWIFT_PACKAGE -emit-objc-header -emit-objc-header-path /Users/ataozeren/Documents/GitHub/dynamic-island-for-macbook/DerivedData/Task70Direct/Build/Intermediates.noindex/NotchFlow.build/Direct/NotchFlowProviders.build/Objects-normal/arm64/NotchFlowProviders-Swift.h -working-directory /Users/ataozeren/Documents/GitHub/dynamic-island-for-macbook/NotchFlow.xcodeproj -no-emit-module-separately-wmo

SwiftMergeGeneratedHeaders /Users/ataozeren/Documents/GitHub/dynamic-island-for-macbook/DerivedData/Task70Direct/Build/Intermediates.noindex/GeneratedModuleMaps/NotchFlowProviders-Swift.h /Users/ataozeren/Documents/GitHub/dynamic-island-for-macbook/DerivedData/Task70Direct/Build/Intermediates.noindex/NotchFlow.build/Direct/NotchFlowProviders.build/Objects-normal/arm64/NotchFlowProviders-Swift.h /Users/ataozeren/Documents/GitHub/dynamic-island-for-macbook/DerivedData/Task70Direct/Build/Intermediates.noindex/NotchFlow.build/Direct/NotchFlowProviders.build/Objects-normal/x86_64/NotchFlowProviders-Swift.h (in target 'NotchFlowProviders' from project 'NotchFlow' at path '/Users/ataozeren/Documents/GitHub/dynamic-island-for-macbook/Package.swift')
    cd /Users/ataozeren/Documents/GitHub/dynamic-island-for-macbook
    builtin-swiftHeaderTool -arch arm64 /Users/ataozeren/Documents/GitHub/dynamic-island-for-macbook/DerivedData/Task70Direct/Build/Intermediates.noindex/NotchFlow.build/Direct/NotchFlowProviders.build/Objects-normal/arm64/NotchFlowProviders-Swift.h -arch x86_64 /Users/ataozeren/Documents/GitHub/dynamic-island-for-macbook/DerivedData/Task70Direct/Build/Intermediates.noindex/NotchFlow.build/Direct/NotchFlowProviders.build/Objects-normal/x86_64/NotchFlowProviders-Swift.h -o /Users/ataozeren/Documents/GitHub/dynamic-island-for-macbook/DerivedData/Task70Direct/Build/Intermediates.noindex/GeneratedModuleMaps/NotchFlowProviders-Swift.h

Copy /Users/ataozeren/Documents/GitHub/dynamic-island-for-macbook/DerivedData/Task70Direct/Build/Products/Direct/NotchFlowProviders.swiftmodule/arm64-apple-macos.swiftdoc /Users/ataozeren/Documents/GitHub/dynamic-island-for-macbook/DerivedData/Task70Direct/Build/Intermediates.noindex/NotchFlow.build/Direct/NotchFlowProviders.build/Objects-normal/arm64/NotchFlowProviders.swiftdoc (in target 'NotchFlowProviders' from project 'NotchFlow' at path '/Users/ataozeren/Documents/GitHub/dynamic-island-for-macbook/Package.swift')
    cd /Users/ataozeren/Documents/GitHub/dynamic-island-for-macbook
    builtin-copy -exclude .DS_Store -exclude CVS -exclude .svn -exclude .git -exclude .hg -strip-unsigned-binaries -strip-deterministic -strip-tool /Applications/Xcode.app/Contents/Developer/Toolchains/XcodeDefault.xctoolchain/usr/bin/strip -resolve-src-symlinks -rename /Users/ataozeren/Documents/GitHub/dynamic-island-for-macbook/DerivedData/Task70Direct/Build/Intermediates.noindex/NotchFlow.build/Direct/NotchFlowProviders.build/Objects-normal/arm64/NotchFlowProviders.swiftdoc /Users/ataozeren/Documents/GitHub/dynamic-island-for-macbook/DerivedData/Task70Direct/Build/Products/Direct/NotchFlowProviders.swiftmodule/arm64-apple-macos.swiftdoc

Copy /Users/ataozeren/Documents/GitHub/dynamic-island-for-macbook/DerivedData/Task70Direct/Build/Products/Direct/NotchFlowProviders.swiftmodule/arm64-apple-macos.swiftmodule /Users/ataozeren/Documents/GitHub/dynamic-island-for-macbook/DerivedData/Task70Direct/Build/Intermediates.noindex/NotchFlow.build/Direct/NotchFlowProviders.build/Objects-normal/arm64/NotchFlowProviders.swiftmodule (in target 'NotchFlowProviders' from project 'NotchFlow' at path '/Users/ataozeren/Documents/GitHub/dynamic-island-for-macbook/Package.swift')
    cd /Users/ataozeren/Documents/GitHub/dynamic-island-for-macbook
    builtin-copy -exclude .DS_Store -exclude CVS -exclude .svn -exclude .git -exclude .hg -strip-unsigned-binaries -strip-deterministic -strip-tool /Applications/Xcode.app/Contents/Developer/Toolchains/XcodeDefault.xctoolchain/usr/bin/strip -resolve-src-symlinks -rename /Users/ataozeren/Documents/GitHub/dynamic-island-for-macbook/DerivedData/Task70Direct/Build/Intermediates.noindex/NotchFlow.build/Direct/NotchFlowProviders.build/Objects-normal/arm64/NotchFlowProviders.swiftmodule /Users/ataozeren/Documents/GitHub/dynamic-island-for-macbook/DerivedData/Task70Direct/Build/Products/Direct/NotchFlowProviders.swiftmodule/arm64-apple-macos.swiftmodule

Copy /Users/ataozeren/Documents/GitHub/dynamic-island-for-macbook/DerivedData/Task70Direct/Build/Products/Direct/NotchFlowProviders.swiftmodule/arm64-apple-macos.abi.json /Users/ataozeren/Documents/GitHub/dynamic-island-for-macbook/DerivedData/Task70Direct/Build/Intermediates.noindex/NotchFlow.build/Direct/NotchFlowProviders.build/Objects-normal/arm64/NotchFlowProviders.abi.json (in target 'NotchFlowProviders' from project 'NotchFlow' at path '/Users/ataozeren/Documents/GitHub/dynamic-island-for-macbook/Package.swift')
    cd /Users/ataozeren/Documents/GitHub/dynamic-island-for-macbook
    builtin-copy -exclude .DS_Store -exclude CVS -exclude .svn -exclude .git -exclude .hg -strip-unsigned-binaries -strip-deterministic -strip-tool /Applications/Xcode.app/Contents/Developer/Toolchains/XcodeDefault.xctoolchain/usr/bin/strip -resolve-src-symlinks -rename /Users/ataozeren/Documents/GitHub/dynamic-island-for-macbook/DerivedData/Task70Direct/Build/Intermediates.noindex/NotchFlow.build/Direct/NotchFlowProviders.build/Objects-normal/arm64/NotchFlowProviders.abi.json /Users/ataozeren/Documents/GitHub/dynamic-island-for-macbook/DerivedData/Task70Direct/Build/Products/Direct/NotchFlowProviders.swiftmodule/arm64-apple-macos.abi.json

Copy /Users/ataozeren/Documents/GitHub/dynamic-island-for-macbook/DerivedData/Task70Direct/Build/Products/Direct/NotchFlowProviders.swiftmodule/Project/arm64-apple-macos.swiftsourceinfo /Users/ataozeren/Documents/GitHub/dynamic-island-for-macbook/DerivedData/Task70Direct/Build/Intermediates.noindex/NotchFlow.build/Direct/NotchFlowProviders.build/Objects-normal/arm64/NotchFlowProviders.swiftsourceinfo (in target 'NotchFlowProviders' from project 'NotchFlow' at path '/Users/ataozeren/Documents/GitHub/dynamic-island-for-macbook/Package.swift')
    cd /Users/ataozeren/Documents/GitHub/dynamic-island-for-macbook
    builtin-copy -exclude .DS_Store -exclude CVS -exclude .svn -exclude .git -exclude .hg -strip-unsigned-binaries -strip-deterministic -strip-tool /Applications/Xcode.app/Contents/Developer/Toolchains/XcodeDefault.xctoolchain/usr/bin/strip -resolve-src-symlinks -rename /Users/ataozeren/Documents/GitHub/dynamic-island-for-macbook/DerivedData/Task70Direct/Build/Intermediates.noindex/NotchFlow.build/Direct/NotchFlowProviders.build/Objects-normal/arm64/NotchFlowProviders.swiftsourceinfo /Users/ataozeren/Documents/GitHub/dynamic-island-for-macbook/DerivedData/Task70Direct/Build/Products/Direct/NotchFlowProviders.swiftmodule/Project/arm64-apple-macos.swiftsourceinfo

Ld /Users/ataozeren/Documents/GitHub/dynamic-island-for-macbook/DerivedData/Task70Direct/Build/Intermediates.noindex/NotchFlow.build/Direct/NotchFlowProviders.build/Objects-normal/arm64/Binary/NotchFlowProviders.o normal arm64 (in target 'NotchFlowProviders' from project 'NotchFlow' at path '/Users/ataozeren/Documents/GitHub/dynamic-island-for-macbook/Package.swift')
    cd /Users/ataozeren/Documents/GitHub/dynamic-island-for-macbook
    /Applications/Xcode.app/Contents/Developer/Toolchains/XcodeDefault.xctoolchain/usr/bin/clang -Xlinker -reproducible -target arm64-apple-macos14.0 -r -isysroot /Applications/Xcode.app/Contents/Developer/Platforms/MacOSX.platform/Developer/SDKs/MacOSX26.5.sdk -Os -w -F/Users/ataozeren/Documents/GitHub/dynamic-island-for-macbook/DerivedData/Task70Direct/Build/Intermediates.noindex/EagerLinkingTBDs/Direct -F/Users/ataozeren/Documents/GitHub/dynamic-island-for-macbook/DerivedData/Task70Direct/Build/Products/Direct/PackageFrameworks -F/Users/ataozeren/Documents/GitHub/dynamic-island-for-macbook/DerivedData/Task70Direct/Build/Products/Direct -iframework /Applications/Xcode.app/Contents/Developer/Platforms/MacOSX.platform/Developer/Library/Frameworks -filelist /Users/ataozeren/Documents/GitHub/dynamic-island-for-macbook/DerivedData/Task70Direct/Build/Intermediates.noindex/NotchFlow.build/Direct/NotchFlowProviders.build/Objects-normal/arm64/NotchFlowProviders.LinkFileList -nostdlib -Xlinker -object_path_lto -Xlinker /Users/ataozeren/Documents/GitHub/dynamic-island-for-macbook/DerivedData/Task70Direct/Build/Intermediates.noindex/NotchFlow.build/Direct/NotchFlowProviders.build/Objects-normal/arm64/NotchFlowProviders_lto.o -Xlinker -dependency_info -Xlinker /Users/ataozeren/Documents/GitHub/dynamic-island-for-macbook/DerivedData/Task70Direct/Build/Intermediates.noindex/NotchFlow.build/Direct/NotchFlowProviders.build/Objects-normal/arm64/NotchFlowProviders_dependency_info.dat -fobjc-link-runtime -L/Applications/Xcode.app/Contents/Developer/Toolchains/XcodeDefault.xctoolchain/usr/lib/swift/macosx -L/usr/lib/swift -Xlinker -add_ast_path -Xlinker /Users/ataozeren/Documents/GitHub/dynamic-island-for-macbook/DerivedData/Task70Direct/Build/Intermediates.noindex/NotchFlow.build/Direct/NotchFlowProviders.build/Objects-normal/arm64/NotchFlowProviders.swiftmodule @/Users/ataozeren/Documents/GitHub/dynamic-island-for-macbook/DerivedData/Task70Direct/Build/Intermediates.noindex/NotchFlow.build/Direct/NotchFlowProviders.build/Objects-normal/arm64/NotchFlowProviders-linker-args.resp -o /Users/ataozeren/Documents/GitHub/dynamic-island-for-macbook/DerivedData/Task70Direct/Build/Intermediates.noindex/NotchFlow.build/Direct/NotchFlowProviders.build/Objects-normal/arm64/Binary/NotchFlowProviders.o

Ld /Users/ataozeren/Documents/GitHub/dynamic-island-for-macbook/DerivedData/Task70Direct/Build/Intermediates.noindex/NotchFlow.build/Direct/NotchFlowProviders.build/Objects-normal/x86_64/Binary/NotchFlowProviders.o normal x86_64 (in target 'NotchFlowProviders' from project 'NotchFlow' at path '/Users/ataozeren/Documents/GitHub/dynamic-island-for-macbook/Package.swift')
    cd /Users/ataozeren/Documents/GitHub/dynamic-island-for-macbook
    /Applications/Xcode.app/Contents/Developer/Toolchains/XcodeDefault.xctoolchain/usr/bin/clang -Xlinker -reproducible -target x86_64-apple-macos14.0 -r -isysroot /Applications/Xcode.app/Contents/Developer/Platforms/MacOSX.platform/Developer/SDKs/MacOSX26.5.sdk -Os -w -F/Users/ataozeren/Documents/GitHub/dynamic-island-for-macbook/DerivedData/Task70Direct/Build/Intermediates.noindex/EagerLinkingTBDs/Direct -F/Users/ataozeren/Documents/GitHub/dynamic-island-for-macbook/DerivedData/Task70Direct/Build/Products/Direct/PackageFrameworks -F/Users/ataozeren/Documents/GitHub/dynamic-island-for-macbook/DerivedData/Task70Direct/Build/Products/Direct -iframework /Applications/Xcode.app/Contents/Developer/Platforms/MacOSX.platform/Developer/Library/Frameworks -filelist /Users/ataozeren/Documents/GitHub/dynamic-island-for-macbook/DerivedData/Task70Direct/Build/Intermediates.noindex/NotchFlow.build/Direct/NotchFlowProviders.build/Objects-normal/x86_64/NotchFlowProviders.LinkFileList -nostdlib -Xlinker -object_path_lto -Xlinker /Users/ataozeren/Documents/GitHub/dynamic-island-for-macbook/DerivedData/Task70Direct/Build/Intermediates.noindex/NotchFlow.build/Direct/NotchFlowProviders.build/Objects-normal/x86_64/NotchFlowProviders_lto.o -Xlinker -dependency_info -Xlinker /Users/ataozeren/Documents/GitHub/dynamic-island-for-macbook/DerivedData/Task70Direct/Build/Intermediates.noindex/NotchFlow.build/Direct/NotchFlowProviders.build/Objects-normal/x86_64/NotchFlowProviders_dependency_info.dat -fobjc-link-runtime -L/Applications/Xcode.app/Contents/Developer/Toolchains/XcodeDefault.xctoolchain/usr/lib/swift/macosx -L/usr/lib/swift -Xlinker -add_ast_path -Xlinker /Users/ataozeren/Documents/GitHub/dynamic-island-for-macbook/DerivedData/Task70Direct/Build/Intermediates.noindex/NotchFlow.build/Direct/NotchFlowProviders.build/Objects-normal/x86_64/NotchFlowProviders.swiftmodule @/Users/ataozeren/Documents/GitHub/dynamic-island-for-macbook/DerivedData/Task70Direct/Build/Intermediates.noindex/NotchFlow.build/Direct/NotchFlowProviders.build/Objects-normal/x86_64/NotchFlowProviders-linker-args.resp -o /Users/ataozeren/Documents/GitHub/dynamic-island-for-macbook/DerivedData/Task70Direct/Build/Intermediates.noindex/NotchFlow.build/Direct/NotchFlowProviders.build/Objects-normal/x86_64/Binary/NotchFlowProviders.o

MkDir /Users/ataozeren/Documents/GitHub/dynamic-island-for-macbook/DerivedData/Task70Direct/Build/Intermediates.noindex/NotchFlow.build/Direct/NotchFlow.build/assetcatalog_output/thinned (in target 'NotchFlow' from project 'NotchFlow' at path '/Users/ataozeren/Documents/GitHub/dynamic-island-for-macbook/NotchFlow.xcodeproj')
    cd /Users/ataozeren/Documents/GitHub/dynamic-island-for-macbook
    /bin/mkdir -p /Users/ataozeren/Documents/GitHub/dynamic-island-for-macbook/DerivedData/Task70Direct/Build/Intermediates.noindex/NotchFlow.build/Direct/NotchFlow.build/assetcatalog_output/thinned

MkDir /Users/ataozeren/Documents/GitHub/dynamic-island-for-macbook/DerivedData/Task70Direct/Build/Intermediates.noindex/NotchFlow.build/Direct/NotchFlow.build/assetcatalog_output/unthinned (in target 'NotchFlow' from project 'NotchFlow' at path '/Users/ataozeren/Documents/GitHub/dynamic-island-for-macbook/NotchFlow.xcodeproj')
    cd /Users/ataozeren/Documents/GitHub/dynamic-island-for-macbook
    /bin/mkdir -p /Users/ataozeren/Documents/GitHub/dynamic-island-for-macbook/DerivedData/Task70Direct/Build/Intermediates.noindex/NotchFlow.build/Direct/NotchFlow.build/assetcatalog_output/unthinned

GenerateAssetSymbols /Users/ataozeren/Documents/GitHub/dynamic-island-for-macbook/NotchFlow/Assets.xcassets (in target 'NotchFlow' from project 'NotchFlow' at path '/Users/ataozeren/Documents/GitHub/dynamic-island-for-macbook/NotchFlow.xcodeproj')
    cd /Users/ataozeren/Documents/GitHub/dynamic-island-for-macbook
    /Applications/Xcode.app/Contents/Developer/usr/bin/actool /Users/ataozeren/Documents/GitHub/dynamic-island-for-macbook/NotchFlow/Assets.xcassets --compile /Users/ataozeren/Documents/GitHub/dynamic-island-for-macbook/DerivedData/Task70Direct/Build/Products/Direct/NotchFlow.app/Contents/Resources --output-format human-readable-text --notices --warnings --export-dependency-info /Users/ataozeren/Documents/GitHub/dynamic-island-for-macbook/DerivedData/Task70Direct/Build/Intermediates.noindex/NotchFlow.build/Direct/NotchFlow.build/assetcatalog_dependencies --output-partial-info-plist /Users/ataozeren/Documents/GitHub/dynamic-island-for-macbook/DerivedData/Task70Direct/Build/Intermediates.noindex/NotchFlow.build/Direct/NotchFlow.build/assetcatalog_generated_info.plist --app-icon AppIcon --enable-on-demand-resources NO --development-region en --target-device mac --minimum-deployment-target 14.0 --platform macosx --bundle-identifier com.notchflow.NotchFlow --generate-swift-asset-symbols /Users/ataozeren/Documents/GitHub/dynamic-island-for-macbook/DerivedData/Task70Direct/Build/Intermediates.noindex/NotchFlow.build/Direct/NotchFlow.build/DerivedSources/GeneratedAssetSymbols.swift --generate-objc-asset-symbols /Users/ataozeren/Documents/GitHub/dynamic-island-for-macbook/DerivedData/Task70Direct/Build/Intermediates.noindex/NotchFlow.build/Direct/NotchFlow.build/DerivedSources/GeneratedAssetSymbols.h --generate-asset-symbol-index /Users/ataozeren/Documents/GitHub/dynamic-island-for-macbook/DerivedData/Task70Direct/Build/Intermediates.noindex/NotchFlow.build/Direct/NotchFlow.build/DerivedSources/GeneratedAssetSymbols-Index.plist
/* com.apple.actool.compilation-results */
/Users/ataozeren/Documents/GitHub/dynamic-island-for-macbook/DerivedData/Task70Direct/Build/Intermediates.noindex/NotchFlow.build/Direct/NotchFlow.build/DerivedSources/GeneratedAssetSymbols-Index.plist
/Users/ataozeren/Documents/GitHub/dynamic-island-for-macbook/DerivedData/Task70Direct/Build/Intermediates.noindex/NotchFlow.build/Direct/NotchFlow.build/DerivedSources/GeneratedAssetSymbols.h
/Users/ataozeren/Documents/GitHub/dynamic-island-for-macbook/DerivedData/Task70Direct/Build/Intermediates.noindex/NotchFlow.build/Direct/NotchFlow.build/DerivedSources/GeneratedAssetSymbols.swift


CompileAssetCatalogVariant thinned /Users/ataozeren/Documents/GitHub/dynamic-island-for-macbook/DerivedData/Task70Direct/Build/Products/Direct/NotchFlow.app/Contents/Resources /Users/ataozeren/Documents/GitHub/dynamic-island-for-macbook/NotchFlow/Assets.xcassets (in target 'NotchFlow' from project 'NotchFlow' at path '/Users/ataozeren/Documents/GitHub/dynamic-island-for-macbook/NotchFlow.xcodeproj')
    cd /Users/ataozeren/Documents/GitHub/dynamic-island-for-macbook
    /Applications/Xcode.app/Contents/Developer/usr/bin/actool /Users/ataozeren/Documents/GitHub/dynamic-island-for-macbook/NotchFlow/Assets.xcassets --compile /Users/ataozeren/Documents/GitHub/dynamic-island-for-macbook/DerivedData/Task70Direct/Build/Intermediates.noindex/NotchFlow.build/Direct/NotchFlow.build/assetcatalog_output/thinned --output-format human-readable-text --notices --warnings --export-dependency-info /Users/ataozeren/Documents/GitHub/dynamic-island-for-macbook/DerivedData/Task70Direct/Build/Intermediates.noindex/NotchFlow.build/Direct/NotchFlow.build/assetcatalog_dependencies_thinned --output-partial-info-plist /Users/ataozeren/Documents/GitHub/dynamic-island-for-macbook/DerivedData/Task70Direct/Build/Intermediates.noindex/NotchFlow.build/Direct/NotchFlow.build/assetcatalog_generated_info.plist_thinned --app-icon AppIcon --enable-on-demand-resources NO --development-region en --target-device mac --minimum-deployment-target 14.0 --platform macosx
/* com.apple.actool.compilation-results */
/Users/ataozeren/Documents/GitHub/dynamic-island-for-macbook/DerivedData/Task70Direct/Build/Intermediates.noindex/NotchFlow.build/Direct/NotchFlow.build/assetcatalog_generated_info.plist_thinned
/Users/ataozeren/Documents/GitHub/dynamic-island-for-macbook/DerivedData/Task70Direct/Build/Intermediates.noindex/NotchFlow.build/Direct/NotchFlow.build/assetcatalog_output/thinned/AppIcon.icns
/Users/ataozeren/Documents/GitHub/dynamic-island-for-macbook/DerivedData/Task70Direct/Build/Intermediates.noindex/NotchFlow.build/Direct/NotchFlow.build/assetcatalog_output/thinned/Assets.car


CreateUniversalBinary /Users/ataozeren/Documents/GitHub/dynamic-island-for-macbook/DerivedData/Task70Direct/Build/Products/Direct/NotchFlowProviders.o normal arm64\ x86_64 (in target 'NotchFlowProviders' from project 'NotchFlow' at path '/Users/ataozeren/Documents/GitHub/dynamic-island-for-macbook/Package.swift')
    cd /Users/ataozeren/Documents/GitHub/dynamic-island-for-macbook
    /Applications/Xcode.app/Contents/Developer/Toolchains/XcodeDefault.xctoolchain/usr/bin/lipo -create /Users/ataozeren/Documents/GitHub/dynamic-island-for-macbook/DerivedData/Task70Direct/Build/Intermediates.noindex/NotchFlow.build/Direct/NotchFlowProviders.build/Objects-normal/arm64/Binary/NotchFlowProviders.o /Users/ataozeren/Documents/GitHub/dynamic-island-for-macbook/DerivedData/Task70Direct/Build/Intermediates.noindex/NotchFlow.build/Direct/NotchFlowProviders.build/Objects-normal/x86_64/Binary/NotchFlowProviders.o -output /Users/ataozeren/Documents/GitHub/dynamic-island-for-macbook/DerivedData/Task70Direct/Build/Products/Direct/NotchFlowProviders.o

ExtractAppIntentsMetadata (in target 'NotchFlowProviders' from project 'NotchFlow' at path '/Users/ataozeren/Documents/GitHub/dynamic-island-for-macbook/Package.swift')
    cd /Users/ataozeren/Documents/GitHub/dynamic-island-for-macbook
    /Applications/Xcode.app/Contents/Developer/Toolchains/XcodeDefault.xctoolchain/usr/bin/appintentsmetadataprocessor --toolchain-dir /Applications/Xcode.app/Contents/Developer/Toolchains/XcodeDefault.xctoolchain --module-name NotchFlowProviders --sdk-root /Applications/Xcode.app/Contents/Developer/Platforms/MacOSX.platform/Developer/SDKs/MacOSX26.5.sdk --xcode-version 17F113 --platform-family macOS --deployment-target 14.0 --bundle-identifier dynamic-island-for-macbook.NotchFlowProviders --output /Users/ataozeren/Documents/GitHub/dynamic-island-for-macbook/DerivedData/Task70Direct/Build/Products/Direct/NotchFlowProviders.appintents --target-triple arm64-apple-macos14.0 --target-triple x86_64-apple-macos14.0 --binary-file /Users/ataozeren/Documents/GitHub/dynamic-island-for-macbook/DerivedData/Task70Direct/Build/Products/Direct/NotchFlowProviders.o --dependency-file /Users/ataozeren/Documents/GitHub/dynamic-island-for-macbook/DerivedData/Task70Direct/Build/Intermediates.noindex/NotchFlow.build/Direct/NotchFlowProviders.build/Objects-normal/arm64/NotchFlowProviders_dependency_info.dat --dependency-file /Users/ataozeren/Documents/GitHub/dynamic-island-for-macbook/DerivedData/Task70Direct/Build/Intermediates.noindex/NotchFlow.build/Direct/NotchFlowProviders.build/Objects-normal/x86_64/NotchFlowProviders_dependency_info.dat --stringsdata-file /Users/ataozeren/Documents/GitHub/dynamic-island-for-macbook/DerivedData/Task70Direct/Build/Intermediates.noindex/NotchFlow.build/Direct/NotchFlowProviders.build/Objects-normal/arm64/ExtractedAppShortcutsMetadata.stringsdata --stringsdata-file /Users/ataozeren/Documents/GitHub/dynamic-island-for-macbook/DerivedData/Task70Direct/Build/Intermediates.noindex/NotchFlow.build/Direct/NotchFlowProviders.build/Objects-normal/x86_64/ExtractedAppShortcutsMetadata.stringsdata --source-file-list /Users/ataozeren/Documents/GitHub/dynamic-island-for-macbook/DerivedData/Task70Direct/Build/Intermediates.noindex/NotchFlow.build/Direct/NotchFlowProviders.build/Objects-normal/arm64/NotchFlowProviders.SwiftFileList --source-file-list /Users/ataozeren/Documents/GitHub/dynamic-island-for-macbook/DerivedData/Task70Direct/Build/Intermediates.noindex/NotchFlow.build/Direct/NotchFlowProviders.build/Objects-normal/x86_64/NotchFlowProviders.SwiftFileList --metadata-file-list /Users/ataozeren/Documents/GitHub/dynamic-island-for-macbook/DerivedData/Task70Direct/Build/Intermediates.noindex/NotchFlow.build/Direct/NotchFlowProviders.build/NotchFlowProviders.DependencyMetadataFileList --static-metadata-file-list /Users/ataozeren/Documents/GitHub/dynamic-island-for-macbook/DerivedData/Task70Direct/Build/Intermediates.noindex/NotchFlow.build/Direct/NotchFlowProviders.build/NotchFlowProviders.DependencyStaticMetadataFileList --swift-const-vals-list /Users/ataozeren/Documents/GitHub/dynamic-island-for-macbook/DerivedData/Task70Direct/Build/Intermediates.noindex/NotchFlow.build/Direct/NotchFlowProviders.build/Objects-normal/arm64/NotchFlowProviders.SwiftConstValuesFileList --swift-const-vals-list /Users/ataozeren/Documents/GitHub/dynamic-island-for-macbook/DerivedData/Task70Direct/Build/Intermediates.noindex/NotchFlow.build/Direct/NotchFlowProviders.build/Objects-normal/x86_64/NotchFlowProviders.SwiftConstValuesFileList --force --compile-time-extraction --deployment-aware-processing --validate-assistant-intents --no-app-shortcuts-localization
2026-08-30 19:08:12.779 appintentsmetadataprocessor[27735:14553889] Starting appintentsmetadataprocessor export
2026-08-30 19:08:12.787 appintentsmetadataprocessor[27735:14553889] Extracted no relevant App Intents symbols, skipping writing output

SwiftDriver NotchFlow normal x86_64 com.apple.xcode.tools.swift.compiler (in target 'NotchFlow' from project 'NotchFlow' at path '/Users/ataozeren/Documents/GitHub/dynamic-island-for-macbook/NotchFlow.xcodeproj')
    cd /Users/ataozeren/Documents/GitHub/dynamic-island-for-macbook
    builtin-SwiftDriver -- /Applications/Xcode.app/Contents/Developer/Toolchains/XcodeDefault.xctoolchain/usr/bin/swiftc -module-name NotchFlow -O -whole-module-optimization @/Users/ataozeren/Documents/GitHub/dynamic-island-for-macbook/DerivedData/Task70Direct/Build/Intermediates.noindex/NotchFlow.build/Direct/NotchFlow.build/Objects-normal/x86_64/NotchFlow.SwiftFileList -DDIRECT_BUILD -enable-experimental-feature DebugDescriptionMacro -sdk /Applications/Xcode.app/Contents/Developer/Platforms/MacOSX.platform/Developer/SDKs/MacOSX26.5.sdk -target x86_64-apple-macos14.0 -g -module-cache-path /Users/ataozeren/Documents/GitHub/dynamic-island-for-macbook/DerivedData/Task70Direct/ModuleCache.noindex -Xfrontend -serialize-debugging-options -swift-version 6 -I /Users/ataozeren/Documents/GitHub/dynamic-island-for-macbook/DerivedData/Task70Direct/Build/Products/Direct -F /Users/ataozeren/Documents/GitHub/dynamic-island-for-macbook/DerivedData/Task70Direct/Build/Products/Direct/PackageFrameworks -F /Users/ataozeren/Documents/GitHub/dynamic-island-for-macbook/DerivedData/Task70Direct/Build/Products/Direct/PackageFrameworks -F /Users/ataozeren/Documents/GitHub/dynamic-island-for-macbook/DerivedData/Task70Direct/Build/Products/Direct/PackageFrameworks -F /Users/ataozeren/Documents/GitHub/dynamic-island-for-macbook/DerivedData/Task70Direct/Build/Products/Direct -emit-localized-strings -emit-localized-strings-path /Users/ataozeren/Documents/GitHub/dynamic-island-for-macbook/DerivedData/Task70Direct/Build/Intermediates.noindex/NotchFlow.build/Direct/NotchFlow.build/Objects-normal/x86_64 -c -num-threads 10 -Xcc -ivfsstatcache -Xcc /Users/ataozeren/Documents/GitHub/dynamic-island-for-macbook/DerivedData/Task70Direct/SDKStatCaches.noindex/macosx26.5-25F70-e082c4a02f00227109f4ed75e425c832.sdkstatcache -output-file-map /Users/ataozeren/Documents/GitHub/dynamic-island-for-macbook/DerivedData/Task70Direct/Build/Intermediates.noindex/NotchFlow.build/Direct/NotchFlow.build/Objects-normal/x86_64/NotchFlow-OutputFileMap.json -use-frontend-parseable-output -save-temps -no-color-diagnostics -explicit-module-build -module-cache-path /Users/ataozeren/Documents/GitHub/dynamic-island-for-macbook/DerivedData/Task70Direct/Build/Intermediates.noindex/SwiftExplicitPrecompiledModules -clang-scanner-module-cache-path /Users/ataozeren/Documents/GitHub/dynamic-island-for-macbook/DerivedData/Task70Direct/ModuleCache.noindex -sdk-module-cache-path /Users/ataozeren/Documents/GitHub/dynamic-island-for-macbook/DerivedData/Task70Direct/ModuleCache.noindex -serialize-diagnostics -emit-dependencies -emit-module -emit-module-path /Users/ataozeren/Documents/GitHub/dynamic-island-for-macbook/DerivedData/Task70Direct/Build/Intermediates.noindex/NotchFlow.build/Direct/NotchFlow.build/Objects-normal/x86_64/NotchFlow.swiftmodule -validate-clang-modules-once -clang-build-session-file /Users/ataozeren/Documents/GitHub/dynamic-island-for-macbook/DerivedData/Task70Direct/ModuleCache.noindex/Session.modulevalidation -Xcc -I/Users/ataozeren/Documents/GitHub/dynamic-island-for-macbook/DerivedData/Task70Direct/Build/Intermediates.noindex/NotchFlow.build/Direct/NotchFlow.build/swift-overrides.hmap -emit-const-values -Xfrontend -const-gather-protocols-file -Xfrontend /Users/ataozeren/Documents/GitHub/dynamic-island-for-macbook/DerivedData/Task70Direct/Build/Intermediates.noindex/NotchFlow.build/Direct/NotchFlow.build/Objects-normal/x86_64/NotchFlow_const_extract_protocols.json -Xcc -iquote -Xcc /Users/ataozeren/Documents/GitHub/dynamic-island-for-macbook/DerivedData/Task70Direct/Build/Intermediates.noindex/NotchFlow.build/Direct/NotchFlow.build/NotchFlow-generated-files.hmap -Xcc -I/Users/ataozeren/Documents/GitHub/dynamic-island-for-macbook/DerivedData/Task70Direct/Build/Intermediates.noindex/NotchFlow.build/Direct/NotchFlow.build/NotchFlow-own-target-headers.hmap -Xcc -I/Users/ataozeren/Documents/GitHub/dynamic-island-for-macbook/DerivedData/Task70Direct/Build/Intermediates.noindex/NotchFlow.build/Direct/NotchFlow.build/NotchFlow-all-non-framework-target-headers.hmap -Xcc -ivfsoverlay -Xcc /Users/ataozeren/Documents/GitHub/dynamic-island-for-macbook/DerivedData/Task70Direct/Build/Intermediates.noindex/NotchFlow.build/Direct/NotchFlow-8dfbf98c425527fa41fb40fbf77486ea-VFS/all-product-headers.yaml -Xcc -iquote -Xcc /Users/ataozeren/Documents/GitHub/dynamic-island-for-macbook/DerivedData/Task70Direct/Build/Intermediates.noindex/NotchFlow.build/Direct/NotchFlow.build/NotchFlow-project-headers.hmap -Xcc -I/Users/ataozeren/Documents/GitHub/dynamic-island-for-macbook/DerivedData/Task70Direct/Build/Products/Direct/include -Xcc -I/Users/ataozeren/Documents/GitHub/dynamic-island-for-macbook/DerivedData/Task70Direct/Build/Intermediates.noindex/NotchFlow.build/Direct/NotchFlow.build/DerivedSources-normal/x86_64 -Xcc -I/Users/ataozeren/Documents/GitHub/dynamic-island-for-macbook/DerivedData/Task70Direct/Build/Intermediates.noindex/NotchFlow.build/Direct/NotchFlow.build/DerivedSources/x86_64 -Xcc -I/Users/ataozeren/Documents/GitHub/dynamic-island-for-macbook/DerivedData/Task70Direct/Build/Intermediates.noindex/NotchFlow.build/Direct/NotchFlow.build/DerivedSources -emit-objc-header -emit-objc-header-path /Users/ataozeren/Documents/GitHub/dynamic-island-for-macbook/DerivedData/Task70Direct/Build/Intermediates.noindex/NotchFlow.build/Direct/NotchFlow.build/Objects-normal/x86_64/NotchFlow-Swift.h -working-directory /Users/ataozeren/Documents/GitHub/dynamic-island-for-macbook -no-emit-module-separately-wmo

SwiftDriver NotchFlow normal arm64 com.apple.xcode.tools.swift.compiler (in target 'NotchFlow' from project 'NotchFlow' at path '/Users/ataozeren/Documents/GitHub/dynamic-island-for-macbook/NotchFlow.xcodeproj')
    cd /Users/ataozeren/Documents/GitHub/dynamic-island-for-macbook
    builtin-SwiftDriver -- /Applications/Xcode.app/Contents/Developer/Toolchains/XcodeDefault.xctoolchain/usr/bin/swiftc -module-name NotchFlow -O -whole-module-optimization @/Users/ataozeren/Documents/GitHub/dynamic-island-for-macbook/DerivedData/Task70Direct/Build/Intermediates.noindex/NotchFlow.build/Direct/NotchFlow.build/Objects-normal/arm64/NotchFlow.SwiftFileList -DDIRECT_BUILD -enable-experimental-feature DebugDescriptionMacro -sdk /Applications/Xcode.app/Contents/Developer/Platforms/MacOSX.platform/Developer/SDKs/MacOSX26.5.sdk -target arm64-apple-macos14.0 -g -module-cache-path /Users/ataozeren/Documents/GitHub/dynamic-island-for-macbook/DerivedData/Task70Direct/ModuleCache.noindex -Xfrontend -serialize-debugging-options -swift-version 6 -I /Users/ataozeren/Documents/GitHub/dynamic-island-for-macbook/DerivedData/Task70Direct/Build/Products/Direct -F /Users/ataozeren/Documents/GitHub/dynamic-island-for-macbook/DerivedData/Task70Direct/Build/Products/Direct/PackageFrameworks -F /Users/ataozeren/Documents/GitHub/dynamic-island-for-macbook/DerivedData/Task70Direct/Build/Products/Direct/PackageFrameworks -F /Users/ataozeren/Documents/GitHub/dynamic-island-for-macbook/DerivedData/Task70Direct/Build/Products/Direct/PackageFrameworks -F /Users/ataozeren/Documents/GitHub/dynamic-island-for-macbook/DerivedData/Task70Direct/Build/Products/Direct -emit-localized-strings -emit-localized-strings-path /Users/ataozeren/Documents/GitHub/dynamic-island-for-macbook/DerivedData/Task70Direct/Build/Intermediates.noindex/NotchFlow.build/Direct/NotchFlow.build/Objects-normal/arm64 -c -num-threads 10 -Xcc -ivfsstatcache -Xcc /Users/ataozeren/Documents/GitHub/dynamic-island-for-macbook/DerivedData/Task70Direct/SDKStatCaches.noindex/macosx26.5-25F70-e082c4a02f00227109f4ed75e425c832.sdkstatcache -output-file-map /Users/ataozeren/Documents/GitHub/dynamic-island-for-macbook/DerivedData/Task70Direct/Build/Intermediates.noindex/NotchFlow.build/Direct/NotchFlow.build/Objects-normal/arm64/NotchFlow-OutputFileMap.json -use-frontend-parseable-output -save-temps -no-color-diagnostics -explicit-module-build -module-cache-path /Users/ataozeren/Documents/GitHub/dynamic-island-for-macbook/DerivedData/Task70Direct/Build/Intermediates.noindex/SwiftExplicitPrecompiledModules -clang-scanner-module-cache-path /Users/ataozeren/Documents/GitHub/dynamic-island-for-macbook/DerivedData/Task70Direct/ModuleCache.noindex -sdk-module-cache-path /Users/ataozeren/Documents/GitHub/dynamic-island-for-macbook/DerivedData/Task70Direct/ModuleCache.noindex -serialize-diagnostics -emit-dependencies -emit-module -emit-module-path /Users/ataozeren/Documents/GitHub/dynamic-island-for-macbook/DerivedData/Task70Direct/Build/Intermediates.noindex/NotchFlow.build/Direct/NotchFlow.build/Objects-normal/arm64/NotchFlow.swiftmodule -validate-clang-modules-once -clang-build-session-file /Users/ataozeren/Documents/GitHub/dynamic-island-for-macbook/DerivedData/Task70Direct/ModuleCache.noindex/Session.modulevalidation -Xcc -I/Users/ataozeren/Documents/GitHub/dynamic-island-for-macbook/DerivedData/Task70Direct/Build/Intermediates.noindex/NotchFlow.build/Direct/NotchFlow.build/swift-overrides.hmap -emit-const-values -Xfrontend -const-gather-protocols-file -Xfrontend /Users/ataozeren/Documents/GitHub/dynamic-island-for-macbook/DerivedData/Task70Direct/Build/Intermediates.noindex/NotchFlow.build/Direct/NotchFlow.build/Objects-normal/arm64/NotchFlow_const_extract_protocols.json -Xcc -iquote -Xcc /Users/ataozeren/Documents/GitHub/dynamic-island-for-macbook/DerivedData/Task70Direct/Build/Intermediates.noindex/NotchFlow.build/Direct/NotchFlow.build/NotchFlow-generated-files.hmap -Xcc -I/Users/ataozeren/Documents/GitHub/dynamic-island-for-macbook/DerivedData/Task70Direct/Build/Intermediates.noindex/NotchFlow.build/Direct/NotchFlow.build/NotchFlow-own-target-headers.hmap -Xcc -I/Users/ataozeren/Documents/GitHub/dynamic-island-for-macbook/DerivedData/Task70Direct/Build/Intermediates.noindex/NotchFlow.build/Direct/NotchFlow.build/NotchFlow-all-non-framework-target-headers.hmap -Xcc -ivfsoverlay -Xcc /Users/ataozeren/Documents/GitHub/dynamic-island-for-macbook/DerivedData/Task70Direct/Build/Intermediates.noindex/NotchFlow.build/Direct/NotchFlow-8dfbf98c425527fa41fb40fbf77486ea-VFS/all-product-headers.yaml -Xcc -iquote -Xcc /Users/ataozeren/Documents/GitHub/dynamic-island-for-macbook/DerivedData/Task70Direct/Build/Intermediates.noindex/NotchFlow.build/Direct/NotchFlow.build/NotchFlow-project-headers.hmap -Xcc -I/Users/ataozeren/Documents/GitHub/dynamic-island-for-macbook/DerivedData/Task70Direct/Build/Products/Direct/include -Xcc -I/Users/ataozeren/Documents/GitHub/dynamic-island-for-macbook/DerivedData/Task70Direct/Build/Intermediates.noindex/NotchFlow.build/Direct/NotchFlow.build/DerivedSources-normal/arm64 -Xcc -I/Users/ataozeren/Documents/GitHub/dynamic-island-for-macbook/DerivedData/Task70Direct/Build/Intermediates.noindex/NotchFlow.build/Direct/NotchFlow.build/DerivedSources/arm64 -Xcc -I/Users/ataozeren/Documents/GitHub/dynamic-island-for-macbook/DerivedData/Task70Direct/Build/Intermediates.noindex/NotchFlow.build/Direct/NotchFlow.build/DerivedSources -emit-objc-header -emit-objc-header-path /Users/ataozeren/Documents/GitHub/dynamic-island-for-macbook/DerivedData/Task70Direct/Build/Intermediates.noindex/NotchFlow.build/Direct/NotchFlow.build/Objects-normal/arm64/NotchFlow-Swift.h -working-directory /Users/ataozeren/Documents/GitHub/dynamic-island-for-macbook -no-emit-module-separately-wmo

RegisterExecutionPolicyException /Users/ataozeren/Documents/GitHub/dynamic-island-for-macbook/DerivedData/Task70Direct/Build/Products/Direct/NotchFlowProviders.o (in target 'NotchFlowProviders' from project 'NotchFlow' at path '/Users/ataozeren/Documents/GitHub/dynamic-island-for-macbook/Package.swift')
    cd /Users/ataozeren/Documents/GitHub/dynamic-island-for-macbook
    builtin-RegisterExecutionPolicyException /Users/ataozeren/Documents/GitHub/dynamic-island-for-macbook/DerivedData/Task70Direct/Build/Products/Direct/NotchFlowProviders.o

Copy /Users/ataozeren/Documents/GitHub/dynamic-island-for-macbook/DerivedData/Task70Direct/Build/Products/Direct/NotchFlow.app/Contents/Resources/NotchFlow_NotchFlowUI.bundle /Users/ataozeren/Documents/GitHub/dynamic-island-for-macbook/DerivedData/Task70Direct/Build/Products/Direct/NotchFlow_NotchFlowUI.bundle (in target 'NotchFlow' from project 'NotchFlow' at path '/Users/ataozeren/Documents/GitHub/dynamic-island-for-macbook/NotchFlow.xcodeproj')
    cd /Users/ataozeren/Documents/GitHub/dynamic-island-for-macbook
    builtin-copy -exclude .DS_Store -exclude CVS -exclude .svn -exclude .git -exclude .hg -resolve-src-symlinks /Users/ataozeren/Documents/GitHub/dynamic-island-for-macbook/DerivedData/Task70Direct/Build/Products/Direct/NotchFlow_NotchFlowUI.bundle /Users/ataozeren/Documents/GitHub/dynamic-island-for-macbook/DerivedData/Task70Direct/Build/Products/Direct/NotchFlow.app/Contents/Resources

Copy /Users/ataozeren/Documents/GitHub/dynamic-island-for-macbook/DerivedData/Task70Direct/Build/Products/Direct/NotchFlow.app/Contents/Resources/NotchFlow_NotchFlowCore.bundle /Users/ataozeren/Documents/GitHub/dynamic-island-for-macbook/DerivedData/Task70Direct/Build/Products/Direct/NotchFlow_NotchFlowCore.bundle (in target 'NotchFlow' from project 'NotchFlow' at path '/Users/ataozeren/Documents/GitHub/dynamic-island-for-macbook/NotchFlow.xcodeproj')
    cd /Users/ataozeren/Documents/GitHub/dynamic-island-for-macbook
    builtin-copy -exclude .DS_Store -exclude CVS -exclude .svn -exclude .git -exclude .hg -resolve-src-symlinks /Users/ataozeren/Documents/GitHub/dynamic-island-for-macbook/DerivedData/Task70Direct/Build/Products/Direct/NotchFlow_NotchFlowCore.bundle /Users/ataozeren/Documents/GitHub/dynamic-island-for-macbook/DerivedData/Task70Direct/Build/Products/Direct/NotchFlow.app/Contents/Resources

CompileXCStrings /Users/ataozeren/Documents/GitHub/dynamic-island-for-macbook/DerivedData/Task70Direct/Build/Intermediates.noindex/NotchFlow.build/Direct/NotchFlow.build/ /Users/ataozeren/Documents/GitHub/dynamic-island-for-macbook/NotchFlow/Localizable.xcstrings (in target 'NotchFlow' from project 'NotchFlow' at path '/Users/ataozeren/Documents/GitHub/dynamic-island-for-macbook/NotchFlow.xcodeproj')
    cd /Users/ataozeren/Documents/GitHub/dynamic-island-for-macbook
    /Applications/Xcode.app/Contents/Developer/usr/bin/xcstringstool compile --output-directory /Users/ataozeren/Documents/GitHub/dynamic-island-for-macbook/DerivedData/Task70Direct/Build/Intermediates.noindex/NotchFlow.build/Direct/NotchFlow.build /Users/ataozeren/Documents/GitHub/dynamic-island-for-macbook/NotchFlow/Localizable.xcstrings

CopyStringsFile /Users/ataozeren/Documents/GitHub/dynamic-island-for-macbook/DerivedData/Task70Direct/Build/Products/Direct/NotchFlow.app/Contents/Resources/en.lproj/Localizable.strings /Users/ataozeren/Documents/GitHub/dynamic-island-for-macbook/DerivedData/Task70Direct/Build/Intermediates.noindex/NotchFlow.build/Direct/NotchFlow.build/en.lproj/Localizable.strings (in target 'NotchFlow' from project 'NotchFlow' at path '/Users/ataozeren/Documents/GitHub/dynamic-island-for-macbook/NotchFlow.xcodeproj')
    cd /Users/ataozeren/Documents/GitHub/dynamic-island-for-macbook
    builtin-copyStrings --validate --outputencoding UTF-16 --outfilename Localizable.strings --outdir /Users/ataozeren/Documents/GitHub/dynamic-island-for-macbook/DerivedData/Task70Direct/Build/Products/Direct/NotchFlow.app/Contents/Resources/en.lproj -- /Users/ataozeren/Documents/GitHub/dynamic-island-for-macbook/DerivedData/Task70Direct/Build/Intermediates.noindex/NotchFlow.build/Direct/NotchFlow.build/en.lproj/Localizable.strings
/Users/ataozeren/Documents/GitHub/dynamic-island-for-macbook/DerivedData/Task70Direct/Build/Intermediates.noindex/NotchFlow.build/Direct/NotchFlow.build/en.lproj/Localizable.strings:1:1: note: detected encoding of input file as Unicode (UTF-8) (in target 'NotchFlow' from project 'NotchFlow' at path '/Users/ataozeren/Documents/GitHub/dynamic-island-for-macbook/NotchFlow.xcodeproj')

CopyStringsFile /Users/ataozeren/Documents/GitHub/dynamic-island-for-macbook/DerivedData/Task70Direct/Build/Products/Direct/NotchFlow.app/Contents/Resources/tr.lproj/Localizable.strings /Users/ataozeren/Documents/GitHub/dynamic-island-for-macbook/DerivedData/Task70Direct/Build/Intermediates.noindex/NotchFlow.build/Direct/NotchFlow.build/tr.lproj/Localizable.strings (in target 'NotchFlow' from project 'NotchFlow' at path '/Users/ataozeren/Documents/GitHub/dynamic-island-for-macbook/NotchFlow.xcodeproj')
    cd /Users/ataozeren/Documents/GitHub/dynamic-island-for-macbook
    builtin-copyStrings --validate --outputencoding UTF-16 --outfilename Localizable.strings --outdir /Users/ataozeren/Documents/GitHub/dynamic-island-for-macbook/DerivedData/Task70Direct/Build/Products/Direct/NotchFlow.app/Contents/Resources/tr.lproj -- /Users/ataozeren/Documents/GitHub/dynamic-island-for-macbook/DerivedData/Task70Direct/Build/Intermediates.noindex/NotchFlow.build/Direct/NotchFlow.build/tr.lproj/Localizable.strings
/Users/ataozeren/Documents/GitHub/dynamic-island-for-macbook/DerivedData/Task70Direct/Build/Intermediates.noindex/NotchFlow.build/Direct/NotchFlow.build/tr.lproj/Localizable.strings:1:1: note: detected encoding of input file as Unicode (UTF-8) (in target 'NotchFlow' from project 'NotchFlow' at path '/Users/ataozeren/Documents/GitHub/dynamic-island-for-macbook/NotchFlow.xcodeproj')

SwiftDriver\ Compilation NotchFlow normal x86_64 com.apple.xcode.tools.swift.compiler (in target 'NotchFlow' from project 'NotchFlow' at path '/Users/ataozeren/Documents/GitHub/dynamic-island-for-macbook/NotchFlow.xcodeproj')
    cd /Users/ataozeren/Documents/GitHub/dynamic-island-for-macbook
    builtin-Swift-Compilation -- /Applications/Xcode.app/Contents/Developer/Toolchains/XcodeDefault.xctoolchain/usr/bin/swiftc -module-name NotchFlow -O -whole-module-optimization @/Users/ataozeren/Documents/GitHub/dynamic-island-for-macbook/DerivedData/Task70Direct/Build/Intermediates.noindex/NotchFlow.build/Direct/NotchFlow.build/Objects-normal/x86_64/NotchFlow.SwiftFileList -DDIRECT_BUILD -enable-experimental-feature DebugDescriptionMacro -sdk /Applications/Xcode.app/Contents/Developer/Platforms/MacOSX.platform/Developer/SDKs/MacOSX26.5.sdk -target x86_64-apple-macos14.0 -g -module-cache-path /Users/ataozeren/Documents/GitHub/dynamic-island-for-macbook/DerivedData/Task70Direct/ModuleCache.noindex -Xfrontend -serialize-debugging-options -swift-version 6 -I /Users/ataozeren/Documents/GitHub/dynamic-island-for-macbook/DerivedData/Task70Direct/Build/Products/Direct -F /Users/ataozeren/Documents/GitHub/dynamic-island-for-macbook/DerivedData/Task70Direct/Build/Products/Direct/PackageFrameworks -F /Users/ataozeren/Documents/GitHub/dynamic-island-for-macbook/DerivedData/Task70Direct/Build/Products/Direct/PackageFrameworks -F /Users/ataozeren/Documents/GitHub/dynamic-island-for-macbook/DerivedData/Task70Direct/Build/Products/Direct/PackageFrameworks -F /Users/ataozeren/Documents/GitHub/dynamic-island-for-macbook/DerivedData/Task70Direct/Build/Products/Direct -emit-localized-strings -emit-localized-strings-path /Users/ataozeren/Documents/GitHub/dynamic-island-for-macbook/DerivedData/Task70Direct/Build/Intermediates.noindex/NotchFlow.build/Direct/NotchFlow.build/Objects-normal/x86_64 -c -num-threads 10 -Xcc -ivfsstatcache -Xcc /Users/ataozeren/Documents/GitHub/dynamic-island-for-macbook/DerivedData/Task70Direct/SDKStatCaches.noindex/macosx26.5-25F70-e082c4a02f00227109f4ed75e425c832.sdkstatcache -output-file-map /Users/ataozeren/Documents/GitHub/dynamic-island-for-macbook/DerivedData/Task70Direct/Build/Intermediates.noindex/NotchFlow.build/Direct/NotchFlow.build/Objects-normal/x86_64/NotchFlow-OutputFileMap.json -use-frontend-parseable-output -save-temps -no-color-diagnostics -explicit-module-build -module-cache-path /Users/ataozeren/Documents/GitHub/dynamic-island-for-macbook/DerivedData/Task70Direct/Build/Intermediates.noindex/SwiftExplicitPrecompiledModules -clang-scanner-module-cache-path /Users/ataozeren/Documents/GitHub/dynamic-island-for-macbook/DerivedData/Task70Direct/ModuleCache.noindex -sdk-module-cache-path /Users/ataozeren/Documents/GitHub/dynamic-island-for-macbook/DerivedData/Task70Direct/ModuleCache.noindex -serialize-diagnostics -emit-dependencies -emit-module -emit-module-path /Users/ataozeren/Documents/GitHub/dynamic-island-for-macbook/DerivedData/Task70Direct/Build/Intermediates.noindex/NotchFlow.build/Direct/NotchFlow.build/Objects-normal/x86_64/NotchFlow.swiftmodule -validate-clang-modules-once -clang-build-session-file /Users/ataozeren/Documents/GitHub/dynamic-island-for-macbook/DerivedData/Task70Direct/ModuleCache.noindex/Session.modulevalidation -Xcc -I/Users/ataozeren/Documents/GitHub/dynamic-island-for-macbook/DerivedData/Task70Direct/Build/Intermediates.noindex/NotchFlow.build/Direct/NotchFlow.build/swift-overrides.hmap -emit-const-values -Xfrontend -const-gather-protocols-file -Xfrontend /Users/ataozeren/Documents/GitHub/dynamic-island-for-macbook/DerivedData/Task70Direct/Build/Intermediates.noindex/NotchFlow.build/Direct/NotchFlow.build/Objects-normal/x86_64/NotchFlow_const_extract_protocols.json -Xcc -iquote -Xcc /Users/ataozeren/Documents/GitHub/dynamic-island-for-macbook/DerivedData/Task70Direct/Build/Intermediates.noindex/NotchFlow.build/Direct/NotchFlow.build/NotchFlow-generated-files.hmap -Xcc -I/Users/ataozeren/Documents/GitHub/dynamic-island-for-macbook/DerivedData/Task70Direct/Build/Intermediates.noindex/NotchFlow.build/Direct/NotchFlow.build/NotchFlow-own-target-headers.hmap -Xcc -I/Users/ataozeren/Documents/GitHub/dynamic-island-for-macbook/DerivedData/Task70Direct/Build/Intermediates.noindex/NotchFlow.build/Direct/NotchFlow.build/NotchFlow-all-non-framework-target-headers.hmap -Xcc -ivfsoverlay -Xcc /Users/ataozeren/Documents/GitHub/dynamic-island-for-macbook/DerivedData/Task70Direct/Build/Intermediates.noindex/NotchFlow.build/Direct/NotchFlow-8dfbf98c425527fa41fb40fbf77486ea-VFS/all-product-headers.yaml -Xcc -iquote -Xcc /Users/ataozeren/Documents/GitHub/dynamic-island-for-macbook/DerivedData/Task70Direct/Build/Intermediates.noindex/NotchFlow.build/Direct/NotchFlow.build/NotchFlow-project-headers.hmap -Xcc -I/Users/ataozeren/Documents/GitHub/dynamic-island-for-macbook/DerivedData/Task70Direct/Build/Products/Direct/include -Xcc -I/Users/ataozeren/Documents/GitHub/dynamic-island-for-macbook/DerivedData/Task70Direct/Build/Intermediates.noindex/NotchFlow.build/Direct/NotchFlow.build/DerivedSources-normal/x86_64 -Xcc -I/Users/ataozeren/Documents/GitHub/dynamic-island-for-macbook/DerivedData/Task70Direct/Build/Intermediates.noindex/NotchFlow.build/Direct/NotchFlow.build/DerivedSources/x86_64 -Xcc -I/Users/ataozeren/Documents/GitHub/dynamic-island-for-macbook/DerivedData/Task70Direct/Build/Intermediates.noindex/NotchFlow.build/Direct/NotchFlow.build/DerivedSources -emit-objc-header -emit-objc-header-path /Users/ataozeren/Documents/GitHub/dynamic-island-for-macbook/DerivedData/Task70Direct/Build/Intermediates.noindex/NotchFlow.build/Direct/NotchFlow.build/Objects-normal/x86_64/NotchFlow-Swift.h -working-directory /Users/ataozeren/Documents/GitHub/dynamic-island-for-macbook -no-emit-module-separately-wmo

SwiftExplicitDependencyGeneratePcm x86_64 /Users/ataozeren/Documents/GitHub/dynamic-island-for-macbook/DerivedData/Task70Direct/ModuleCache.noindex/ptrcheck-DGGK663RER8XFLLTM62WOC1IO.pcm

SwiftExplicitDependencyGeneratePcm x86_64 /Users/ataozeren/Documents/GitHub/dynamic-island-for-macbook/DerivedData/Task70Direct/ModuleCache.noindex/_AvailabilityInternal-5FNRF6QQXGOLC4HXH89431Z1Q.pcm

SwiftExplicitDependencyGeneratePcm x86_64 /Users/ataozeren/Documents/GitHub/dynamic-island-for-macbook/DerivedData/Task70Direct/ModuleCache.noindex/SwiftShims-8PIY71V97GQEZYRF3QNLEEZQ7.pcm

SwiftExplicitDependencyGeneratePcm x86_64 /Users/ataozeren/Documents/GitHub/dynamic-island-for-macbook/DerivedData/Task70Direct/ModuleCache.noindex/_SwiftConcurrencyShims-EWOAV0AV2FVGOE0J1R2S1DOHM.pcm

SwiftExplicitDependencyGeneratePcm x86_64 /Users/ataozeren/Documents/GitHub/dynamic-island-for-macbook/DerivedData/Task70Direct/ModuleCache.noindex/_Builtin_stdbool-38GLVNM5Q30T8K8VE9JRAJAAG.pcm

SwiftExplicitDependencyGeneratePcm x86_64 /Users/ataozeren/Documents/GitHub/dynamic-island-for-macbook/DerivedData/Task70Direct/ModuleCache.noindex/ptrauth-EMQBUOT8BQS8B933YWCKOBV9L.pcm

SwiftExplicitDependencyGeneratePcm x86_64 /Users/ataozeren/Documents/GitHub/dynamic-island-for-macbook/DerivedData/Task70Direct/ModuleCache.noindex/_Builtin_float-DLO4S54KWDGWC9HKQCPLQBN4X.pcm

SwiftExplicitDependencyGeneratePcm x86_64 /Users/ataozeren/Documents/GitHub/dynamic-island-for-macbook/DerivedData/Task70Direct/ModuleCache.noindex/DeveloperToolsSupport-E7DEIDY8XLAKIML8EO85NMJKU.pcm

SwiftExplicitDependencyGeneratePcm x86_64 /Users/ataozeren/Documents/GitHub/dynamic-island-for-macbook/DerivedData/Task70Direct/ModuleCache.noindex/_Builtin_stddef-4D9R7R18K8GSBLKKPSOU6NYP2.pcm

SwiftExplicitDependencyGeneratePcm x86_64 /Users/ataozeren/Documents/GitHub/dynamic-island-for-macbook/DerivedData/Task70Direct/ModuleCache.noindex/_Builtin_stdarg-48YF1U4WCYCN2NDMNKBGJ6G3I.pcm

SwiftExplicitDependencyGeneratePcm x86_64 /Users/ataozeren/Documents/GitHub/dynamic-island-for-macbook/DerivedData/Task70Direct/ModuleCache.noindex/_DarwinFoundation1-7WP1AYDPZMQFBE4VKWRSDKVHU.pcm

SwiftDriver\ Compilation NotchFlow normal arm64 com.apple.xcode.tools.swift.compiler (in target 'NotchFlow' from project 'NotchFlow' at path '/Users/ataozeren/Documents/GitHub/dynamic-island-for-macbook/NotchFlow.xcodeproj')
    cd /Users/ataozeren/Documents/GitHub/dynamic-island-for-macbook
    builtin-Swift-Compilation -- /Applications/Xcode.app/Contents/Developer/Toolchains/XcodeDefault.xctoolchain/usr/bin/swiftc -module-name NotchFlow -O -whole-module-optimization @/Users/ataozeren/Documents/GitHub/dynamic-island-for-macbook/DerivedData/Task70Direct/Build/Intermediates.noindex/NotchFlow.build/Direct/NotchFlow.build/Objects-normal/arm64/NotchFlow.SwiftFileList -DDIRECT_BUILD -enable-experimental-feature DebugDescriptionMacro -sdk /Applications/Xcode.app/Contents/Developer/Platforms/MacOSX.platform/Developer/SDKs/MacOSX26.5.sdk -target arm64-apple-macos14.0 -g -module-cache-path /Users/ataozeren/Documents/GitHub/dynamic-island-for-macbook/DerivedData/Task70Direct/ModuleCache.noindex -Xfrontend -serialize-debugging-options -swift-version 6 -I /Users/ataozeren/Documents/GitHub/dynamic-island-for-macbook/DerivedData/Task70Direct/Build/Products/Direct -F /Users/ataozeren/Documents/GitHub/dynamic-island-for-macbook/DerivedData/Task70Direct/Build/Products/Direct/PackageFrameworks -F /Users/ataozeren/Documents/GitHub/dynamic-island-for-macbook/DerivedData/Task70Direct/Build/Products/Direct/PackageFrameworks -F /Users/ataozeren/Documents/GitHub/dynamic-island-for-macbook/DerivedData/Task70Direct/Build/Products/Direct/PackageFrameworks -F /Users/ataozeren/Documents/GitHub/dynamic-island-for-macbook/DerivedData/Task70Direct/Build/Products/Direct -emit-localized-strings -emit-localized-strings-path /Users/ataozeren/Documents/GitHub/dynamic-island-for-macbook/DerivedData/Task70Direct/Build/Intermediates.noindex/NotchFlow.build/Direct/NotchFlow.build/Objects-normal/arm64 -c -num-threads 10 -Xcc -ivfsstatcache -Xcc /Users/ataozeren/Documents/GitHub/dynamic-island-for-macbook/DerivedData/Task70Direct/SDKStatCaches.noindex/macosx26.5-25F70-e082c4a02f00227109f4ed75e425c832.sdkstatcache -output-file-map /Users/ataozeren/Documents/GitHub/dynamic-island-for-macbook/DerivedData/Task70Direct/Build/Intermediates.noindex/NotchFlow.build/Direct/NotchFlow.build/Objects-normal/arm64/NotchFlow-OutputFileMap.json -use-frontend-parseable-output -save-temps -no-color-diagnostics -explicit-module-build -module-cache-path /Users/ataozeren/Documents/GitHub/dynamic-island-for-macbook/DerivedData/Task70Direct/Build/Intermediates.noindex/SwiftExplicitPrecompiledModules -clang-scanner-module-cache-path /Users/ataozeren/Documents/GitHub/dynamic-island-for-macbook/DerivedData/Task70Direct/ModuleCache.noindex -sdk-module-cache-path /Users/ataozeren/Documents/GitHub/dynamic-island-for-macbook/DerivedData/Task70Direct/ModuleCache.noindex -serialize-diagnostics -emit-dependencies -emit-module -emit-module-path /Users/ataozeren/Documents/GitHub/dynamic-island-for-macbook/DerivedData/Task70Direct/Build/Intermediates.noindex/NotchFlow.build/Direct/NotchFlow.build/Objects-normal/arm64/NotchFlow.swiftmodule -validate-clang-modules-once -clang-build-session-file /Users/ataozeren/Documents/GitHub/dynamic-island-for-macbook/DerivedData/Task70Direct/ModuleCache.noindex/Session.modulevalidation -Xcc -I/Users/ataozeren/Documents/GitHub/dynamic-island-for-macbook/DerivedData/Task70Direct/Build/Intermediates.noindex/NotchFlow.build/Direct/NotchFlow.build/swift-overrides.hmap -emit-const-values -Xfrontend -const-gather-protocols-file -Xfrontend /Users/ataozeren/Documents/GitHub/dynamic-island-for-macbook/DerivedData/Task70Direct/Build/Intermediates.noindex/NotchFlow.build/Direct/NotchFlow.build/Objects-normal/arm64/NotchFlow_const_extract_protocols.json -Xcc -iquote -Xcc /Users/ataozeren/Documents/GitHub/dynamic-island-for-macbook/DerivedData/Task70Direct/Build/Intermediates.noindex/NotchFlow.build/Direct/NotchFlow.build/NotchFlow-generated-files.hmap -Xcc -I/Users/ataozeren/Documents/GitHub/dynamic-island-for-macbook/DerivedData/Task70Direct/Build/Intermediates.noindex/NotchFlow.build/Direct/NotchFlow.build/NotchFlow-own-target-headers.hmap -Xcc -I/Users/ataozeren/Documents/GitHub/dynamic-island-for-macbook/DerivedData/Task70Direct/Build/Intermediates.noindex/NotchFlow.build/Direct/NotchFlow.build/NotchFlow-all-non-framework-target-headers.hmap -Xcc -ivfsoverlay -Xcc /Users/ataozeren/Documents/GitHub/dynamic-island-for-macbook/DerivedData/Task70Direct/Build/Intermediates.noindex/NotchFlow.build/Direct/NotchFlow-8dfbf98c425527fa41fb40fbf77486ea-VFS/all-product-headers.yaml -Xcc -iquote -Xcc /Users/ataozeren/Documents/GitHub/dynamic-island-for-macbook/DerivedData/Task70Direct/Build/Intermediates.noindex/NotchFlow.build/Direct/NotchFlow.build/NotchFlow-project-headers.hmap -Xcc -I/Users/ataozeren/Documents/GitHub/dynamic-island-for-macbook/DerivedData/Task70Direct/Build/Products/Direct/include -Xcc -I/Users/ataozeren/Documents/GitHub/dynamic-island-for-macbook/DerivedData/Task70Direct/Build/Intermediates.noindex/NotchFlow.build/Direct/NotchFlow.build/DerivedSources-normal/arm64 -Xcc -I/Users/ataozeren/Documents/GitHub/dynamic-island-for-macbook/DerivedData/Task70Direct/Build/Intermediates.noindex/NotchFlow.build/Direct/NotchFlow.build/DerivedSources/arm64 -Xcc -I/Users/ataozeren/Documents/GitHub/dynamic-island-for-macbook/DerivedData/Task70Direct/Build/Intermediates.noindex/NotchFlow.build/Direct/NotchFlow.build/DerivedSources -emit-objc-header -emit-objc-header-path /Users/ataozeren/Documents/GitHub/dynamic-island-for-macbook/DerivedData/Task70Direct/Build/Intermediates.noindex/NotchFlow.build/Direct/NotchFlow.build/Objects-normal/arm64/NotchFlow-Swift.h -working-directory /Users/ataozeren/Documents/GitHub/dynamic-island-for-macbook -no-emit-module-separately-wmo

SwiftExplicitDependencyGeneratePcm arm64 /Users/ataozeren/Documents/GitHub/dynamic-island-for-macbook/DerivedData/Task70Direct/ModuleCache.noindex/_SwiftConcurrencyShims-E34GK6IFIO3RB0WCJKB2RO1XA.pcm

SwiftExplicitDependencyGeneratePcm arm64 /Users/ataozeren/Documents/GitHub/dynamic-island-for-macbook/DerivedData/Task70Direct/ModuleCache.noindex/_AvailabilityInternal-E74N6S8JJ0NW92RF4D53OEUZW.pcm

SwiftExplicitDependencyGeneratePcm arm64 /Users/ataozeren/Documents/GitHub/dynamic-island-for-macbook/DerivedData/Task70Direct/ModuleCache.noindex/_Builtin_stddef-A1FLNCVFVUUB3JMGC8BNZSPLE.pcm

SwiftExplicitDependencyGeneratePcm arm64 /Users/ataozeren/Documents/GitHub/dynamic-island-for-macbook/DerivedData/Task70Direct/ModuleCache.noindex/SwiftShims-AIX0I9MLFFSMXS3M32RT193PV.pcm

SwiftExplicitDependencyGeneratePcm arm64 /Users/ataozeren/Documents/GitHub/dynamic-island-for-macbook/DerivedData/Task70Direct/ModuleCache.noindex/_Builtin_float-18GV4MZY7LL94H3D2IIJ0IGZS.pcm

SwiftExplicitDependencyGeneratePcm arm64 /Users/ataozeren/Documents/GitHub/dynamic-island-for-macbook/DerivedData/Task70Direct/ModuleCache.noindex/_Builtin_stdbool-5KSWMONT07WWW01QWAFTA0A23.pcm

SwiftExplicitDependencyGeneratePcm arm64 /Users/ataozeren/Documents/GitHub/dynamic-island-for-macbook/DerivedData/Task70Direct/ModuleCache.noindex/_Builtin_stdarg-6LQCW3D9LOO5H40E3M8A59WGY.pcm

SwiftExplicitDependencyGeneratePcm arm64 /Users/ataozeren/Documents/GitHub/dynamic-island-for-macbook/DerivedData/Task70Direct/ModuleCache.noindex/DeveloperToolsSupport-BAIIQRTKDZAWJ9DDMMI1BSF1S.pcm

SwiftExplicitDependencyGeneratePcm arm64 /Users/ataozeren/Documents/GitHub/dynamic-island-for-macbook/DerivedData/Task70Direct/ModuleCache.noindex/ptrcheck-CPFO0UN9HUDUP4O3Q3A1S0ETY.pcm

SwiftExplicitDependencyGeneratePcm x86_64 /Users/ataozeren/Documents/GitHub/dynamic-island-for-macbook/DerivedData/Task70Direct/ModuleCache.noindex/_DarwinFoundation2-3023F5JAOJKFTZ47BG4TUP5MC.pcm

SwiftExplicitDependencyGeneratePcm arm64 /Users/ataozeren/Documents/GitHub/dynamic-island-for-macbook/DerivedData/Task70Direct/ModuleCache.noindex/ptrauth-3HLYMQ9I4YXXF9V7T01K82A8R.pcm

SwiftExplicitDependencyGeneratePcm x86_64 /Users/ataozeren/Documents/GitHub/dynamic-island-for-macbook/DerivedData/Task70Direct/ModuleCache.noindex/_Builtin_limits-7CS781YTG48YSEYGSSR88SJRC.pcm

SwiftExplicitDependencyGeneratePcm arm64 /Users/ataozeren/Documents/GitHub/dynamic-island-for-macbook/DerivedData/Task70Direct/ModuleCache.noindex/_DarwinFoundation1-6WZIR4AU338PT1AN061QEHBDX.pcm

SwiftExplicitDependencyGeneratePcm x86_64 /Users/ataozeren/Documents/GitHub/dynamic-island-for-macbook/DerivedData/Task70Direct/ModuleCache.noindex/_Builtin_stdint-4DJ2UEDQD0JZ6AJG4HFQCE8CY.pcm

SwiftExplicitDependencyGeneratePcm x86_64 /Users/ataozeren/Documents/GitHub/dynamic-island-for-macbook/DerivedData/Task70Direct/ModuleCache.noindex/_Builtin_tgmath-43DE1ZR31KF7JLBTDZL5G2228.pcm

SwiftExplicitDependencyGeneratePcm x86_64 /Users/ataozeren/Documents/GitHub/dynamic-island-for-macbook/DerivedData/Task70Direct/ModuleCache.noindex/sys_types-1KLNW2C2B3BT29EPL7NVBOSZ6.pcm

SwiftExplicitDependencyGeneratePcm arm64 /Users/ataozeren/Documents/GitHub/dynamic-island-for-macbook/DerivedData/Task70Direct/ModuleCache.noindex/_DarwinFoundation2-3YAW2943311FHY0N3VTWFA3GG.pcm

SwiftExplicitDependencyGeneratePcm arm64 /Users/ataozeren/Documents/GitHub/dynamic-island-for-macbook/DerivedData/Task70Direct/ModuleCache.noindex/_Builtin_limits-C21WOLVZLNUZAPXVEH0ESSSDC.pcm

SwiftExplicitDependencyGeneratePcm x86_64 /Users/ataozeren/Documents/GitHub/dynamic-island-for-macbook/DerivedData/Task70Direct/ModuleCache.noindex/_Builtin_stdatomic-14K9PSNLMLSP6TSVD7HL6Z1R9.pcm

SwiftExplicitDependencyGeneratePcm x86_64 /Users/ataozeren/Documents/GitHub/dynamic-island-for-macbook/DerivedData/Task70Direct/ModuleCache.noindex/OpenGL-D5WGZIVCH36521RBQAHJQV22Y.pcm

SwiftExplicitDependencyGeneratePcm x86_64 /Users/ataozeren/Documents/GitHub/dynamic-island-for-macbook/DerivedData/Task70Direct/ModuleCache.noindex/_DarwinFoundation3-5J6JEPW4ULLX9RF79EBWELXLP.pcm

SwiftExplicitDependencyGeneratePcm x86_64 /Users/ataozeren/Documents/GitHub/dynamic-island-for-macbook/DerivedData/Task70Direct/ModuleCache.noindex/libDER-1KLYEHA5LCNN5GWNTOOVCMN9.pcm

SwiftExplicitDependencyGeneratePcm arm64 /Users/ataozeren/Documents/GitHub/dynamic-island-for-macbook/DerivedData/Task70Direct/ModuleCache.noindex/_Builtin_tgmath-79HFGC29DOIFB9Z5Y688DT7O0.pcm

SwiftExplicitDependencyGeneratePcm arm64 /Users/ataozeren/Documents/GitHub/dynamic-island-for-macbook/DerivedData/Task70Direct/ModuleCache.noindex/_Builtin_stdint-9RDHYC29RBEVYDVPISEV8G7SL.pcm

SwiftExplicitDependencyGeneratePcm arm64 /Users/ataozeren/Documents/GitHub/dynamic-island-for-macbook/DerivedData/Task70Direct/ModuleCache.noindex/sys_types-DR56ZZ0CDXM82BGJDP8LRXF19.pcm

SwiftExplicitDependencyGeneratePcm x86_64 /Users/ataozeren/Documents/GitHub/dynamic-island-for-macbook/DerivedData/Task70Direct/ModuleCache.noindex/_Builtin_intrinsics-BBHCK7Z5PLZWNCNVNZN0FXR9X.pcm

SwiftExplicitDependencyGeneratePcm x86_64 /Users/ataozeren/Documents/GitHub/dynamic-island-for-macbook/DerivedData/Task70Direct/ModuleCache.noindex/_Builtin_inttypes-F44ZF1VOZ573EREYQ1HVH8XCP.pcm

SwiftExplicitDependencyGeneratePcm arm64 /Users/ataozeren/Documents/GitHub/dynamic-island-for-macbook/DerivedData/Task70Direct/ModuleCache.noindex/_Builtin_intrinsics-1J39YFO36008I4L4IQP81TWKX.pcm

SwiftExplicitDependencyGeneratePcm arm64 /Users/ataozeren/Documents/GitHub/dynamic-island-for-macbook/DerivedData/Task70Direct/ModuleCache.noindex/OpenGL-2PBH2TTT0D0DDM7C4MDA9HVH3.pcm

SwiftExplicitDependencyGeneratePcm arm64 /Users/ataozeren/Documents/GitHub/dynamic-island-for-macbook/DerivedData/Task70Direct/ModuleCache.noindex/_DarwinFoundation3-4WJNBWBSRT7IPPEMHLBSJ6L6D.pcm

SwiftExplicitDependencyGeneratePcm arm64 /Users/ataozeren/Documents/GitHub/dynamic-island-for-macbook/DerivedData/Task70Direct/ModuleCache.noindex/_Builtin_stdatomic-B5K0CT2MYMOJ68EOT9VD6HGG2.pcm

SwiftExplicitDependencyGeneratePcm arm64 /Users/ataozeren/Documents/GitHub/dynamic-island-for-macbook/DerivedData/Task70Direct/ModuleCache.noindex/libDER-66HDPKJIOC4ZK0UBUM8YFODIH.pcm

SwiftExplicitDependencyGeneratePcm x86_64 /Users/ataozeren/Documents/GitHub/dynamic-island-for-macbook/DerivedData/Task70Direct/ModuleCache.noindex/Darwin-5NGZJUC2RZVK358WRZ170OC4P.pcm

SwiftExplicitDependencyGeneratePcm arm64 /Users/ataozeren/Documents/GitHub/dynamic-island-for-macbook/DerivedData/Task70Direct/ModuleCache.noindex/_Builtin_inttypes-BX8GATVIAENO3CV65VE9GXVZ6.pcm

SwiftExplicitDependencyGeneratePcm arm64 /Users/ataozeren/Documents/GitHub/dynamic-island-for-macbook/DerivedData/Task70Direct/ModuleCache.noindex/Darwin-6V9R0HAT8T7075AYTZSX0F3L9.pcm

SwiftExplicitDependencyGeneratePcm arm64 /Users/ataozeren/Documents/GitHub/dynamic-island-for-macbook/DerivedData/Task70Direct/ModuleCache.noindex/simd-3F6UC4DCP8QLMDEHNUM6TGF35.pcm

SwiftExplicitDependencyGeneratePcm x86_64 /Users/ataozeren/Documents/GitHub/dynamic-island-for-macbook/DerivedData/Task70Direct/ModuleCache.noindex/simd-A7FN52VLWWRGPTZ480K1H550Z.pcm

SwiftExplicitDependencyGeneratePcm x86_64 /Users/ataozeren/Documents/GitHub/dynamic-island-for-macbook/DerivedData/Task70Direct/ModuleCache.noindex/libkern-8F2BE7OG7S0Z03N912XFAQZ23.pcm

SwiftExplicitDependencyGeneratePcm x86_64 /Users/ataozeren/Documents/GitHub/dynamic-island-for-macbook/DerivedData/Task70Direct/ModuleCache.noindex/launch-9U13CAX6MR2UYBWBK6D8356QC.pcm

SwiftExplicitDependencyGeneratePcm x86_64 /Users/ataozeren/Documents/GitHub/dynamic-island-for-macbook/DerivedData/Task70Direct/ModuleCache.noindex/MachO-9HJNS5N45TMWQCTS5EA4STJWE.pcm

SwiftExplicitDependencyGeneratePcm x86_64 /Users/ataozeren/Documents/GitHub/dynamic-island-for-macbook/DerivedData/Task70Direct/ModuleCache.noindex/CUPS-3826L5X9BRCAFSQGTKLGV965S.pcm

SwiftExplicitDependencyGeneratePcm x86_64 /Users/ataozeren/Documents/GitHub/dynamic-island-for-macbook/DerivedData/Task70Direct/ModuleCache.noindex/ObjectiveC-ABJG1UHQUH8ILPZAX1SALB4OF.pcm

SwiftExplicitDependencyGeneratePcm arm64 /Users/ataozeren/Documents/GitHub/dynamic-island-for-macbook/DerivedData/Task70Direct/ModuleCache.noindex/MachO-93S4LGMLINT0F4XOJS7Y8FSI.pcm

SwiftExplicitDependencyGeneratePcm arm64 /Users/ataozeren/Documents/GitHub/dynamic-island-for-macbook/DerivedData/Task70Direct/ModuleCache.noindex/CUPS-7CB47KG5EQP9CEJJ6HLN0B791.pcm

SwiftExplicitDependencyGeneratePcm arm64 /Users/ataozeren/Documents/GitHub/dynamic-island-for-macbook/DerivedData/Task70Direct/ModuleCache.noindex/libkern-BBMZQV70KYU5Z5C07W5OYN0S6.pcm

SwiftExplicitDependencyGeneratePcm arm64 /Users/ataozeren/Documents/GitHub/dynamic-island-for-macbook/DerivedData/Task70Direct/ModuleCache.noindex/launch-2OH71A6O0LQE67J1E717ZQT0N.pcm

SwiftExplicitDependencyGeneratePcm x86_64 /Users/ataozeren/Documents/GitHub/dynamic-island-for-macbook/DerivedData/Task70Direct/ModuleCache.noindex/os_object-CO00E9JH7K7E8FS197S8QPAPE.pcm

SwiftExplicitDependencyGeneratePcm arm64 /Users/ataozeren/Documents/GitHub/dynamic-island-for-macbook/DerivedData/Task70Direct/ModuleCache.noindex/ObjectiveC-6SPMYYI0AKJLQWFTZ2MP3MVP0.pcm

SwiftExplicitDependencyGeneratePcm x86_64 /Users/ataozeren/Documents/GitHub/dynamic-island-for-macbook/DerivedData/Task70Direct/ModuleCache.noindex/os_workgroup-4Y3CXSFJSA6XJU11WAE1WCKPS.pcm

SwiftExplicitDependencyGeneratePcm arm64 /Users/ataozeren/Documents/GitHub/dynamic-island-for-macbook/DerivedData/Task70Direct/ModuleCache.noindex/os_object-4H4CBUV9NWW6M5OW0UPB30EI8.pcm

SwiftExplicitDependencyGeneratePcm arm64 /Users/ataozeren/Documents/GitHub/dynamic-island-for-macbook/DerivedData/Task70Direct/ModuleCache.noindex/Spatial-CULLK36CPPVP2MKIUZVE13TGY.pcm

SwiftExplicitDependencyGeneratePcm x86_64 /Users/ataozeren/Documents/GitHub/dynamic-island-for-macbook/DerivedData/Task70Direct/ModuleCache.noindex/Dispatch-C28DH7E5JVQF5Q3L5CY0QANZ6.pcm

SwiftExplicitDependencyGeneratePcm arm64 /Users/ataozeren/Documents/GitHub/dynamic-island-for-macbook/DerivedData/Task70Direct/ModuleCache.noindex/os_workgroup-E2LNC57S7PI4CZRVEM0BO9YEH.pcm

SwiftExplicitDependencyGeneratePcm x86_64 /Users/ataozeren/Documents/GitHub/dynamic-island-for-macbook/DerivedData/Task70Direct/ModuleCache.noindex/Spatial-72R8YP89JU0QGC2P3JRFEWV0.pcm

SwiftExplicitDependencyGeneratePcm x86_64 /Users/ataozeren/Documents/GitHub/dynamic-island-for-macbook/DerivedData/Task70Direct/ModuleCache.noindex/CoreFoundation-DZJJ422RV9ISZNK0BJ8TGKTMO.pcm

SwiftExplicitDependencyGeneratePcm x86_64 /Users/ataozeren/Documents/GitHub/dynamic-island-for-macbook/DerivedData/Task70Direct/ModuleCache.noindex/XPC-ZBQUJY8COYX2PRREZ61S7MNR.pcm

SwiftExplicitDependencyGeneratePcm x86_64 /Users/ataozeren/Documents/GitHub/dynamic-island-for-macbook/DerivedData/Task70Direct/ModuleCache.noindex/dnssd-EM4RS0AV5IHUXLWWGF7FPTQYS.pcm

SwiftExplicitDependencyGeneratePcm arm64 /Users/ataozeren/Documents/GitHub/dynamic-island-for-macbook/DerivedData/Task70Direct/ModuleCache.noindex/Dispatch-244WLRO3949E8GAKD5ENI85K.pcm

SwiftExplicitDependencyGeneratePcm x86_64 /Users/ataozeren/Documents/GitHub/dynamic-island-for-macbook/DerivedData/Task70Direct/ModuleCache.noindex/os-B2BBQYJF2YODBMDBILSGG25C0.pcm

SwiftExplicitDependencyGeneratePcm arm64 /Users/ataozeren/Documents/GitHub/dynamic-island-for-macbook/DerivedData/Task70Direct/ModuleCache.noindex/XPC-9KP7NDL6VP7NKTVYVIJUHIIHI.pcm

SwiftExplicitDependencyGeneratePcm arm64 /Users/ataozeren/Documents/GitHub/dynamic-island-for-macbook/DerivedData/Task70Direct/ModuleCache.noindex/CoreFoundation-4SYNKHO9Q9KUFRFGC23SG7SD6.pcm

SwiftExplicitDependencyGeneratePcm arm64 /Users/ataozeren/Documents/GitHub/dynamic-island-for-macbook/DerivedData/Task70Direct/ModuleCache.noindex/dnssd-1WM8LR8FP2F8Y13U590SYMEMU.pcm

SwiftExplicitDependencyGeneratePcm x86_64 /Users/ataozeren/Documents/GitHub/dynamic-island-for-macbook/DerivedData/Task70Direct/ModuleCache.noindex/CFNetwork-AKM3T4HV8JYC4LPFWHWK5I81I.pcm

SwiftExplicitDependencyGeneratePcm x86_64 /Users/ataozeren/Documents/GitHub/dynamic-island-for-macbook/DerivedData/Task70Direct/ModuleCache.noindex/ColorSync-F59RTVSSBA9F8ROCW019R7TRH.pcm

SwiftExplicitDependencyGeneratePcm x86_64 /Users/ataozeren/Documents/GitHub/dynamic-island-for-macbook/DerivedData/Task70Direct/ModuleCache.noindex/IOKit-93LWLU3DYIFKGAXRQM64EB1OW.pcm

SwiftExplicitDependencyGeneratePcm x86_64 /Users/ataozeren/Documents/GitHub/dynamic-island-for-macbook/DerivedData/Task70Direct/ModuleCache.noindex/CoreAudioTypes-9D0YMMRTJDB1RYXHKIW7UFMDQ.pcm

SwiftExplicitDependencyGeneratePcm x86_64 /Users/ataozeren/Documents/GitHub/dynamic-island-for-macbook/DerivedData/Task70Direct/ModuleCache.noindex/Security-BKN0FX0VQWNGKII6CSN7PDD69.pcm

LinkAssetCatalog /Users/ataozeren/Documents/GitHub/dynamic-island-for-macbook/NotchFlow/Assets.xcassets (in target 'NotchFlow' from project 'NotchFlow' at path '/Users/ataozeren/Documents/GitHub/dynamic-island-for-macbook/NotchFlow.xcodeproj')
    cd /Users/ataozeren/Documents/GitHub/dynamic-island-for-macbook
    builtin-linkAssetCatalog --thinned /Users/ataozeren/Documents/GitHub/dynamic-island-for-macbook/DerivedData/Task70Direct/Build/Intermediates.noindex/NotchFlow.build/Direct/NotchFlow.build/assetcatalog_output/thinned --thinned-dependencies /Users/ataozeren/Documents/GitHub/dynamic-island-for-macbook/DerivedData/Task70Direct/Build/Intermediates.noindex/NotchFlow.build/Direct/NotchFlow.build/assetcatalog_dependencies_thinned --thinned-info-plist-content /Users/ataozeren/Documents/GitHub/dynamic-island-for-macbook/DerivedData/Task70Direct/Build/Intermediates.noindex/NotchFlow.build/Direct/NotchFlow.build/assetcatalog_generated_info.plist_thinned --unthinned /Users/ataozeren/Documents/GitHub/dynamic-island-for-macbook/DerivedData/Task70Direct/Build/Intermediates.noindex/NotchFlow.build/Direct/NotchFlow.build/assetcatalog_output/unthinned --unthinned-dependencies /Users/ataozeren/Documents/GitHub/dynamic-island-for-macbook/DerivedData/Task70Direct/Build/Intermediates.noindex/NotchFlow.build/Direct/NotchFlow.build/assetcatalog_dependencies_unthinned --unthinned-info-plist-content /Users/ataozeren/Documents/GitHub/dynamic-island-for-macbook/DerivedData/Task70Direct/Build/Intermediates.noindex/NotchFlow.build/Direct/NotchFlow.build/assetcatalog_generated_info.plist_unthinned --output /Users/ataozeren/Documents/GitHub/dynamic-island-for-macbook/DerivedData/Task70Direct/Build/Products/Direct/NotchFlow.app/Contents/Resources --plist-output /Users/ataozeren/Documents/GitHub/dynamic-island-for-macbook/DerivedData/Task70Direct/Build/Intermediates.noindex/NotchFlow.build/Direct/NotchFlow.build/assetcatalog_generated_info.plist
note: Emplaced /Users/ataozeren/Documents/GitHub/dynamic-island-for-macbook/DerivedData/Task70Direct/Build/Products/Direct/NotchFlow.app/Contents/Resources/AppIcon.icns (in target 'NotchFlow' from project 'NotchFlow' at path '/Users/ataozeren/Documents/GitHub/dynamic-island-for-macbook/NotchFlow.xcodeproj')
note: Emplaced /Users/ataozeren/Documents/GitHub/dynamic-island-for-macbook/DerivedData/Task70Direct/Build/Products/Direct/NotchFlow.app/Contents/Resources/Assets.car (in target 'NotchFlow' from project 'NotchFlow' at path '/Users/ataozeren/Documents/GitHub/dynamic-island-for-macbook/NotchFlow.xcodeproj')

ProcessInfoPlistFile /Users/ataozeren/Documents/GitHub/dynamic-island-for-macbook/DerivedData/Task70Direct/Build/Products/Direct/NotchFlow.app/Contents/Info.plist /Users/ataozeren/Documents/GitHub/dynamic-island-for-macbook/NotchFlow/Info.plist (in target 'NotchFlow' from project 'NotchFlow' at path '/Users/ataozeren/Documents/GitHub/dynamic-island-for-macbook/NotchFlow.xcodeproj')
    cd /Users/ataozeren/Documents/GitHub/dynamic-island-for-macbook
    builtin-infoPlistUtility /Users/ataozeren/Documents/GitHub/dynamic-island-for-macbook/NotchFlow/Info.plist -producttype com.apple.product-type.application -genpkginfo /Users/ataozeren/Documents/GitHub/dynamic-island-for-macbook/DerivedData/Task70Direct/Build/Products/Direct/NotchFlow.app/Contents/PkgInfo -expandbuildsettings -platform macosx -additionalcontentfile /Users/ataozeren/Documents/GitHub/dynamic-island-for-macbook/DerivedData/Task70Direct/Build/Intermediates.noindex/NotchFlow.build/Direct/NotchFlow.build/assetcatalog_generated_info.plist -scanforprivacyfile /Users/ataozeren/Documents/GitHub/dynamic-island-for-macbook/DerivedData/Task70Direct/Build/Products/Direct/NotchFlow.app/Contents/Resources/NotchFlow_NotchFlowCore.bundle -scanforprivacyfile /Users/ataozeren/Documents/GitHub/dynamic-island-for-macbook/DerivedData/Task70Direct/Build/Products/Direct/NotchFlow.app/Contents/Resources/NotchFlow_NotchFlowUI.bundle -o /Users/ataozeren/Documents/GitHub/dynamic-island-for-macbook/DerivedData/Task70Direct/Build/Products/Direct/NotchFlow.app/Contents/Info.plist

SwiftExplicitDependencyGeneratePcm arm64 /Users/ataozeren/Documents/GitHub/dynamic-island-for-macbook/DerivedData/Task70Direct/ModuleCache.noindex/os-8HHFMKJ1JI5N2GDS4HDGU41VV.pcm

SwiftExplicitDependencyGeneratePcm arm64 /Users/ataozeren/Documents/GitHub/dynamic-island-for-macbook/DerivedData/Task70Direct/ModuleCache.noindex/IOKit-E4MUFT3NQ2CNW9VKS8HTKDZBT.pcm

SwiftExplicitDependencyGeneratePcm arm64 /Users/ataozeren/Documents/GitHub/dynamic-island-for-macbook/DerivedData/Task70Direct/ModuleCache.noindex/CFNetwork-3U55IY0Q2UFL9BEWCJWKTBYU3.pcm

SwiftExplicitDependencyGeneratePcm arm64 /Users/ataozeren/Documents/GitHub/dynamic-island-for-macbook/DerivedData/Task70Direct/ModuleCache.noindex/ColorSync-3NNCEIL17RCREQIY1BX9FL6MY.pcm

SwiftExplicitDependencyGeneratePcm arm64 /Users/ataozeren/Documents/GitHub/dynamic-island-for-macbook/DerivedData/Task70Direct/ModuleCache.noindex/CoreAudioTypes-D29QSEMV8NHETV0SP3K53QTYC.pcm

SwiftExplicitDependencyGeneratePcm arm64 /Users/ataozeren/Documents/GitHub/dynamic-island-for-macbook/DerivedData/Task70Direct/ModuleCache.noindex/Security-CTH5TIWHV7H75X9HQVN0R9G7D.pcm

SwiftExplicitDependencyGeneratePcm x86_64 /Users/ataozeren/Documents/GitHub/dynamic-island-for-macbook/DerivedData/Task70Direct/ModuleCache.noindex/CoreGraphics-D0T6R43T3D48J60H0DOBRW71L.pcm

SwiftExplicitDependencyGeneratePcm x86_64 /Users/ataozeren/Documents/GitHub/dynamic-island-for-macbook/DerivedData/Task70Direct/ModuleCache.noindex/DiskArbitration-R4XFX5RSCO24YJ0KO4GMVGHF.pcm

SwiftExplicitDependencyGeneratePcm x86_64 /Users/ataozeren/Documents/GitHub/dynamic-island-for-macbook/DerivedData/Task70Direct/ModuleCache.noindex/CoreServices-1J2S7SKKQ9642IZJKELNAJUKV.pcm

SwiftExplicitDependencyGeneratePcm arm64 /Users/ataozeren/Documents/GitHub/dynamic-island-for-macbook/DerivedData/Task70Direct/ModuleCache.noindex/DiskArbitration-DRP23AMM1FV89FTR4P08A7Q7U.pcm

SwiftExplicitDependencyGeneratePcm arm64 /Users/ataozeren/Documents/GitHub/dynamic-island-for-macbook/DerivedData/Task70Direct/ModuleCache.noindex/CoreGraphics-ADPE1GKFQMUG291VEEZXEUVNY.pcm

SwiftExplicitDependencyGeneratePcm x86_64 /Users/ataozeren/Documents/GitHub/dynamic-island-for-macbook/DerivedData/Task70Direct/ModuleCache.noindex/ImageIO-3COP2G1TSLCFDTBXG3R552KC3.pcm

SwiftExplicitDependencyGeneratePcm x86_64 /Users/ataozeren/Documents/GitHub/dynamic-island-for-macbook/DerivedData/Task70Direct/ModuleCache.noindex/CoreText-5XXDLI18X6IACBHGVNWWJDEZQ.pcm

SwiftExplicitDependencyGeneratePcm arm64 /Users/ataozeren/Documents/GitHub/dynamic-island-for-macbook/DerivedData/Task70Direct/ModuleCache.noindex/CoreServices-16MQO91W8L7703XIVXOK153G5.pcm

SwiftExplicitDependencyGeneratePcm arm64 /Users/ataozeren/Documents/GitHub/dynamic-island-for-macbook/DerivedData/Task70Direct/ModuleCache.noindex/CoreText-1WF7TSHKKH7TGT9EJUI23EE07.pcm

SwiftExplicitDependencyGeneratePcm arm64 /Users/ataozeren/Documents/GitHub/dynamic-island-for-macbook/DerivedData/Task70Direct/ModuleCache.noindex/ImageIO-1YG68YHTZBOL0GSKY24MNPERV.pcm

SwiftExplicitDependencyGeneratePcm x86_64 /Users/ataozeren/Documents/GitHub/dynamic-island-for-macbook/DerivedData/Task70Direct/ModuleCache.noindex/Foundation-33IH8Z0DDLPQW9ISBDXCTF0SR.pcm

SwiftExplicitDependencyGeneratePcm arm64 /Users/ataozeren/Documents/GitHub/dynamic-island-for-macbook/DerivedData/Task70Direct/ModuleCache.noindex/Foundation-CRWTAVYG0P2YA2PAK8255DWRI.pcm

SwiftExplicitDependencyGeneratePcm x86_64 /Users/ataozeren/Documents/GitHub/dynamic-island-for-macbook/DerivedData/Task70Direct/ModuleCache.noindex/ApplicationServices-45N7MDW5A2KOIATKIKBMAQD9M.pcm

SwiftExplicitDependencyGeneratePcm x86_64 /Users/ataozeren/Documents/GitHub/dynamic-island-for-macbook/DerivedData/Task70Direct/ModuleCache.noindex/IOSurface-6BGOJFI2Q9MDZ5SHTO08P4UZZ.pcm

SwiftExplicitDependencyGeneratePcm x86_64 /Users/ataozeren/Documents/GitHub/dynamic-island-for-macbook/DerivedData/Task70Direct/ModuleCache.noindex/Accessibility-5F8VEEB18SY4TSXXU9R478D77.pcm

SwiftExplicitDependencyGeneratePcm x86_64 /Users/ataozeren/Documents/GitHub/dynamic-island-for-macbook/DerivedData/Task70Direct/ModuleCache.noindex/OSLog-6U8L00CX9AGPAJBJMKQQG1ECS.pcm

SwiftExplicitDependencyGeneratePcm x86_64 /Users/ataozeren/Documents/GitHub/dynamic-island-for-macbook/DerivedData/Task70Direct/ModuleCache.noindex/CoreAudio-2XT08B5RR1W53G82OFED0OBEZ.pcm

SwiftExplicitDependencyGeneratePcm x86_64 /Users/ataozeren/Documents/GitHub/dynamic-island-for-macbook/DerivedData/Task70Direct/ModuleCache.noindex/UniformTypeIdentifiers-EQRJN0B2N01V4UAT2VPC5XWC2.pcm

SwiftExplicitDependencyGeneratePcm x86_64 /Users/ataozeren/Documents/GitHub/dynamic-island-for-macbook/DerivedData/Task70Direct/ModuleCache.noindex/CoreData-4XCKT2TXAJI4JAU9Y2C3P95XQ.pcm

SwiftExplicitDependencyGeneratePcm x86_64 /Users/ataozeren/Documents/GitHub/dynamic-island-for-macbook/DerivedData/Task70Direct/ModuleCache.noindex/Network-ALWHBY7TVMLGW1CJL59SMM3WO.pcm

SwiftExplicitDependencyGeneratePcm x86_64 /Users/ataozeren/Documents/GitHub/dynamic-island-for-macbook/DerivedData/Task70Direct/ModuleCache.noindex/CoreTransferable-1Q2HUXKIK93SQUS6YPKE8HX4P.pcm

SwiftExplicitDependencyGeneratePcm x86_64 /Users/ataozeren/Documents/GitHub/dynamic-island-for-macbook/DerivedData/Task70Direct/ModuleCache.noindex/Symbols-4P45YHRZ15F7DGET402E21Q3O.pcm

SwiftExplicitDependencyGeneratePcm x86_64 /Users/ataozeren/Documents/GitHub/dynamic-island-for-macbook/DerivedData/Task70Direct/ModuleCache.noindex/DataDetection-6NDKNDBQIMTCB9P73S2FNHVYX.pcm

SwiftExplicitDependencyGeneratePcm arm64 /Users/ataozeren/Documents/GitHub/dynamic-island-for-macbook/DerivedData/Task70Direct/ModuleCache.noindex/IOSurface-C9OA2W14X6CW259PPPZ6QQTOX.pcm

SwiftExplicitDependencyGeneratePcm arm64 /Users/ataozeren/Documents/GitHub/dynamic-island-for-macbook/DerivedData/Task70Direct/ModuleCache.noindex/CoreData-BYSFZEO8W9ON6PI6OJXUY4HJG.pcm

SwiftExplicitDependencyGeneratePcm x86_64 /Users/ataozeren/Documents/GitHub/dynamic-island-for-macbook/DerivedData/Task70Direct/ModuleCache.noindex/Metal-ELUCC2D1GBKYJ72VMCK4TQ9BF.pcm

SwiftExplicitDependencyGeneratePcm arm64 /Users/ataozeren/Documents/GitHub/dynamic-island-for-macbook/DerivedData/Task70Direct/ModuleCache.noindex/DataDetection-1F2YR1SAQW0QVDTKR08FQYISC.pcm

SwiftExplicitDependencyGeneratePcm arm64 /Users/ataozeren/Documents/GitHub/dynamic-island-for-macbook/DerivedData/Task70Direct/ModuleCache.noindex/OSLog-DMONSZP0WMT64CPGBIE2FF6V3.pcm

SwiftExplicitDependencyGeneratePcm arm64 /Users/ataozeren/Documents/GitHub/dynamic-island-for-macbook/DerivedData/Task70Direct/ModuleCache.noindex/UniformTypeIdentifiers-7V5VP9ZIYJ1P1UXOHG0PS2GL3.pcm

SwiftExplicitDependencyGeneratePcm arm64 /Users/ataozeren/Documents/GitHub/dynamic-island-for-macbook/DerivedData/Task70Direct/ModuleCache.noindex/Symbols-EFCOZXTGJO70ALK9BLQ8VBVUO.pcm

SwiftExplicitDependencyGeneratePcm arm64 /Users/ataozeren/Documents/GitHub/dynamic-island-for-macbook/DerivedData/Task70Direct/ModuleCache.noindex/CoreTransferable-E3Z3PVJGJVUIZUIN820Q7J86I.pcm

SwiftExplicitDependencyGeneratePcm arm64 /Users/ataozeren/Documents/GitHub/dynamic-island-for-macbook/DerivedData/Task70Direct/ModuleCache.noindex/Accessibility-4SAR0GFG3I3LCN998R3XQI8I9.pcm

SwiftExplicitDependencyGeneratePcm arm64 /Users/ataozeren/Documents/GitHub/dynamic-island-for-macbook/DerivedData/Task70Direct/ModuleCache.noindex/CoreAudio-32RGNHI8UKCW2GALF7M7Y2KR2.pcm

SwiftExplicitDependencyGeneratePcm x86_64 /Users/ataozeren/Documents/GitHub/dynamic-island-for-macbook/DerivedData/Task70Direct/ModuleCache.noindex/ScriptingBridge-CI6OXGLN2NKU5QCM6WGZWIIAP.pcm

SwiftExplicitDependencyGeneratePcm arm64 /Users/ataozeren/Documents/GitHub/dynamic-island-for-macbook/DerivedData/Task70Direct/ModuleCache.noindex/Network-7BLN0SNG8P6L4SM9AUMZC54DY.pcm

SwiftExplicitDependencyGeneratePcm arm64 /Users/ataozeren/Documents/GitHub/dynamic-island-for-macbook/DerivedData/Task70Direct/ModuleCache.noindex/Metal-2YCJZMOUW1DZTA542JY7STADO.pcm

SwiftExplicitDependencyGeneratePcm arm64 /Users/ataozeren/Documents/GitHub/dynamic-island-for-macbook/DerivedData/Task70Direct/ModuleCache.noindex/ApplicationServices-4N6JGXKNRU2LRZY0KO1YFFYI2.pcm

SwiftExplicitDependencyGeneratePcm x86_64 /Users/ataozeren/Documents/GitHub/dynamic-island-for-macbook/DerivedData/Task70Direct/ModuleCache.noindex/CoreVideo-C3BI656LCRWJHAAN8HXJ8U28N.pcm

SwiftExplicitDependencyGeneratePcm arm64 /Users/ataozeren/Documents/GitHub/dynamic-island-for-macbook/DerivedData/Task70Direct/ModuleCache.noindex/ScriptingBridge-1KS6ZC94XI7FR5MF7AHLOO955.pcm

SwiftExplicitDependencyGeneratePcm arm64 /Users/ataozeren/Documents/GitHub/dynamic-island-for-macbook/DerivedData/Task70Direct/ModuleCache.noindex/CoreVideo-1MVJ69G032XKKBQX3JFOLUK6T.pcm

SwiftExplicitDependencyGeneratePcm x86_64 /Users/ataozeren/Documents/GitHub/dynamic-island-for-macbook/DerivedData/Task70Direct/ModuleCache.noindex/CoreImage-DD7ZK1T99KL72BKHYTIJ2Y8AI.pcm

SwiftExplicitDependencyGeneratePcm x86_64 /Users/ataozeren/Documents/GitHub/dynamic-island-for-macbook/DerivedData/Task70Direct/ModuleCache.noindex/QuartzCore-COS33EZ7KD4J3RHK5KLTSFYWI.pcm

SwiftExplicitDependencyGeneratePcm arm64 /Users/ataozeren/Documents/GitHub/dynamic-island-for-macbook/DerivedData/Task70Direct/ModuleCache.noindex/CoreImage-ANJSZQ2H0OI1TWWD93KQU9220.pcm

SwiftExplicitDependencyGeneratePcm arm64 /Users/ataozeren/Documents/GitHub/dynamic-island-for-macbook/DerivedData/Task70Direct/ModuleCache.noindex/QuartzCore-8L3OB3JYSVN2HZAP2NXR06MRS.pcm

SwiftExplicitDependencyGeneratePcm x86_64 /Users/ataozeren/Documents/GitHub/dynamic-island-for-macbook/DerivedData/Task70Direct/ModuleCache.noindex/SwiftUICore-4BBKB6G5NMA39Y5N49K04QR6G.pcm

SwiftExplicitDependencyGeneratePcm x86_64 /Users/ataozeren/Documents/GitHub/dynamic-island-for-macbook/DerivedData/Task70Direct/ModuleCache.noindex/AppKit-8MAZSWR8PKGX4EYQQ9UZGKHM3.pcm

SwiftExplicitDependencyGeneratePcm arm64 /Users/ataozeren/Documents/GitHub/dynamic-island-for-macbook/DerivedData/Task70Direct/ModuleCache.noindex/SwiftUICore-AL6W4AV7MSJZ7YG8NREFFVXSD.pcm

SwiftExplicitDependencyGeneratePcm arm64 /Users/ataozeren/Documents/GitHub/dynamic-island-for-macbook/DerivedData/Task70Direct/ModuleCache.noindex/AppKit-BGOUMN52VP4DWU3C2DZBGQQWA.pcm

SwiftExplicitDependencyGeneratePcm x86_64 /Users/ataozeren/Documents/GitHub/dynamic-island-for-macbook/DerivedData/Task70Direct/ModuleCache.noindex/SwiftUI-BAUB78LSTD817RGAHY6TGN67A.pcm

SwiftExplicitDependencyGeneratePcm arm64 /Users/ataozeren/Documents/GitHub/dynamic-island-for-macbook/DerivedData/Task70Direct/ModuleCache.noindex/SwiftUI-CQCTG6K8RMT9Q5NQ8KJUDWW7P.pcm

SwiftCompile normal x86_64 Compiling\ NotchFlowApp.swift,\ SystemNowPlayingBridge+Direct.swift,\ MediaRemoteMusicProvider.swift,\ MusicBackend.swift,\ URLSchemeReceiver.swift,\ OnboardingPresenter.swift,\ GeneratedAssetSymbols.swift /Users/ataozeren/Documents/GitHub/dynamic-island-for-macbook/NotchFlow/NotchFlowApp.swift /Users/ataozeren/Documents/GitHub/dynamic-island-for-macbook/NotchFlow/SystemNowPlayingBridge+Direct.swift /Users/ataozeren/Documents/GitHub/dynamic-island-for-macbook/NotchFlow/MediaRemoteMusicProvider.swift /Users/ataozeren/Documents/GitHub/dynamic-island-for-macbook/NotchFlow/MusicBackend.swift /Users/ataozeren/Documents/GitHub/dynamic-island-for-macbook/NotchFlow/URLSchemeReceiver.swift /Users/ataozeren/Documents/GitHub/dynamic-island-for-macbook/NotchFlow/OnboardingPresenter.swift /Users/ataozeren/Documents/GitHub/dynamic-island-for-macbook/DerivedData/Task70Direct/Build/Intermediates.noindex/NotchFlow.build/Direct/NotchFlow.build/DerivedSources/GeneratedAssetSymbols.swift /Applications/Xcode.app/Contents/Developer/Toolchains/XcodeDefault.xctoolchain/usr/lib/swift/macosx/prebuilt-modules/26.5/CoreImage.swiftmodule/x86_64-apple-macos.swiftmodule /Applications/Xcode.app/Contents/Developer/Toolchains/XcodeDefault.xctoolchain/usr/lib/swift/macosx/prebuilt-modules/26.5/Accessibility.swiftmodule/x86_64-apple-macos.swiftmodule /Applications/Xcode.app/Contents/Developer/Toolchains/XcodeDefault.xctoolchain/usr/lib/swift/macosx/prebuilt-modules/26.5/CoreFoundation.swiftmodule/x86_64-apple-macos.swiftmodule /Users/ataozeren/Documents/GitHub/dynamic-island-for-macbook/DerivedData/Task70Direct/Build/Products/Direct/NotchFlowCore.swiftmodule/x86_64-apple-macos.swiftmodule /Applications/Xcode.app/Contents/Developer/Toolchains/XcodeDefault.xctoolchain/usr/lib/swift/macosx/prebuilt-modules/26.5/Metal.swiftmodule/x86_64-apple-macos.swiftmodule /Applications/Xcode.app/Contents/Developer/Toolchains/XcodeDefault.xctoolchain/usr/lib/swift/macosx/prebuilt-modules/26.5/ObjectiveC.swiftmodule/x86_64-apple-macos.swiftmodule /Applications/Xcode.app/Contents/Developer/Toolchains/XcodeDefault.xctoolchain/usr/lib/swift/macosx/prebuilt-modules/26.5/_DarwinFoundation1.swiftmodule/x86_64-apple-macos.swiftmodule /Applications/Xcode.app/Contents/Developer/Toolchains/XcodeDefault.xctoolchain/usr/lib/swift/macosx/prebuilt-modules/26.5/CoreAudio.swiftmodule/x86_64-apple-macos.swiftmodule /Applications/Xcode.app/Contents/Developer/Toolchains/XcodeDefault.xctoolchain/usr/lib/swift/macosx/prebuilt-modules/26.5/CoreVideo.swiftmodule/x86_64-apple-macos.swiftmodule /Applications/Xcode.app/Contents/Developer/Toolchains/XcodeDefault.xctoolchain/usr/lib/swift/macosx/prebuilt-modules/26.5/_DarwinFoundation2.swiftmodule/x86_64-apple-macos.swiftmodule /Applications/Xcode.app/Contents/Developer/Toolchains/XcodeDefault.xctoolchain/usr/lib/swift/macosx/prebuilt-modules/26.5/SwiftUI.swiftmodule/x86_64-apple-macos.swiftmodule /Applications/Xcode.app/Contents/Developer/Toolchains/XcodeDefault.xctoolchain/usr/lib/swift/macosx/prebuilt-modules/26.5/IOKit.swiftmodule/x86_64-apple-macos.swiftmodule /Applications/Xcode.app/Contents/Developer/Toolchains/XcodeDefault.xctoolchain/usr/lib/swift/macosx/prebuilt-modules/26.5/os.swiftmodule/x86_64-apple-macos.swiftmodule /Applications/Xcode.app/Contents/Developer/Toolchains/XcodeDefault.xctoolchain/usr/lib/swift/macosx/prebuilt-modules/26.5/Dispatch.swiftmodule/x86_64-apple-macos.swiftmodule /Applications/Xcode.app/Contents/Developer/Toolchains/XcodeDefault.xctoolchain/usr/lib/swift/macosx/prebuilt-modules/26.5/_Concurrency.swiftmodule/x86_64-apple-macos.swiftmodule /Applications/Xcode.app/Contents/Developer/Toolchains/XcodeDefault.xctoolchain/usr/lib/swift/macosx/prebuilt-modules/26.5/OSLog.swiftmodule/x86_64-apple-macos.swiftmodule /Applications/Xcode.app/Contents/Developer/Toolchains/XcodeDefault.xctoolchain/usr/lib/swift/macosx/prebuilt-modules/26.5/UniformTypeIdentifiers.swiftmodule/x86_64-apple-macos.swiftmodule /Applications/Xcode.app/Contents/Developer/Toolchains/XcodeDefault.xctoolchain/usr/lib/swift/macosx/prebuilt-modules/26.5/Darwin.swiftmodule/x86_64-apple-macos.swiftmodule /Applications/Xcode.app/Contents/Developer/Toolchains/XcodeDefault.xctoolchain/usr/lib/swift/macosx/prebuilt-modules/26.5/DeveloperToolsSupport.swiftmodule/x86_64-apple-macos.swiftmodule /Applications/Xcode.app/Contents/Developer/Toolchains/XcodeDefault.xctoolchain/usr/lib/swift/macosx/prebuilt-modules/26.5/SwiftUICore.swiftmodule/x86_64-apple-macos.swiftmodule /Applications/Xcode.app/Contents/Developer/Toolchains/XcodeDefault.xctoolchain/usr/lib/swift/macosx/prebuilt-modules/26.5/_StringProcessing.swiftmodule/x86_64-apple-macos.swiftmodule /Applications/Xcode.app/Contents/Developer/Toolchains/XcodeDefault.xctoolchain/usr/lib/swift/macosx/prebuilt-modules/26.5/simd.swiftmodule/x86_64-apple-macos.swiftmodule /Applications/Xcode.app/Contents/Developer/Toolchains/XcodeDefault.xctoolchain/usr/lib/swift/macosx/prebuilt-modules/26.5/_Builtin_float.swiftmodule/x86_64-apple-macos.swiftmodule /Applications/Xcode.app/Contents/Developer/Toolchains/XcodeDefault.xctoolchain/usr/lib/swift/macosx/prebuilt-modules/26.5/Spatial.swiftmodule/x86_64-apple-macos.swiftmodule /Applications/Xcode.app/Contents/Developer/Toolchains/XcodeDefault.xctoolchain/usr/lib/swift/macosx/prebuilt-modules/26.5/DataDetection.swiftmodule/x86_64-apple-macos.swiftmodule /Applications/Xcode.app/Contents/Developer/Toolchains/XcodeDefault.xctoolchain/usr/lib/swift/macosx/prebuilt-modules/26.5/CoreGraphics.swiftmodule/x86_64-apple-macos.swiftmodule /Applications/Xcode.app/Contents/Developer/Toolchains/XcodeDefault.xctoolchain/usr/lib/swift/macosx/prebuilt-modules/26.5/Swift.swiftmodule/x86_64-apple-macos.swiftmodule /Applications/Xcode.app/Contents/Developer/Toolchains/XcodeDefault.xctoolchain/usr/lib/swift/macosx/prebuilt-modules/26.5/_DarwinFoundation3.swiftmodule/x86_64-apple-macos.swiftmodule /Applications/Xcode.app/Contents/Developer/Toolchains/XcodeDefault.xctoolchain/usr/lib/swift/macosx/prebuilt-modules/26.5/Foundation.swiftmodule/x86_64-apple-macos.swiftmodule /Applications/Xcode.app/Contents/Developer/Toolchains/XcodeDefault.xctoolchain/usr/lib/swift/macosx/prebuilt-modules/26.5/AppKit.swiftmodule/x86_64-apple-macos.swiftmodule /Applications/Xcode.app/Contents/Developer/Toolchains/XcodeDefault.xctoolchain/usr/lib/swift/macosx/prebuilt-modules/26.5/CoreData.swiftmodule/x86_64-apple-macos.swiftmodule /Applications/Xcode.app/Contents/Developer/Toolchains/XcodeDefault.xctoolchain/usr/lib/swift/macosx/prebuilt-modules/26.5/Distributed.swiftmodule/x86_64-apple-macos.swiftmodule /Applications/Xcode.app/Contents/Developer/Toolchains/XcodeDefault.xctoolchain/usr/lib/swift/macosx/prebuilt-modules/26.5/XPC.swiftmodule/x86_64-apple-macos.swiftmodule /Applications/Xcode.app/Contents/Developer/Toolchains/XcodeDefault.xctoolchain/usr/lib/swift/macosx/prebuilt-modules/26.5/QuartzCore.swiftmodule/x86_64-apple-macos.swiftmodule /Applications/Xcode.app/Contents/Developer/Toolchains/XcodeDefault.xctoolchain/usr/lib/swift/macosx/prebuilt-modules/26.5/CoreTransferable.swiftmodule/x86_64-apple-macos.swiftmodule /Applications/Xcode.app/Contents/Developer/Toolchains/XcodeDefault.xctoolchain/usr/lib/swift/macosx/prebuilt-modules/26.5/Symbols.swiftmodule/x86_64-apple-macos.swiftmodule /Users/ataozeren/Documents/GitHub/dynamic-island-for-macbook/DerivedData/Task70Direct/Build/Products/Direct/NotchFlowProviders.swiftmodule/x86_64-apple-macos.swiftmodule /Applications/Xcode.app/Contents/Developer/Toolchains/XcodeDefault.xctoolchain/usr/lib/swift/macosx/prebuilt-modules/26.5/System.swiftmodule/x86_64-apple-macos.swiftmodule /Applications/Xcode.app/Contents/Developer/Toolchains/XcodeDefault.xctoolchain/usr/lib/swift/macosx/prebuilt-modules/26.5/Combine.swiftmodule/x86_64-apple-macos.swiftmodule /Applications/Xcode.app/Contents/Developer/Toolchains/XcodeDefault.xctoolchain/usr/lib/swift/macosx/prebuilt-modules/26.5/Synchronization.swiftmodule/x86_64-apple-macos.swiftmodule /Applications/Xcode.app/Contents/Developer/Toolchains/XcodeDefault.xctoolchain/usr/lib/swift/macosx/prebuilt-modules/26.5/CoreText.swiftmodule/x86_64-apple-macos.swiftmodule /Users/ataozeren/Documents/GitHub/dynamic-island-for-macbook/DerivedData/Task70Direct/Build/Products/Direct/NotchFlowUI.swiftmodule/x86_64-apple-macos.swiftmodule /Applications/Xcode.app/Contents/Developer/Toolchains/XcodeDefault.xctoolchain/usr/lib/swift/macosx/prebuilt-modules/26.5/Observation.swiftmodule/x86_64-apple-macos.swiftmodule /Applications/Xcode.app/Contents/Developer/Toolchains/XcodeDefault.xctoolchain/usr/lib/swift/macosx/prebuilt-modules/26.5/Network.swiftmodule/x86_64-apple-macos.swiftmodule /Users/ataozeren/Documents/GitHub/dynamic-island-for-macbook/DerivedData/Task70Direct/ModuleCache.noindex/CoreAudio-2XT08B5RR1W53G82OFED0OBEZ.pcm /Users/ataozeren/Documents/GitHub/dynamic-island-for-macbook/DerivedData/Task70Direct/ModuleCache.noindex/MachO-9HJNS5N45TMWQCTS5EA4STJWE.pcm /Users/ataozeren/Documents/GitHub/dynamic-island-for-macbook/DerivedData/Task70Direct/ModuleCache.noindex/Accessibility-5F8VEEB18SY4TSXXU9R478D77.pcm /Users/ataozeren/Documents/GitHub/dynamic-island-for-macbook/DerivedData/Task70Direct/ModuleCache.noindex/SwiftUICore-4BBKB6G5NMA39Y5N49K04QR6G.pcm /Users/ataozeren/Documents/GitHub/dynamic-island-for-macbook/DerivedData/Task70Direct/ModuleCache.noindex/os_object-CO00E9JH7K7E8FS197S8QPAPE.pcm /Users/ataozeren/Documents/GitHub/dynamic-island-for-macbook/DerivedData/Task70Direct/ModuleCache.noindex/CoreAudioTypes-9D0YMMRTJDB1RYXHKIW7UFMDQ.pcm /Users/ataozeren/Documents/GitHub/dynamic-island-for-macbook/DerivedData/Task70Direct/ModuleCache.noindex/_Builtin_stdarg-48YF1U4WCYCN2NDMNKBGJ6G3I.pcm /Users/ataozeren/Documents/GitHub/dynamic-island-for-macbook/DerivedData/Task70Direct/ModuleCache.noindex/ImageIO-3COP2G1TSLCFDTBXG3R552KC3.pcm /Users/ataozeren/Documents/GitHub/dynamic-island-for-macbook/DerivedData/Task70Direct/ModuleCache.noindex/UniformTypeIdentifiers-EQRJN0B2N01V4UAT2VPC5XWC2.pcm /Users/ataozeren/Documents/GitHub/dynamic-island-for-macbook/DerivedData/Task70Direct/ModuleCache.noindex/XPC-ZBQUJY8COYX2PRREZ61S7MNR.pcm /Users/ataozeren/Documents/GitHub/dynamic-island-for-macbook/DerivedData/Task70Direct/ModuleCache.noindex/Symbols-4P45YHRZ15F7DGET402E21Q3O.pcm /Users/ataozeren/Documents/GitHub/dynamic-island-for-macbook/DerivedData/Task70Direct/ModuleCache.noindex/ptrcheck-DGGK663RER8XFLLTM62WOC1IO.pcm /Users/ataozeren/Documents/GitHub/dynamic-island-for-macbook/DerivedData/Task70Direct/ModuleCache.noindex/dnssd-EM4RS0AV5IHUXLWWGF7FPTQYS.pcm /Users/ataozeren/Documents/GitHub/dynamic-island-for-macbook/DerivedData/Task70Direct/ModuleCache.noindex/OpenGL-D5WGZIVCH36521RBQAHJQV22Y.pcm /Users/ataozeren/Documents/GitHub/dynamic-island-for-macbook/DerivedData/Task70Direct/ModuleCache.noindex/CoreData-4XCKT2TXAJI4JAU9Y2C3P95XQ.pcm /Users/ataozeren/Documents/GitHub/dynamic-island-for-macbook/DerivedData/Task70Direct/ModuleCache.noindex/_Builtin_tgmath-43DE1ZR31KF7JLBTDZL5G2228.pcm /Users/ataozeren/Documents/GitHub/dynamic-island-for-macbook/DerivedData/Task70Direct/ModuleCache.noindex/_DarwinFoundation2-3023F5JAOJKFTZ47BG4TUP5MC.pcm /Users/ataozeren/Documents/GitHub/dynamic-island-for-macbook/DerivedData/Task70Direct/ModuleCache.noindex/_Builtin_float-DLO4S54KWDGWC9HKQCPLQBN4X.pcm /Users/ataozeren/Documents/GitHub/dynamic-island-for-macbook/DerivedData/Task70Direct/ModuleCache.noindex/DiskArbitration-R4XFX5RSCO24YJ0KO4GMVGHF.pcm /Users/ataozeren/Documents/GitHub/dynamic-island-for-macbook/DerivedData/Task70Direct/ModuleCache.noindex/CoreText-5XXDLI18X6IACBHGVNWWJDEZQ.pcm /Users/ataozeren/Documents/GitHub/dynamic-island-for-macbook/DerivedData/Task70Direct/ModuleCache.noindex/QuartzCore-COS33EZ7KD4J3RHK5KLTSFYWI.pcm /Users/ataozeren/Documents/GitHub/dynamic-island-for-macbook/DerivedData/Task70Direct/ModuleCache.noindex/_SwiftConcurrencyShims-EWOAV0AV2FVGOE0J1R2S1DOHM.pcm /Users/ataozeren/Documents/GitHub/dynamic-island-for-macbook/DerivedData/Task70Direct/ModuleCache.noindex/ApplicationServices-45N7MDW5A2KOIATKIKBMAQD9M.pcm /Users/ataozeren/Documents/GitHub/dynamic-island-for-macbook/DerivedData/Task70Direct/ModuleCache.noindex/Security-BKN0FX0VQWNGKII6CSN7PDD69.pcm /Users/ataozeren/Documents/GitHub/dynamic-island-for-macbook/DerivedData/Task70Direct/ModuleCache.noindex/_DarwinFoundation1-7WP1AYDPZMQFBE4VKWRSDKVHU.pcm /Users/ataozeren/Documents/GitHub/dynamic-island-for-macbook/DerivedData/Task70Direct/ModuleCache.noindex/IOKit-93LWLU3DYIFKGAXRQM64EB1OW.pcm /Users/ataozeren/Documents/GitHub/dynamic-island-for-macbook/DerivedData/Task70Direct/ModuleCache.noindex/_Builtin_intrinsics-BBHCK7Z5PLZWNCNVNZN0FXR9X.pcm /Users/ataozeren/Documents/GitHub/dynamic-island-for-macbook/DerivedData/Task70Direct/ModuleCache.noindex/_Builtin_limits-7CS781YTG48YSEYGSSR88SJRC.pcm /Users/ataozeren/Documents/GitHub/dynamic-island-for-macbook/DerivedData/Task70Direct/ModuleCache.noindex/_Builtin_stdatomic-14K9PSNLMLSP6TSVD7HL6Z1R9.pcm /Users/ataozeren/Documents/GitHub/dynamic-island-for-macbook/DerivedData/Task70Direct/ModuleCache.noindex/sys_types-1KLNW2C2B3BT29EPL7NVBOSZ6.pcm /Users/ataozeren/Documents/GitHub/dynamic-island-for-macbook/DerivedData/Task70Direct/ModuleCache.noindex/DeveloperToolsSupport-E7DEIDY8XLAKIML8EO85NMJKU.pcm /Users/ataozeren/Documents/GitHub/dynamic-island-for-macbook/DerivedData/Task70Direct/ModuleCache.noindex/CoreVideo-C3BI656LCRWJHAAN8HXJ8U28N.pcm /Users/ataozeren/Documents/GitHub/dynamic-island-for-macbook/DerivedData/Task70Direct/ModuleCache.noindex/launch-9U13CAX6MR2UYBWBK6D8356QC.pcm /Users/ataozeren/Documents/GitHub/dynamic-island-for-macbook/DerivedData/Task70Direct/ModuleCache.noindex/ptrauth-EMQBUOT8BQS8B933YWCKOBV9L.pcm /Users/ataozeren/Documents/GitHub/dynamic-island-for-macbook/DerivedData/Task70Direct/ModuleCache.noindex/_AvailabilityInternal-5FNRF6QQXGOLC4HXH89431Z1Q.pcm /Users/ataozeren/Documents/GitHub/dynamic-island-for-macbook/DerivedData/Task70Direct/ModuleCache.noindex/_Builtin_stdint-4DJ2UEDQD0JZ6AJG4HFQCE8CY.pcm /Users/ataozeren/Documents/GitHub/dynamic-island-for-macbook/DerivedData/Task70Direct/ModuleCache.noindex/_Builtin_inttypes-F44ZF1VOZ573EREYQ1HVH8XCP.pcm /Users/ataozeren/Documents/GitHub/dynamic-island-for-macbook/DerivedData/Task70Direct/ModuleCache.noindex/ObjectiveC-ABJG1UHQUH8ILPZAX1SALB4OF.pcm /Users/ataozeren/Documents/GitHub/dynamic-island-for-macbook/DerivedData/Task70Direct/ModuleCache.noindex/OSLog-6U8L00CX9AGPAJBJMKQQG1ECS.pcm /Users/ataozeren/Documents/GitHub/dynamic-island-for-macbook/DerivedData/Task70Direct/ModuleCache.noindex/CoreFoundation-DZJJ422RV9ISZNK0BJ8TGKTMO.pcm /Users/ataozeren/Documents/GitHub/dynamic-island-for-macbook/DerivedData/Task70Direct/ModuleCache.noindex/IOSurface-6BGOJFI2Q9MDZ5SHTO08P4UZZ.pcm /Users/ataozeren/Documents/GitHub/dynamic-island-for-macbook/DerivedData/Task70Direct/ModuleCache.noindex/libDER-1KLYEHA5LCNN5GWNTOOVCMN9.pcm /Users/ataozeren/Documents/GitHub/dynamic-island-for-macbook/DerivedData/Task70Direct/ModuleCache.noindex/CoreServices-1J2S7SKKQ9642IZJKELNAJUKV.pcm /Users/ataozeren/Documents/GitHub/dynamic-island-for-macbook/DerivedData/Task70Direct/ModuleCache.noindex/SwiftShims-8PIY71V97GQEZYRF3QNLEEZQ7.pcm /Users/ataozeren/Documents/GitHub/dynamic-island-for-macbook/DerivedData/Task70Direct/ModuleCache.noindex/Network-ALWHBY7TVMLGW1CJL59SMM3WO.pcm /Users/ataozeren/Documents/GitHub/dynamic-island-for-macbook/DerivedData/Task70Direct/ModuleCache.noindex/CoreImage-DD7ZK1T99KL72BKHYTIJ2Y8AI.pcm /Users/ataozeren/Documents/GitHub/dynamic-island-for-macbook/DerivedData/Task70Direct/ModuleCache.noindex/_DarwinFoundation3-5J6JEPW4ULLX9RF79EBWELXLP.pcm /Users/ataozeren/Documents/GitHub/dynamic-island-for-macbook/DerivedData/Task70Direct/ModuleCache.noindex/os-B2BBQYJF2YODBMDBILSGG25C0.pcm /Users/ataozeren/Documents/GitHub/dynamic-island-for-macbook/DerivedData/Task70Direct/ModuleCache.noindex/AppKit-8MAZSWR8PKGX4EYQQ9UZGKHM3.pcm /Users/ataozeren/Documents/GitHub/dynamic-island-for-macbook/DerivedData/Task70Direct/ModuleCache.noindex/simd-A7FN52VLWWRGPTZ480K1H550Z.pcm /Users/ataozeren/Documents/GitHub/dynamic-island-for-macbook/DerivedData/Task70Direct/ModuleCache.noindex/os_workgroup-4Y3CXSFJSA6XJU11WAE1WCKPS.pcm /Users/ataozeren/Documents/GitHub/dynamic-island-for-macbook/DerivedData/Task70Direct/ModuleCache.noindex/Dispatch-C28DH7E5JVQF5Q3L5CY0QANZ6.pcm /Users/ataozeren/Documents/GitHub/dynamic-island-for-macbook/DerivedData/Task70Direct/ModuleCache.noindex/CFNetwork-AKM3T4HV8JYC4LPFWHWK5I81I.pcm /Users/ataozeren/Documents/GitHub/dynamic-island-for-macbook/DerivedData/Task70Direct/ModuleCache.noindex/Spatial-72R8YP89JU0QGC2P3JRFEWV0.pcm /Users/ataozeren/Documents/GitHub/dynamic-island-for-macbook/DerivedData/Task70Direct/ModuleCache.noindex/Darwin-5NGZJUC2RZVK358WRZ170OC4P.pcm /Users/ataozeren/Documents/GitHub/dynamic-island-for-macbook/DerivedData/Task70Direct/ModuleCache.noindex/CoreGraphics-D0T6R43T3D48J60H0DOBRW71L.pcm /Users/ataozeren/Documents/GitHub/dynamic-island-for-macbook/DerivedData/Task70Direct/ModuleCache.noindex/CUPS-3826L5X9BRCAFSQGTKLGV965S.pcm /Users/ataozeren/Documents/GitHub/dynamic-island-for-macbook/DerivedData/Task70Direct/ModuleCache.noindex/SwiftUI-BAUB78LSTD817RGAHY6TGN67A.pcm /Users/ataozeren/Documents/GitHub/dynamic-island-for-macbook/DerivedData/Task70Direct/ModuleCache.noindex/libkern-8F2BE7OG7S0Z03N912XFAQZ23.pcm /Users/ataozeren/Documents/GitHub/dynamic-island-for-macbook/DerivedData/Task70Direct/ModuleCache.noindex/_Builtin_stdbool-38GLVNM5Q30T8K8VE9JRAJAAG.pcm /Users/ataozeren/Documents/GitHub/dynamic-island-for-macbook/DerivedData/Task70Direct/ModuleCache.noindex/ScriptingBridge-CI6OXGLN2NKU5QCM6WGZWIIAP.pcm /Users/ataozeren/Documents/GitHub/dynamic-island-for-macbook/DerivedData/Task70Direct/ModuleCache.noindex/Metal-ELUCC2D1GBKYJ72VMCK4TQ9BF.pcm /Users/ataozeren/Documents/GitHub/dynamic-island-for-macbook/DerivedData/Task70Direct/ModuleCache.noindex/CoreTransferable-1Q2HUXKIK93SQUS6YPKE8HX4P.pcm /Users/ataozeren/Documents/GitHub/dynamic-island-for-macbook/DerivedData/Task70Direct/ModuleCache.noindex/DataDetection-6NDKNDBQIMTCB9P73S2FNHVYX.pcm /Users/ataozeren/Documents/GitHub/dynamic-island-for-macbook/DerivedData/Task70Direct/ModuleCache.noindex/Foundation-33IH8Z0DDLPQW9ISBDXCTF0SR.pcm /Users/ataozeren/Documents/GitHub/dynamic-island-for-macbook/DerivedData/Task70Direct/ModuleCache.noindex/ColorSync-F59RTVSSBA9F8ROCW019R7TRH.pcm /Users/ataozeren/Documents/GitHub/dynamic-island-for-macbook/DerivedData/Task70Direct/ModuleCache.noindex/_Builtin_stddef-4D9R7R18K8GSBLKKPSOU6NYP2.pcm /Users/ataozeren/Documents/GitHub/dynamic-island-for-macbook/DerivedData/Task70Direct/Build/Intermediates.noindex/NotchFlow.build/Direct/NotchFlow.build/Objects-normal/x86_64/NotchFlow-dependencies-1.json (in target 'NotchFlow' from project 'NotchFlow' at path '/Users/ataozeren/Documents/GitHub/dynamic-island-for-macbook/NotchFlow.xcodeproj')
CompileSwift normal x86_64 (in target 'NotchFlow' from project 'NotchFlow' at path '/Users/ataozeren/Documents/GitHub/dynamic-island-for-macbook/NotchFlow.xcodeproj')
    cd /Users/ataozeren/Documents/GitHub/dynamic-island-for-macbook


SwiftCompile normal arm64 Compiling\ NotchFlowApp.swift,\ SystemNowPlayingBridge+Direct.swift,\ MediaRemoteMusicProvider.swift,\ MusicBackend.swift,\ URLSchemeReceiver.swift,\ OnboardingPresenter.swift,\ GeneratedAssetSymbols.swift /Users/ataozeren/Documents/GitHub/dynamic-island-for-macbook/NotchFlow/NotchFlowApp.swift /Users/ataozeren/Documents/GitHub/dynamic-island-for-macbook/NotchFlow/SystemNowPlayingBridge+Direct.swift /Users/ataozeren/Documents/GitHub/dynamic-island-for-macbook/NotchFlow/MediaRemoteMusicProvider.swift /Users/ataozeren/Documents/GitHub/dynamic-island-for-macbook/NotchFlow/MusicBackend.swift /Users/ataozeren/Documents/GitHub/dynamic-island-for-macbook/NotchFlow/URLSchemeReceiver.swift /Users/ataozeren/Documents/GitHub/dynamic-island-for-macbook/NotchFlow/OnboardingPresenter.swift /Users/ataozeren/Documents/GitHub/dynamic-island-for-macbook/DerivedData/Task70Direct/Build/Intermediates.noindex/NotchFlow.build/Direct/NotchFlow.build/DerivedSources/GeneratedAssetSymbols.swift /Applications/Xcode.app/Contents/Developer/Toolchains/XcodeDefault.xctoolchain/usr/lib/swift/macosx/prebuilt-modules/26.5/Dispatch.swiftmodule/arm64e-apple-macos.swiftmodule /Applications/Xcode.app/Contents/Developer/Toolchains/XcodeDefault.xctoolchain/usr/lib/swift/macosx/prebuilt-modules/26.5/_DarwinFoundation3.swiftmodule/arm64e-apple-macos.swiftmodule /Applications/Xcode.app/Contents/Developer/Toolchains/XcodeDefault.xctoolchain/usr/lib/swift/macosx/prebuilt-modules/26.5/DeveloperToolsSupport.swiftmodule/arm64e-apple-macos.swiftmodule /Applications/Xcode.app/Contents/Developer/Toolchains/XcodeDefault.xctoolchain/usr/lib/swift/macosx/prebuilt-modules/26.5/CoreFoundation.swiftmodule/arm64e-apple-macos.swiftmodule /Applications/Xcode.app/Contents/Developer/Toolchains/XcodeDefault.xctoolchain/usr/lib/swift/macosx/prebuilt-modules/26.5/CoreVideo.swiftmodule/arm64e-apple-macos.swiftmodule /Applications/Xcode.app/Contents/Developer/Toolchains/XcodeDefault.xctoolchain/usr/lib/swift/macosx/prebuilt-modules/26.5/CoreAudio.swiftmodule/arm64e-apple-macos.swiftmodule /Applications/Xcode.app/Contents/Developer/Toolchains/XcodeDefault.xctoolchain/usr/lib/swift/macosx/prebuilt-modules/26.5/CoreGraphics.swiftmodule/arm64e-apple-macos.swiftmodule /Applications/Xcode.app/Contents/Developer/Toolchains/XcodeDefault.xctoolchain/usr/lib/swift/macosx/prebuilt-modules/26.5/Distributed.swiftmodule/arm64e-apple-macos.swiftmodule /Applications/Xcode.app/Contents/Developer/Toolchains/XcodeDefault.xctoolchain/usr/lib/swift/macosx/prebuilt-modules/26.5/SwiftUI.swiftmodule/arm64e-apple-macos.swiftmodule /Applications/Xcode.app/Contents/Developer/Toolchains/XcodeDefault.xctoolchain/usr/lib/swift/macosx/prebuilt-modules/26.5/CoreData.swiftmodule/arm64e-apple-macos.swiftmodule /Applications/Xcode.app/Contents/Developer/Toolchains/XcodeDefault.xctoolchain/usr/lib/swift/macosx/prebuilt-modules/26.5/os.swiftmodule/arm64e-apple-macos.swiftmodule /Applications/Xcode.app/Contents/Developer/Toolchains/XcodeDefault.xctoolchain/usr/lib/swift/macosx/prebuilt-modules/26.5/CoreTransferable.swiftmodule/arm64e-apple-macos.swiftmodule /Users/ataozeren/Documents/GitHub/dynamic-island-for-macbook/DerivedData/Task70Direct/Build/Products/Direct/NotchFlowProviders.swiftmodule/arm64-apple-macos.swiftmodule /Applications/Xcode.app/Contents/Developer/Toolchains/XcodeDefault.xctoolchain/usr/lib/swift/macosx/prebuilt-modules/26.5/AppKit.swiftmodule/arm64e-apple-macos.swiftmodule /Applications/Xcode.app/Contents/Developer/Toolchains/XcodeDefault.xctoolchain/usr/lib/swift/macosx/prebuilt-modules/26.5/Observation.swiftmodule/arm64e-apple-macos.swiftmodule /Applications/Xcode.app/Contents/Developer/Toolchains/XcodeDefault.xctoolchain/usr/lib/swift/macosx/prebuilt-modules/26.5/DataDetection.swiftmodule/arm64e-apple-macos.swiftmodule /Applications/Xcode.app/Contents/Developer/Toolchains/XcodeDefault.xctoolchain/usr/lib/swift/macosx/prebuilt-modules/26.5/Symbols.swiftmodule/arm64e-apple-macos.swiftmodule /Applications/Xcode.app/Contents/Developer/Toolchains/XcodeDefault.xctoolchain/usr/lib/swift/macosx/prebuilt-modules/26.5/Accessibility.swiftmodule/arm64e-apple-macos.swiftmodule /Applications/Xcode.app/Contents/Developer/Toolchains/XcodeDefault.xctoolchain/usr/lib/swift/macosx/prebuilt-modules/26.5/_Builtin_float.swiftmodule/arm64e-apple-macos.swiftmodule /Applications/Xcode.app/Contents/Developer/Toolchains/XcodeDefault.xctoolchain/usr/lib/swift/macosx/prebuilt-modules/26.5/QuartzCore.swiftmodule/arm64e-apple-macos.swiftmodule /Applications/Xcode.app/Contents/Developer/Toolchains/XcodeDefault.xctoolchain/usr/lib/swift/macosx/prebuilt-modules/26.5/CoreText.swiftmodule/arm64e-apple-macos.swiftmodule /Users/ataozeren/Documents/GitHub/dynamic-island-for-macbook/DerivedData/Task70Direct/Build/Products/Direct/NotchFlowUI.swiftmodule/arm64-apple-macos.swiftmodule /Applications/Xcode.app/Contents/Developer/Toolchains/XcodeDefault.xctoolchain/usr/lib/swift/macosx/prebuilt-modules/26.5/CoreImage.swiftmodule/arm64e-apple-macos.swiftmodule /Applications/Xcode.app/Contents/Developer/Toolchains/XcodeDefault.xctoolchain/usr/lib/swift/macosx/prebuilt-modules/26.5/OSLog.swiftmodule/arm64e-apple-macos.swiftmodule /Applications/Xcode.app/Contents/Developer/Toolchains/XcodeDefault.xctoolchain/usr/lib/swift/macosx/prebuilt-modules/26.5/Swift.swiftmodule/arm64e-apple-macos.swiftmodule /Applications/Xcode.app/Contents/Developer/Toolchains/XcodeDefault.xctoolchain/usr/lib/swift/macosx/prebuilt-modules/26.5/Darwin.swiftmodule/arm64e-apple-macos.swiftmodule /Applications/Xcode.app/Contents/Developer/Toolchains/XcodeDefault.xctoolchain/usr/lib/swift/macosx/prebuilt-modules/26.5/_DarwinFoundation1.swiftmodule/arm64e-apple-macos.swiftmodule /Applications/Xcode.app/Contents/Developer/Toolchains/XcodeDefault.xctoolchain/usr/lib/swift/macosx/prebuilt-modules/26.5/_Concurrency.swiftmodule/arm64e-apple-macos.swiftmodule /Applications/Xcode.app/Contents/Developer/Toolchains/XcodeDefault.xctoolchain/usr/lib/swift/macosx/prebuilt-modules/26.5/_StringProcessing.swiftmodule/arm64e-apple-macos.swiftmodule /Applications/Xcode.app/Contents/Developer/Toolchains/XcodeDefault.xctoolchain/usr/lib/swift/macosx/prebuilt-modules/26.5/simd.swiftmodule/arm64e-apple-macos.swiftmodule /Applications/Xcode.app/Contents/Developer/Toolchains/XcodeDefault.xctoolchain/usr/lib/swift/macosx/prebuilt-modules/26.5/IOKit.swiftmodule/arm64e-apple-macos.swiftmodule /Applications/Xcode.app/Contents/Developer/Toolchains/XcodeDefault.xctoolchain/usr/lib/swift/macosx/prebuilt-modules/26.5/XPC.swiftmodule/arm64e-apple-macos.swiftmodule /Applications/Xcode.app/Contents/Developer/Toolchains/XcodeDefault.xctoolchain/usr/lib/swift/macosx/prebuilt-modules/26.5/Spatial.swiftmodule/arm64e-apple-macos.swiftmodule /Applications/Xcode.app/Contents/Developer/Toolchains/XcodeDefault.xctoolchain/usr/lib/swift/macosx/prebuilt-modules/26.5/Network.swiftmodule/arm64e-apple-macos.swiftmodule /Applications/Xcode.app/Contents/Developer/Toolchains/XcodeDefault.xctoolchain/usr/lib/swift/macosx/prebuilt-modules/26.5/UniformTypeIdentifiers.swiftmodule/arm64e-apple-macos.swiftmodule /Applications/Xcode.app/Contents/Developer/Toolchains/XcodeDefault.xctoolchain/usr/lib/swift/macosx/prebuilt-modules/26.5/_DarwinFoundation2.swiftmodule/arm64e-apple-macos.swiftmodule /Applications/Xcode.app/Contents/Developer/Toolchains/XcodeDefault.xctoolchain/usr/lib/swift/macosx/prebuilt-modules/26.5/System.swiftmodule/arm64e-apple-macos.swiftmodule /Applications/Xcode.app/Contents/Developer/Toolchains/XcodeDefault.xctoolchain/usr/lib/swift/macosx/prebuilt-modules/26.5/Metal.swiftmodule/arm64e-apple-macos.swiftmodule /Applications/Xcode.app/Contents/Developer/Toolchains/XcodeDefault.xctoolchain/usr/lib/swift/macosx/prebuilt-modules/26.5/Synchronization.swiftmodule/arm64e-apple-macos.swiftmodule /Users/ataozeren/Documents/GitHub/dynamic-island-for-macbook/DerivedData/Task70Direct/Build/Products/Direct/NotchFlowCore.swiftmodule/arm64-apple-macos.swiftmodule /Applications/Xcode.app/Contents/Developer/Toolchains/XcodeDefault.xctoolchain/usr/lib/swift/macosx/prebuilt-modules/26.5/Foundation.swiftmodule/arm64e-apple-macos.swiftmodule /Applications/Xcode.app/Contents/Developer/Toolchains/XcodeDefault.xctoolchain/usr/lib/swift/macosx/prebuilt-modules/26.5/SwiftUICore.swiftmodule/arm64e-apple-macos.swiftmodule /Applications/Xcode.app/Contents/Developer/Toolchains/XcodeDefault.xctoolchain/usr/lib/swift/macosx/prebuilt-modules/26.5/ObjectiveC.swiftmodule/arm64e-apple-macos.swiftmodule /Applications/Xcode.app/Contents/Developer/Toolchains/XcodeDefault.xctoolchain/usr/lib/swift/macosx/prebuilt-modules/26.5/Combine.swiftmodule/arm64e-apple-macos.swiftmodule /Users/ataozeren/Documents/GitHub/dynamic-island-for-macbook/DerivedData/Task70Direct/ModuleCache.noindex/_Builtin_intrinsics-1J39YFO36008I4L4IQP81TWKX.pcm /Users/ataozeren/Documents/GitHub/dynamic-island-for-macbook/DerivedData/Task70Direct/ModuleCache.noindex/AppKit-BGOUMN52VP4DWU3C2DZBGQQWA.pcm /Users/ataozeren/Documents/GitHub/dynamic-island-for-macbook/DerivedData/Task70Direct/ModuleCache.noindex/_DarwinFoundation2-3YAW2943311FHY0N3VTWFA3GG.pcm /Users/ataozeren/Documents/GitHub/dynamic-island-for-macbook/DerivedData/Task70Direct/ModuleCache.noindex/Foundation-CRWTAVYG0P2YA2PAK8255DWRI.pcm /Users/ataozeren/Documents/GitHub/dynamic-island-for-macbook/DerivedData/Task70Direct/ModuleCache.noindex/ObjectiveC-6SPMYYI0AKJLQWFTZ2MP3MVP0.pcm /Users/ataozeren/Documents/GitHub/dynamic-island-for-macbook/DerivedData/Task70Direct/ModuleCache.noindex/ColorSync-3NNCEIL17RCREQIY1BX9FL6MY.pcm /Users/ataozeren/Documents/GitHub/dynamic-island-for-macbook/DerivedData/Task70Direct/ModuleCache.noindex/CoreText-1WF7TSHKKH7TGT9EJUI23EE07.pcm /Users/ataozeren/Documents/GitHub/dynamic-island-for-macbook/DerivedData/Task70Direct/ModuleCache.noindex/SwiftUICore-AL6W4AV7MSJZ7YG8NREFFVXSD.pcm /Users/ataozeren/Documents/GitHub/dynamic-island-for-macbook/DerivedData/Task70Direct/ModuleCache.noindex/CoreTransferable-E3Z3PVJGJVUIZUIN820Q7J86I.pcm /Users/ataozeren/Documents/GitHub/dynamic-island-for-macbook/DerivedData/Task70Direct/ModuleCache.noindex/OpenGL-2PBH2TTT0D0DDM7C4MDA9HVH3.pcm /Users/ataozeren/Documents/GitHub/dynamic-island-for-macbook/DerivedData/Task70Direct/ModuleCache.noindex/_Builtin_limits-C21WOLVZLNUZAPXVEH0ESSSDC.pcm /Users/ataozeren/Documents/GitHub/dynamic-island-for-macbook/DerivedData/Task70Direct/ModuleCache.noindex/ImageIO-1YG68YHTZBOL0GSKY24MNPERV.pcm /Users/ataozeren/Documents/GitHub/dynamic-island-for-macbook/DerivedData/Task70Direct/ModuleCache.noindex/Spatial-CULLK36CPPVP2MKIUZVE13TGY.pcm /Users/ataozeren/Documents/GitHub/dynamic-island-for-macbook/DerivedData/Task70Direct/ModuleCache.noindex/CoreImage-ANJSZQ2H0OI1TWWD93KQU9220.pcm /Users/ataozeren/Documents/GitHub/dynamic-island-for-macbook/DerivedData/Task70Direct/ModuleCache.noindex/_AvailabilityInternal-E74N6S8JJ0NW92RF4D53OEUZW.pcm /Users/ataozeren/Documents/GitHub/dynamic-island-for-macbook/DerivedData/Task70Direct/ModuleCache.noindex/QuartzCore-8L3OB3JYSVN2HZAP2NXR06MRS.pcm /Users/ataozeren/Documents/GitHub/dynamic-island-for-macbook/DerivedData/Task70Direct/ModuleCache.noindex/os_workgroup-E2LNC57S7PI4CZRVEM0BO9YEH.pcm /Users/ataozeren/Documents/GitHub/dynamic-island-for-macbook/DerivedData/Task70Direct/ModuleCache.noindex/ScriptingBridge-1KS6ZC94XI7FR5MF7AHLOO955.pcm /Users/ataozeren/Documents/GitHub/dynamic-island-for-macbook/DerivedData/Task70Direct/ModuleCache.noindex/dnssd-1WM8LR8FP2F8Y13U590SYMEMU.pcm /Users/ataozeren/Documents/GitHub/dynamic-island-for-macbook/DerivedData/Task70Direct/ModuleCache.noindex/Network-7BLN0SNG8P6L4SM9AUMZC54DY.pcm /Users/ataozeren/Documents/GitHub/dynamic-island-for-macbook/DerivedData/Task70Direct/ModuleCache.noindex/libkern-BBMZQV70KYU5Z5C07W5OYN0S6.pcm /Users/ataozeren/Documents/GitHub/dynamic-island-for-macbook/DerivedData/Task70Direct/ModuleCache.noindex/ptrauth-3HLYMQ9I4YXXF9V7T01K82A8R.pcm /Users/ataozeren/Documents/GitHub/dynamic-island-for-macbook/DerivedData/Task70Direct/ModuleCache.noindex/OSLog-DMONSZP0WMT64CPGBIE2FF6V3.pcm /Users/ataozeren/Documents/GitHub/dynamic-island-for-macbook/DerivedData/Task70Direct/ModuleCache.noindex/_Builtin_stdint-9RDHYC29RBEVYDVPISEV8G7SL.pcm /Users/ataozeren/Documents/GitHub/dynamic-island-for-macbook/DerivedData/Task70Direct/ModuleCache.noindex/_Builtin_inttypes-BX8GATVIAENO3CV65VE9GXVZ6.pcm /Users/ataozeren/Documents/GitHub/dynamic-island-for-macbook/DerivedData/Task70Direct/ModuleCache.noindex/DeveloperToolsSupport-BAIIQRTKDZAWJ9DDMMI1BSF1S.pcm /Users/ataozeren/Documents/GitHub/dynamic-island-for-macbook/DerivedData/Task70Direct/ModuleCache.noindex/IOKit-E4MUFT3NQ2CNW9VKS8HTKDZBT.pcm /Users/ataozeren/Documents/GitHub/dynamic-island-for-macbook/DerivedData/Task70Direct/ModuleCache.noindex/Accessibility-4SAR0GFG3I3LCN998R3XQI8I9.pcm /Users/ataozeren/Documents/GitHub/dynamic-island-for-macbook/DerivedData/Task70Direct/ModuleCache.noindex/SwiftUI-CQCTG6K8RMT9Q5NQ8KJUDWW7P.pcm /Users/ataozeren/Documents/GitHub/dynamic-island-for-macbook/DerivedData/Task70Direct/ModuleCache.noindex/DataDetection-1F2YR1SAQW0QVDTKR08FQYISC.pcm /Users/ataozeren/Documents/GitHub/dynamic-island-for-macbook/DerivedData/Task70Direct/ModuleCache.noindex/CFNetwork-3U55IY0Q2UFL9BEWCJWKTBYU3.pcm /Users/ataozeren/Documents/GitHub/dynamic-island-for-macbook/DerivedData/Task70Direct/ModuleCache.noindex/_Builtin_float-18GV4MZY7LL94H3D2IIJ0IGZS.pcm /Users/ataozeren/Documents/GitHub/dynamic-island-for-macbook/DerivedData/Task70Direct/ModuleCache.noindex/CUPS-7CB47KG5EQP9CEJJ6HLN0B791.pcm /Users/ataozeren/Documents/GitHub/dynamic-island-for-macbook/DerivedData/Task70Direct/ModuleCache.noindex/XPC-9KP7NDL6VP7NKTVYVIJUHIIHI.pcm /Users/ataozeren/Documents/GitHub/dynamic-island-for-macbook/DerivedData/Task70Direct/ModuleCache.noindex/sys_types-DR56ZZ0CDXM82BGJDP8LRXF19.pcm /Users/ataozeren/Documents/GitHub/dynamic-island-for-macbook/DerivedData/Task70Direct/ModuleCache.noindex/CoreAudio-32RGNHI8UKCW2GALF7M7Y2KR2.pcm /Users/ataozeren/Documents/GitHub/dynamic-island-for-macbook/DerivedData/Task70Direct/ModuleCache.noindex/_DarwinFoundation3-4WJNBWBSRT7IPPEMHLBSJ6L6D.pcm /Users/ataozeren/Documents/GitHub/dynamic-island-for-macbook/DerivedData/Task70Direct/ModuleCache.noindex/Security-CTH5TIWHV7H75X9HQVN0R9G7D.pcm /Users/ataozeren/Documents/GitHub/dynamic-island-for-macbook/DerivedData/Task70Direct/ModuleCache.noindex/DiskArbitration-DRP23AMM1FV89FTR4P08A7Q7U.pcm /Users/ataozeren/Documents/GitHub/dynamic-island-for-macbook/DerivedData/Task70Direct/ModuleCache.noindex/ApplicationServices-4N6JGXKNRU2LRZY0KO1YFFYI2.pcm /Users/ataozeren/Documents/GitHub/dynamic-island-for-macbook/DerivedData/Task70Direct/ModuleCache.noindex/Symbols-EFCOZXTGJO70ALK9BLQ8VBVUO.pcm /Users/ataozeren/Documents/GitHub/dynamic-island-for-macbook/DerivedData/Task70Direct/ModuleCache.noindex/Dispatch-244WLRO3949E8GAKD5ENI85K.pcm /Users/ataozeren/Documents/GitHub/dynamic-island-for-macbook/DerivedData/Task70Direct/ModuleCache.noindex/CoreFoundation-4SYNKHO9Q9KUFRFGC23SG7SD6.pcm /Users/ataozeren/Documents/GitHub/dynamic-island-for-macbook/DerivedData/Task70Direct/ModuleCache.noindex/_Builtin_stddef-A1FLNCVFVUUB3JMGC8BNZSPLE.pcm /Users/ataozeren/Documents/GitHub/dynamic-island-for-macbook/DerivedData/Task70Direct/ModuleCache.noindex/launch-2OH71A6O0LQE67J1E717ZQT0N.pcm /Users/ataozeren/Documents/GitHub/dynamic-island-for-macbook/DerivedData/Task70Direct/ModuleCache.noindex/_SwiftConcurrencyShims-E34GK6IFIO3RB0WCJKB2RO1XA.pcm /Users/ataozeren/Documents/GitHub/dynamic-island-for-macbook/DerivedData/Task70Direct/ModuleCache.noindex/MachO-93S4LGMLINT0F4XOJS7Y8FSI.pcm /Users/ataozeren/Documents/GitHub/dynamic-island-for-macbook/DerivedData/Task70Direct/ModuleCache.noindex/Darwin-6V9R0HAT8T7075AYTZSX0F3L9.pcm /Users/ataozeren/Documents/GitHub/dynamic-island-for-macbook/DerivedData/Task70Direct/ModuleCache.noindex/CoreGraphics-ADPE1GKFQMUG291VEEZXEUVNY.pcm /Users/ataozeren/Documents/GitHub/dynamic-island-for-macbook/DerivedData/Task70Direct/ModuleCache.noindex/IOSurface-C9OA2W14X6CW259PPPZ6QQTOX.pcm /Users/ataozeren/Documents/GitHub/dynamic-island-for-macbook/DerivedData/Task70Direct/ModuleCache.noindex/CoreVideo-1MVJ69G032XKKBQX3JFOLUK6T.pcm /Users/ataozeren/Documents/GitHub/dynamic-island-for-macbook/DerivedData/Task70Direct/ModuleCache.noindex/libDER-66HDPKJIOC4ZK0UBUM8YFODIH.pcm /Users/ataozeren/Documents/GitHub/dynamic-island-for-macbook/DerivedData/Task70Direct/ModuleCache.noindex/UniformTypeIdentifiers-7V5VP9ZIYJ1P1UXOHG0PS2GL3.pcm /Users/ataozeren/Documents/GitHub/dynamic-island-for-macbook/DerivedData/Task70Direct/ModuleCache.noindex/SwiftShims-AIX0I9MLFFSMXS3M32RT193PV.pcm /Users/ataozeren/Documents/GitHub/dynamic-island-for-macbook/DerivedData/Task70Direct/ModuleCache.noindex/_Builtin_stdbool-5KSWMONT07WWW01QWAFTA0A23.pcm /Users/ataozeren/Documents/GitHub/dynamic-island-for-macbook/DerivedData/Task70Direct/ModuleCache.noindex/CoreAudioTypes-D29QSEMV8NHETV0SP3K53QTYC.pcm /Users/ataozeren/Documents/GitHub/dynamic-island-for-macbook/DerivedData/Task70Direct/ModuleCache.noindex/Metal-2YCJZMOUW1DZTA542JY7STADO.pcm /Users/ataozeren/Documents/GitHub/dynamic-island-for-macbook/DerivedData/Task70Direct/ModuleCache.noindex/_Builtin_stdarg-6LQCW3D9LOO5H40E3M8A59WGY.pcm /Users/ataozeren/Documents/GitHub/dynamic-island-for-macbook/DerivedData/Task70Direct/ModuleCache.noindex/_DarwinFoundation1-6WZIR4AU338PT1AN061QEHBDX.pcm /Users/ataozeren/Documents/GitHub/dynamic-island-for-macbook/DerivedData/Task70Direct/ModuleCache.noindex/os-8HHFMKJ1JI5N2GDS4HDGU41VV.pcm /Users/ataozeren/Documents/GitHub/dynamic-island-for-macbook/DerivedData/Task70Direct/ModuleCache.noindex/os_object-4H4CBUV9NWW6M5OW0UPB30EI8.pcm /Users/ataozeren/Documents/GitHub/dynamic-island-for-macbook/DerivedData/Task70Direct/ModuleCache.noindex/CoreData-BYSFZEO8W9ON6PI6OJXUY4HJG.pcm /Users/ataozeren/Documents/GitHub/dynamic-island-for-macbook/DerivedData/Task70Direct/ModuleCache.noindex/ptrcheck-CPFO0UN9HUDUP4O3Q3A1S0ETY.pcm /Users/ataozeren/Documents/GitHub/dynamic-island-for-macbook/DerivedData/Task70Direct/ModuleCache.noindex/simd-3F6UC4DCP8QLMDEHNUM6TGF35.pcm /Users/ataozeren/Documents/GitHub/dynamic-island-for-macbook/DerivedData/Task70Direct/ModuleCache.noindex/CoreServices-16MQO91W8L7703XIVXOK153G5.pcm /Users/ataozeren/Documents/GitHub/dynamic-island-for-macbook/DerivedData/Task70Direct/ModuleCache.noindex/_Builtin_stdatomic-B5K0CT2MYMOJ68EOT9VD6HGG2.pcm /Users/ataozeren/Documents/GitHub/dynamic-island-for-macbook/DerivedData/Task70Direct/ModuleCache.noindex/_Builtin_tgmath-79HFGC29DOIFB9Z5Y688DT7O0.pcm /Users/ataozeren/Documents/GitHub/dynamic-island-for-macbook/DerivedData/Task70Direct/Build/Intermediates.noindex/NotchFlow.build/Direct/NotchFlow.build/Objects-normal/arm64/NotchFlow-dependencies-2.json (in target 'NotchFlow' from project 'NotchFlow' at path '/Users/ataozeren/Documents/GitHub/dynamic-island-for-macbook/NotchFlow.xcodeproj')
CompileSwift normal arm64 (in target 'NotchFlow' from project 'NotchFlow' at path '/Users/ataozeren/Documents/GitHub/dynamic-island-for-macbook/NotchFlow.xcodeproj')
    cd /Users/ataozeren/Documents/GitHub/dynamic-island-for-macbook


SwiftDriverJobDiscovery normal x86_64 Compiling NotchFlowApp.swift, SystemNowPlayingBridge+Direct.swift, MediaRemoteMusicProvider.swift, MusicBackend.swift, URLSchemeReceiver.swift, OnboardingPresenter.swift, GeneratedAssetSymbols.swift (in target 'NotchFlow' from project 'NotchFlow' at path '/Users/ataozeren/Documents/GitHub/dynamic-island-for-macbook/NotchFlow.xcodeproj')

SwiftDriver\ Compilation\ Requirements NotchFlow normal x86_64 com.apple.xcode.tools.swift.compiler (in target 'NotchFlow' from project 'NotchFlow' at path '/Users/ataozeren/Documents/GitHub/dynamic-island-for-macbook/NotchFlow.xcodeproj')
    cd /Users/ataozeren/Documents/GitHub/dynamic-island-for-macbook
    builtin-Swift-Compilation-Requirements -- /Applications/Xcode.app/Contents/Developer/Toolchains/XcodeDefault.xctoolchain/usr/bin/swiftc -module-name NotchFlow -O -whole-module-optimization @/Users/ataozeren/Documents/GitHub/dynamic-island-for-macbook/DerivedData/Task70Direct/Build/Intermediates.noindex/NotchFlow.build/Direct/NotchFlow.build/Objects-normal/x86_64/NotchFlow.SwiftFileList -DDIRECT_BUILD -enable-experimental-feature DebugDescriptionMacro -sdk /Applications/Xcode.app/Contents/Developer/Platforms/MacOSX.platform/Developer/SDKs/MacOSX26.5.sdk -target x86_64-apple-macos14.0 -g -module-cache-path /Users/ataozeren/Documents/GitHub/dynamic-island-for-macbook/DerivedData/Task70Direct/ModuleCache.noindex -Xfrontend -serialize-debugging-options -swift-version 6 -I /Users/ataozeren/Documents/GitHub/dynamic-island-for-macbook/DerivedData/Task70Direct/Build/Products/Direct -F /Users/ataozeren/Documents/GitHub/dynamic-island-for-macbook/DerivedData/Task70Direct/Build/Products/Direct/PackageFrameworks -F /Users/ataozeren/Documents/GitHub/dynamic-island-for-macbook/DerivedData/Task70Direct/Build/Products/Direct/PackageFrameworks -F /Users/ataozeren/Documents/GitHub/dynamic-island-for-macbook/DerivedData/Task70Direct/Build/Products/Direct/PackageFrameworks -F /Users/ataozeren/Documents/GitHub/dynamic-island-for-macbook/DerivedData/Task70Direct/Build/Products/Direct -emit-localized-strings -emit-localized-strings-path /Users/ataozeren/Documents/GitHub/dynamic-island-for-macbook/DerivedData/Task70Direct/Build/Intermediates.noindex/NotchFlow.build/Direct/NotchFlow.build/Objects-normal/x86_64 -c -num-threads 10 -Xcc -ivfsstatcache -Xcc /Users/ataozeren/Documents/GitHub/dynamic-island-for-macbook/DerivedData/Task70Direct/SDKStatCaches.noindex/macosx26.5-25F70-e082c4a02f00227109f4ed75e425c832.sdkstatcache -output-file-map /Users/ataozeren/Documents/GitHub/dynamic-island-for-macbook/DerivedData/Task70Direct/Build/Intermediates.noindex/NotchFlow.build/Direct/NotchFlow.build/Objects-normal/x86_64/NotchFlow-OutputFileMap.json -use-frontend-parseable-output -save-temps -no-color-diagnostics -explicit-module-build -module-cache-path /Users/ataozeren/Documents/GitHub/dynamic-island-for-macbook/DerivedData/Task70Direct/Build/Intermediates.noindex/SwiftExplicitPrecompiledModules -clang-scanner-module-cache-path /Users/ataozeren/Documents/GitHub/dynamic-island-for-macbook/DerivedData/Task70Direct/ModuleCache.noindex -sdk-module-cache-path /Users/ataozeren/Documents/GitHub/dynamic-island-for-macbook/DerivedData/Task70Direct/ModuleCache.noindex -serialize-diagnostics -emit-dependencies -emit-module -emit-module-path /Users/ataozeren/Documents/GitHub/dynamic-island-for-macbook/DerivedData/Task70Direct/Build/Intermediates.noindex/NotchFlow.build/Direct/NotchFlow.build/Objects-normal/x86_64/NotchFlow.swiftmodule -validate-clang-modules-once -clang-build-session-file /Users/ataozeren/Documents/GitHub/dynamic-island-for-macbook/DerivedData/Task70Direct/ModuleCache.noindex/Session.modulevalidation -Xcc -I/Users/ataozeren/Documents/GitHub/dynamic-island-for-macbook/DerivedData/Task70Direct/Build/Intermediates.noindex/NotchFlow.build/Direct/NotchFlow.build/swift-overrides.hmap -emit-const-values -Xfrontend -const-gather-protocols-file -Xfrontend /Users/ataozeren/Documents/GitHub/dynamic-island-for-macbook/DerivedData/Task70Direct/Build/Intermediates.noindex/NotchFlow.build/Direct/NotchFlow.build/Objects-normal/x86_64/NotchFlow_const_extract_protocols.json -Xcc -iquote -Xcc /Users/ataozeren/Documents/GitHub/dynamic-island-for-macbook/DerivedData/Task70Direct/Build/Intermediates.noindex/NotchFlow.build/Direct/NotchFlow.build/NotchFlow-generated-files.hmap -Xcc -I/Users/ataozeren/Documents/GitHub/dynamic-island-for-macbook/DerivedData/Task70Direct/Build/Intermediates.noindex/NotchFlow.build/Direct/NotchFlow.build/NotchFlow-own-target-headers.hmap -Xcc -I/Users/ataozeren/Documents/GitHub/dynamic-island-for-macbook/DerivedData/Task70Direct/Build/Intermediates.noindex/NotchFlow.build/Direct/NotchFlow.build/NotchFlow-all-non-framework-target-headers.hmap -Xcc -ivfsoverlay -Xcc /Users/ataozeren/Documents/GitHub/dynamic-island-for-macbook/DerivedData/Task70Direct/Build/Intermediates.noindex/NotchFlow.build/Direct/NotchFlow-8dfbf98c425527fa41fb40fbf77486ea-VFS/all-product-headers.yaml -Xcc -iquote -Xcc /Users/ataozeren/Documents/GitHub/dynamic-island-for-macbook/DerivedData/Task70Direct/Build/Intermediates.noindex/NotchFlow.build/Direct/NotchFlow.build/NotchFlow-project-headers.hmap -Xcc -I/Users/ataozeren/Documents/GitHub/dynamic-island-for-macbook/DerivedData/Task70Direct/Build/Products/Direct/include -Xcc -I/Users/ataozeren/Documents/GitHub/dynamic-island-for-macbook/DerivedData/Task70Direct/Build/Intermediates.noindex/NotchFlow.build/Direct/NotchFlow.build/DerivedSources-normal/x86_64 -Xcc -I/Users/ataozeren/Documents/GitHub/dynamic-island-for-macbook/DerivedData/Task70Direct/Build/Intermediates.noindex/NotchFlow.build/Direct/NotchFlow.build/DerivedSources/x86_64 -Xcc -I/Users/ataozeren/Documents/GitHub/dynamic-island-for-macbook/DerivedData/Task70Direct/Build/Intermediates.noindex/NotchFlow.build/Direct/NotchFlow.build/DerivedSources -emit-objc-header -emit-objc-header-path /Users/ataozeren/Documents/GitHub/dynamic-island-for-macbook/DerivedData/Task70Direct/Build/Intermediates.noindex/NotchFlow.build/Direct/NotchFlow.build/Objects-normal/x86_64/NotchFlow-Swift.h -working-directory /Users/ataozeren/Documents/GitHub/dynamic-island-for-macbook -no-emit-module-separately-wmo

Copy /Users/ataozeren/Documents/GitHub/dynamic-island-for-macbook/DerivedData/Task70Direct/Build/Products/Direct/NotchFlow.swiftmodule/x86_64-apple-macos.swiftmodule /Users/ataozeren/Documents/GitHub/dynamic-island-for-macbook/DerivedData/Task70Direct/Build/Intermediates.noindex/NotchFlow.build/Direct/NotchFlow.build/Objects-normal/x86_64/NotchFlow.swiftmodule (in target 'NotchFlow' from project 'NotchFlow' at path '/Users/ataozeren/Documents/GitHub/dynamic-island-for-macbook/NotchFlow.xcodeproj')
    cd /Users/ataozeren/Documents/GitHub/dynamic-island-for-macbook
    builtin-copy -exclude .DS_Store -exclude CVS -exclude .svn -exclude .git -exclude .hg -resolve-src-symlinks -rename /Users/ataozeren/Documents/GitHub/dynamic-island-for-macbook/DerivedData/Task70Direct/Build/Intermediates.noindex/NotchFlow.build/Direct/NotchFlow.build/Objects-normal/x86_64/NotchFlow.swiftmodule /Users/ataozeren/Documents/GitHub/dynamic-island-for-macbook/DerivedData/Task70Direct/Build/Products/Direct/NotchFlow.swiftmodule/x86_64-apple-macos.swiftmodule

Copy /Users/ataozeren/Documents/GitHub/dynamic-island-for-macbook/DerivedData/Task70Direct/Build/Products/Direct/NotchFlow.swiftmodule/x86_64-apple-macos.swiftdoc /Users/ataozeren/Documents/GitHub/dynamic-island-for-macbook/DerivedData/Task70Direct/Build/Intermediates.noindex/NotchFlow.build/Direct/NotchFlow.build/Objects-normal/x86_64/NotchFlow.swiftdoc (in target 'NotchFlow' from project 'NotchFlow' at path '/Users/ataozeren/Documents/GitHub/dynamic-island-for-macbook/NotchFlow.xcodeproj')
    cd /Users/ataozeren/Documents/GitHub/dynamic-island-for-macbook
    builtin-copy -exclude .DS_Store -exclude CVS -exclude .svn -exclude .git -exclude .hg -resolve-src-symlinks -rename /Users/ataozeren/Documents/GitHub/dynamic-island-for-macbook/DerivedData/Task70Direct/Build/Intermediates.noindex/NotchFlow.build/Direct/NotchFlow.build/Objects-normal/x86_64/NotchFlow.swiftdoc /Users/ataozeren/Documents/GitHub/dynamic-island-for-macbook/DerivedData/Task70Direct/Build/Products/Direct/NotchFlow.swiftmodule/x86_64-apple-macos.swiftdoc

Copy /Users/ataozeren/Documents/GitHub/dynamic-island-for-macbook/DerivedData/Task70Direct/Build/Products/Direct/NotchFlow.swiftmodule/x86_64-apple-macos.abi.json /Users/ataozeren/Documents/GitHub/dynamic-island-for-macbook/DerivedData/Task70Direct/Build/Intermediates.noindex/NotchFlow.build/Direct/NotchFlow.build/Objects-normal/x86_64/NotchFlow.abi.json (in target 'NotchFlow' from project 'NotchFlow' at path '/Users/ataozeren/Documents/GitHub/dynamic-island-for-macbook/NotchFlow.xcodeproj')
    cd /Users/ataozeren/Documents/GitHub/dynamic-island-for-macbook
    builtin-copy -exclude .DS_Store -exclude CVS -exclude .svn -exclude .git -exclude .hg -resolve-src-symlinks -rename /Users/ataozeren/Documents/GitHub/dynamic-island-for-macbook/DerivedData/Task70Direct/Build/Intermediates.noindex/NotchFlow.build/Direct/NotchFlow.build/Objects-normal/x86_64/NotchFlow.abi.json /Users/ataozeren/Documents/GitHub/dynamic-island-for-macbook/DerivedData/Task70Direct/Build/Products/Direct/NotchFlow.swiftmodule/x86_64-apple-macos.abi.json

Copy /Users/ataozeren/Documents/GitHub/dynamic-island-for-macbook/DerivedData/Task70Direct/Build/Products/Direct/NotchFlow.swiftmodule/Project/x86_64-apple-macos.swiftsourceinfo /Users/ataozeren/Documents/GitHub/dynamic-island-for-macbook/DerivedData/Task70Direct/Build/Intermediates.noindex/NotchFlow.build/Direct/NotchFlow.build/Objects-normal/x86_64/NotchFlow.swiftsourceinfo (in target 'NotchFlow' from project 'NotchFlow' at path '/Users/ataozeren/Documents/GitHub/dynamic-island-for-macbook/NotchFlow.xcodeproj')
    cd /Users/ataozeren/Documents/GitHub/dynamic-island-for-macbook
    builtin-copy -exclude .DS_Store -exclude CVS -exclude .svn -exclude .git -exclude .hg -resolve-src-symlinks -rename /Users/ataozeren/Documents/GitHub/dynamic-island-for-macbook/DerivedData/Task70Direct/Build/Intermediates.noindex/NotchFlow.build/Direct/NotchFlow.build/Objects-normal/x86_64/NotchFlow.swiftsourceinfo /Users/ataozeren/Documents/GitHub/dynamic-island-for-macbook/DerivedData/Task70Direct/Build/Products/Direct/NotchFlow.swiftmodule/Project/x86_64-apple-macos.swiftsourceinfo

SwiftDriverJobDiscovery normal arm64 Compiling NotchFlowApp.swift, SystemNowPlayingBridge+Direct.swift, MediaRemoteMusicProvider.swift, MusicBackend.swift, URLSchemeReceiver.swift, OnboardingPresenter.swift, GeneratedAssetSymbols.swift (in target 'NotchFlow' from project 'NotchFlow' at path '/Users/ataozeren/Documents/GitHub/dynamic-island-for-macbook/NotchFlow.xcodeproj')

SwiftDriver\ Compilation\ Requirements NotchFlow normal arm64 com.apple.xcode.tools.swift.compiler (in target 'NotchFlow' from project 'NotchFlow' at path '/Users/ataozeren/Documents/GitHub/dynamic-island-for-macbook/NotchFlow.xcodeproj')
    cd /Users/ataozeren/Documents/GitHub/dynamic-island-for-macbook
    builtin-Swift-Compilation-Requirements -- /Applications/Xcode.app/Contents/Developer/Toolchains/XcodeDefault.xctoolchain/usr/bin/swiftc -module-name NotchFlow -O -whole-module-optimization @/Users/ataozeren/Documents/GitHub/dynamic-island-for-macbook/DerivedData/Task70Direct/Build/Intermediates.noindex/NotchFlow.build/Direct/NotchFlow.build/Objects-normal/arm64/NotchFlow.SwiftFileList -DDIRECT_BUILD -enable-experimental-feature DebugDescriptionMacro -sdk /Applications/Xcode.app/Contents/Developer/Platforms/MacOSX.platform/Developer/SDKs/MacOSX26.5.sdk -target arm64-apple-macos14.0 -g -module-cache-path /Users/ataozeren/Documents/GitHub/dynamic-island-for-macbook/DerivedData/Task70Direct/ModuleCache.noindex -Xfrontend -serialize-debugging-options -swift-version 6 -I /Users/ataozeren/Documents/GitHub/dynamic-island-for-macbook/DerivedData/Task70Direct/Build/Products/Direct -F /Users/ataozeren/Documents/GitHub/dynamic-island-for-macbook/DerivedData/Task70Direct/Build/Products/Direct/PackageFrameworks -F /Users/ataozeren/Documents/GitHub/dynamic-island-for-macbook/DerivedData/Task70Direct/Build/Products/Direct/PackageFrameworks -F /Users/ataozeren/Documents/GitHub/dynamic-island-for-macbook/DerivedData/Task70Direct/Build/Products/Direct/PackageFrameworks -F /Users/ataozeren/Documents/GitHub/dynamic-island-for-macbook/DerivedData/Task70Direct/Build/Products/Direct -emit-localized-strings -emit-localized-strings-path /Users/ataozeren/Documents/GitHub/dynamic-island-for-macbook/DerivedData/Task70Direct/Build/Intermediates.noindex/NotchFlow.build/Direct/NotchFlow.build/Objects-normal/arm64 -c -num-threads 10 -Xcc -ivfsstatcache -Xcc /Users/ataozeren/Documents/GitHub/dynamic-island-for-macbook/DerivedData/Task70Direct/SDKStatCaches.noindex/macosx26.5-25F70-e082c4a02f00227109f4ed75e425c832.sdkstatcache -output-file-map /Users/ataozeren/Documents/GitHub/dynamic-island-for-macbook/DerivedData/Task70Direct/Build/Intermediates.noindex/NotchFlow.build/Direct/NotchFlow.build/Objects-normal/arm64/NotchFlow-OutputFileMap.json -use-frontend-parseable-output -save-temps -no-color-diagnostics -explicit-module-build -module-cache-path /Users/ataozeren/Documents/GitHub/dynamic-island-for-macbook/DerivedData/Task70Direct/Build/Intermediates.noindex/SwiftExplicitPrecompiledModules -clang-scanner-module-cache-path /Users/ataozeren/Documents/GitHub/dynamic-island-for-macbook/DerivedData/Task70Direct/ModuleCache.noindex -sdk-module-cache-path /Users/ataozeren/Documents/GitHub/dynamic-island-for-macbook/DerivedData/Task70Direct/ModuleCache.noindex -serialize-diagnostics -emit-dependencies -emit-module -emit-module-path /Users/ataozeren/Documents/GitHub/dynamic-island-for-macbook/DerivedData/Task70Direct/Build/Intermediates.noindex/NotchFlow.build/Direct/NotchFlow.build/Objects-normal/arm64/NotchFlow.swiftmodule -validate-clang-modules-once -clang-build-session-file /Users/ataozeren/Documents/GitHub/dynamic-island-for-macbook/DerivedData/Task70Direct/ModuleCache.noindex/Session.modulevalidation -Xcc -I/Users/ataozeren/Documents/GitHub/dynamic-island-for-macbook/DerivedData/Task70Direct/Build/Intermediates.noindex/NotchFlow.build/Direct/NotchFlow.build/swift-overrides.hmap -emit-const-values -Xfrontend -const-gather-protocols-file -Xfrontend /Users/ataozeren/Documents/GitHub/dynamic-island-for-macbook/DerivedData/Task70Direct/Build/Intermediates.noindex/NotchFlow.build/Direct/NotchFlow.build/Objects-normal/arm64/NotchFlow_const_extract_protocols.json -Xcc -iquote -Xcc /Users/ataozeren/Documents/GitHub/dynamic-island-for-macbook/DerivedData/Task70Direct/Build/Intermediates.noindex/NotchFlow.build/Direct/NotchFlow.build/NotchFlow-generated-files.hmap -Xcc -I/Users/ataozeren/Documents/GitHub/dynamic-island-for-macbook/DerivedData/Task70Direct/Build/Intermediates.noindex/NotchFlow.build/Direct/NotchFlow.build/NotchFlow-own-target-headers.hmap -Xcc -I/Users/ataozeren/Documents/GitHub/dynamic-island-for-macbook/DerivedData/Task70Direct/Build/Intermediates.noindex/NotchFlow.build/Direct/NotchFlow.build/NotchFlow-all-non-framework-target-headers.hmap -Xcc -ivfsoverlay -Xcc /Users/ataozeren/Documents/GitHub/dynamic-island-for-macbook/DerivedData/Task70Direct/Build/Intermediates.noindex/NotchFlow.build/Direct/NotchFlow-8dfbf98c425527fa41fb40fbf77486ea-VFS/all-product-headers.yaml -Xcc -iquote -Xcc /Users/ataozeren/Documents/GitHub/dynamic-island-for-macbook/DerivedData/Task70Direct/Build/Intermediates.noindex/NotchFlow.build/Direct/NotchFlow.build/NotchFlow-project-headers.hmap -Xcc -I/Users/ataozeren/Documents/GitHub/dynamic-island-for-macbook/DerivedData/Task70Direct/Build/Products/Direct/include -Xcc -I/Users/ataozeren/Documents/GitHub/dynamic-island-for-macbook/DerivedData/Task70Direct/Build/Intermediates.noindex/NotchFlow.build/Direct/NotchFlow.build/DerivedSources-normal/arm64 -Xcc -I/Users/ataozeren/Documents/GitHub/dynamic-island-for-macbook/DerivedData/Task70Direct/Build/Intermediates.noindex/NotchFlow.build/Direct/NotchFlow.build/DerivedSources/arm64 -Xcc -I/Users/ataozeren/Documents/GitHub/dynamic-island-for-macbook/DerivedData/Task70Direct/Build/Intermediates.noindex/NotchFlow.build/Direct/NotchFlow.build/DerivedSources -emit-objc-header -emit-objc-header-path /Users/ataozeren/Documents/GitHub/dynamic-island-for-macbook/DerivedData/Task70Direct/Build/Intermediates.noindex/NotchFlow.build/Direct/NotchFlow.build/Objects-normal/arm64/NotchFlow-Swift.h -working-directory /Users/ataozeren/Documents/GitHub/dynamic-island-for-macbook -no-emit-module-separately-wmo

SwiftMergeGeneratedHeaders /Users/ataozeren/Documents/GitHub/dynamic-island-for-macbook/DerivedData/Task70Direct/Build/Intermediates.noindex/NotchFlow.build/Direct/NotchFlow.build/DerivedSources/NotchFlow-Swift.h /Users/ataozeren/Documents/GitHub/dynamic-island-for-macbook/DerivedData/Task70Direct/Build/Intermediates.noindex/NotchFlow.build/Direct/NotchFlow.build/Objects-normal/arm64/NotchFlow-Swift.h /Users/ataozeren/Documents/GitHub/dynamic-island-for-macbook/DerivedData/Task70Direct/Build/Intermediates.noindex/NotchFlow.build/Direct/NotchFlow.build/Objects-normal/x86_64/NotchFlow-Swift.h (in target 'NotchFlow' from project 'NotchFlow' at path '/Users/ataozeren/Documents/GitHub/dynamic-island-for-macbook/NotchFlow.xcodeproj')
    cd /Users/ataozeren/Documents/GitHub/dynamic-island-for-macbook
    builtin-swiftHeaderTool -arch arm64 /Users/ataozeren/Documents/GitHub/dynamic-island-for-macbook/DerivedData/Task70Direct/Build/Intermediates.noindex/NotchFlow.build/Direct/NotchFlow.build/Objects-normal/arm64/NotchFlow-Swift.h -arch x86_64 /Users/ataozeren/Documents/GitHub/dynamic-island-for-macbook/DerivedData/Task70Direct/Build/Intermediates.noindex/NotchFlow.build/Direct/NotchFlow.build/Objects-normal/x86_64/NotchFlow-Swift.h -o /Users/ataozeren/Documents/GitHub/dynamic-island-for-macbook/DerivedData/Task70Direct/Build/Intermediates.noindex/NotchFlow.build/Direct/NotchFlow.build/DerivedSources/NotchFlow-Swift.h

Copy /Users/ataozeren/Documents/GitHub/dynamic-island-for-macbook/DerivedData/Task70Direct/Build/Products/Direct/NotchFlow.swiftmodule/arm64-apple-macos.swiftmodule /Users/ataozeren/Documents/GitHub/dynamic-island-for-macbook/DerivedData/Task70Direct/Build/Intermediates.noindex/NotchFlow.build/Direct/NotchFlow.build/Objects-normal/arm64/NotchFlow.swiftmodule (in target 'NotchFlow' from project 'NotchFlow' at path '/Users/ataozeren/Documents/GitHub/dynamic-island-for-macbook/NotchFlow.xcodeproj')
    cd /Users/ataozeren/Documents/GitHub/dynamic-island-for-macbook
    builtin-copy -exclude .DS_Store -exclude CVS -exclude .svn -exclude .git -exclude .hg -resolve-src-symlinks -rename /Users/ataozeren/Documents/GitHub/dynamic-island-for-macbook/DerivedData/Task70Direct/Build/Intermediates.noindex/NotchFlow.build/Direct/NotchFlow.build/Objects-normal/arm64/NotchFlow.swiftmodule /Users/ataozeren/Documents/GitHub/dynamic-island-for-macbook/DerivedData/Task70Direct/Build/Products/Direct/NotchFlow.swiftmodule/arm64-apple-macos.swiftmodule

Copy /Users/ataozeren/Documents/GitHub/dynamic-island-for-macbook/DerivedData/Task70Direct/Build/Products/Direct/NotchFlow.swiftmodule/Project/arm64-apple-macos.swiftsourceinfo /Users/ataozeren/Documents/GitHub/dynamic-island-for-macbook/DerivedData/Task70Direct/Build/Intermediates.noindex/NotchFlow.build/Direct/NotchFlow.build/Objects-normal/arm64/NotchFlow.swiftsourceinfo (in target 'NotchFlow' from project 'NotchFlow' at path '/Users/ataozeren/Documents/GitHub/dynamic-island-for-macbook/NotchFlow.xcodeproj')
    cd /Users/ataozeren/Documents/GitHub/dynamic-island-for-macbook
    builtin-copy -exclude .DS_Store -exclude CVS -exclude .svn -exclude .git -exclude .hg -resolve-src-symlinks -rename /Users/ataozeren/Documents/GitHub/dynamic-island-for-macbook/DerivedData/Task70Direct/Build/Intermediates.noindex/NotchFlow.build/Direct/NotchFlow.build/Objects-normal/arm64/NotchFlow.swiftsourceinfo /Users/ataozeren/Documents/GitHub/dynamic-island-for-macbook/DerivedData/Task70Direct/Build/Products/Direct/NotchFlow.swiftmodule/Project/arm64-apple-macos.swiftsourceinfo

Copy /Users/ataozeren/Documents/GitHub/dynamic-island-for-macbook/DerivedData/Task70Direct/Build/Products/Direct/NotchFlow.swiftmodule/arm64-apple-macos.swiftdoc /Users/ataozeren/Documents/GitHub/dynamic-island-for-macbook/DerivedData/Task70Direct/Build/Intermediates.noindex/NotchFlow.build/Direct/NotchFlow.build/Objects-normal/arm64/NotchFlow.swiftdoc (in target 'NotchFlow' from project 'NotchFlow' at path '/Users/ataozeren/Documents/GitHub/dynamic-island-for-macbook/NotchFlow.xcodeproj')
    cd /Users/ataozeren/Documents/GitHub/dynamic-island-for-macbook
    builtin-copy -exclude .DS_Store -exclude CVS -exclude .svn -exclude .git -exclude .hg -resolve-src-symlinks -rename /Users/ataozeren/Documents/GitHub/dynamic-island-for-macbook/DerivedData/Task70Direct/Build/Intermediates.noindex/NotchFlow.build/Direct/NotchFlow.build/Objects-normal/arm64/NotchFlow.swiftdoc /Users/ataozeren/Documents/GitHub/dynamic-island-for-macbook/DerivedData/Task70Direct/Build/Products/Direct/NotchFlow.swiftmodule/arm64-apple-macos.swiftdoc

Copy /Users/ataozeren/Documents/GitHub/dynamic-island-for-macbook/DerivedData/Task70Direct/Build/Products/Direct/NotchFlow.swiftmodule/arm64-apple-macos.abi.json /Users/ataozeren/Documents/GitHub/dynamic-island-for-macbook/DerivedData/Task70Direct/Build/Intermediates.noindex/NotchFlow.build/Direct/NotchFlow.build/Objects-normal/arm64/NotchFlow.abi.json (in target 'NotchFlow' from project 'NotchFlow' at path '/Users/ataozeren/Documents/GitHub/dynamic-island-for-macbook/NotchFlow.xcodeproj')
    cd /Users/ataozeren/Documents/GitHub/dynamic-island-for-macbook
    builtin-copy -exclude .DS_Store -exclude CVS -exclude .svn -exclude .git -exclude .hg -resolve-src-symlinks -rename /Users/ataozeren/Documents/GitHub/dynamic-island-for-macbook/DerivedData/Task70Direct/Build/Intermediates.noindex/NotchFlow.build/Direct/NotchFlow.build/Objects-normal/arm64/NotchFlow.abi.json /Users/ataozeren/Documents/GitHub/dynamic-island-for-macbook/DerivedData/Task70Direct/Build/Products/Direct/NotchFlow.swiftmodule/arm64-apple-macos.abi.json

Ld /Users/ataozeren/Documents/GitHub/dynamic-island-for-macbook/DerivedData/Task70Direct/Build/Intermediates.noindex/NotchFlow.build/Direct/NotchFlow.build/Objects-normal/arm64/Binary/NotchFlow normal arm64 (in target 'NotchFlow' from project 'NotchFlow' at path '/Users/ataozeren/Documents/GitHub/dynamic-island-for-macbook/NotchFlow.xcodeproj')
    cd /Users/ataozeren/Documents/GitHub/dynamic-island-for-macbook
    /Applications/Xcode.app/Contents/Developer/Toolchains/XcodeDefault.xctoolchain/usr/bin/clang -Xlinker -reproducible -target arm64-apple-macos14.0 -isysroot /Applications/Xcode.app/Contents/Developer/Platforms/MacOSX.platform/Developer/SDKs/MacOSX26.5.sdk -Os -L/Users/ataozeren/Documents/GitHub/dynamic-island-for-macbook/DerivedData/Task70Direct/Build/Intermediates.noindex/EagerLinkingTBDs/Direct -L/Users/ataozeren/Documents/GitHub/dynamic-island-for-macbook/DerivedData/Task70Direct/Build/Products/Direct -F/Users/ataozeren/Documents/GitHub/dynamic-island-for-macbook/DerivedData/Task70Direct/Build/Intermediates.noindex/EagerLinkingTBDs/Direct -F/Users/ataozeren/Documents/GitHub/dynamic-island-for-macbook/DerivedData/Task70Direct/Build/Products/Direct/PackageFrameworks -F/Users/ataozeren/Documents/GitHub/dynamic-island-for-macbook/DerivedData/Task70Direct/Build/Products/Direct/PackageFrameworks -F/Users/ataozeren/Documents/GitHub/dynamic-island-for-macbook/DerivedData/Task70Direct/Build/Products/Direct/PackageFrameworks -F/Users/ataozeren/Documents/GitHub/dynamic-island-for-macbook/DerivedData/Task70Direct/Build/Products/Direct -filelist /Users/ataozeren/Documents/GitHub/dynamic-island-for-macbook/DerivedData/Task70Direct/Build/Intermediates.noindex/NotchFlow.build/Direct/NotchFlow.build/Objects-normal/arm64/NotchFlow.LinkFileList -Xlinker -rpath -Xlinker /usr/lib/swift -Xlinker -rpath -Xlinker @executable_path/../Frameworks -Xlinker -object_path_lto -Xlinker /Users/ataozeren/Documents/GitHub/dynamic-island-for-macbook/DerivedData/Task70Direct/Build/Intermediates.noindex/NotchFlow.build/Direct/NotchFlow.build/Objects-normal/arm64/NotchFlow_lto.o -Xlinker -dependency_info -Xlinker /Users/ataozeren/Documents/GitHub/dynamic-island-for-macbook/DerivedData/Task70Direct/Build/Intermediates.noindex/NotchFlow.build/Direct/NotchFlow.build/Objects-normal/arm64/NotchFlow_dependency_info.dat -fobjc-link-runtime -L/Applications/Xcode.app/Contents/Developer/Toolchains/XcodeDefault.xctoolchain/usr/lib/swift/macosx -L/usr/lib/swift -Xlinker -add_ast_path -Xlinker /Users/ataozeren/Documents/GitHub/dynamic-island-for-macbook/DerivedData/Task70Direct/Build/Intermediates.noindex/NotchFlow.build/Direct/NotchFlow.build/Objects-normal/arm64/NotchFlow.swiftmodule @/Users/ataozeren/Documents/GitHub/dynamic-island-for-macbook/DerivedData/Task70Direct/Build/Intermediates.noindex/NotchFlow.build/Direct/NotchFlow.build/Objects-normal/arm64/NotchFlow-linker-args.resp -Wl,-no_warn_duplicate_libraries -Wl,-no_warn_duplicate_libraries -Wl,-no_warn_duplicate_libraries -o /Users/ataozeren/Documents/GitHub/dynamic-island-for-macbook/DerivedData/Task70Direct/Build/Intermediates.noindex/NotchFlow.build/Direct/NotchFlow.build/Objects-normal/arm64/Binary/NotchFlow -Xlinker -add_ast_path -Xlinker /Users/ataozeren/Documents/GitHub/dynamic-island-for-macbook/DerivedData/Task70Direct/Build/Intermediates.noindex/NotchFlow.build/Direct/NotchFlowCore.build/Objects-normal/arm64/NotchFlowCore.swiftmodule @/Users/ataozeren/Documents/GitHub/dynamic-island-for-macbook/DerivedData/Task70Direct/Build/Intermediates.noindex/NotchFlow.build/Direct/NotchFlowCore.build/Objects-normal/arm64/NotchFlowCore-linker-args.resp -Xlinker -add_ast_path -Xlinker /Users/ataozeren/Documents/GitHub/dynamic-island-for-macbook/DerivedData/Task70Direct/Build/Intermediates.noindex/NotchFlow.build/Direct/NotchFlowProviders.build/Objects-normal/arm64/NotchFlowProviders.swiftmodule @/Users/ataozeren/Documents/GitHub/dynamic-island-for-macbook/DerivedData/Task70Direct/Build/Intermediates.noindex/NotchFlow.build/Direct/NotchFlowProviders.build/Objects-normal/arm64/NotchFlowProviders-linker-args.resp -Xlinker -add_ast_path -Xlinker /Users/ataozeren/Documents/GitHub/dynamic-island-for-macbook/DerivedData/Task70Direct/Build/Intermediates.noindex/NotchFlow.build/Direct/NotchFlowUI.build/Objects-normal/arm64/NotchFlowUI.swiftmodule @/Users/ataozeren/Documents/GitHub/dynamic-island-for-macbook/DerivedData/Task70Direct/Build/Intermediates.noindex/NotchFlow.build/Direct/NotchFlowUI.build/Objects-normal/arm64/NotchFlowUI-linker-args.resp

Ld /Users/ataozeren/Documents/GitHub/dynamic-island-for-macbook/DerivedData/Task70Direct/Build/Intermediates.noindex/NotchFlow.build/Direct/NotchFlow.build/Objects-normal/x86_64/Binary/NotchFlow normal x86_64 (in target 'NotchFlow' from project 'NotchFlow' at path '/Users/ataozeren/Documents/GitHub/dynamic-island-for-macbook/NotchFlow.xcodeproj')
    cd /Users/ataozeren/Documents/GitHub/dynamic-island-for-macbook
    /Applications/Xcode.app/Contents/Developer/Toolchains/XcodeDefault.xctoolchain/usr/bin/clang -Xlinker -reproducible -target x86_64-apple-macos14.0 -isysroot /Applications/Xcode.app/Contents/Developer/Platforms/MacOSX.platform/Developer/SDKs/MacOSX26.5.sdk -Os -L/Users/ataozeren/Documents/GitHub/dynamic-island-for-macbook/DerivedData/Task70Direct/Build/Intermediates.noindex/EagerLinkingTBDs/Direct -L/Users/ataozeren/Documents/GitHub/dynamic-island-for-macbook/DerivedData/Task70Direct/Build/Products/Direct -F/Users/ataozeren/Documents/GitHub/dynamic-island-for-macbook/DerivedData/Task70Direct/Build/Intermediates.noindex/EagerLinkingTBDs/Direct -F/Users/ataozeren/Documents/GitHub/dynamic-island-for-macbook/DerivedData/Task70Direct/Build/Products/Direct/PackageFrameworks -F/Users/ataozeren/Documents/GitHub/dynamic-island-for-macbook/DerivedData/Task70Direct/Build/Products/Direct/PackageFrameworks -F/Users/ataozeren/Documents/GitHub/dynamic-island-for-macbook/DerivedData/Task70Direct/Build/Products/Direct/PackageFrameworks -F/Users/ataozeren/Documents/GitHub/dynamic-island-for-macbook/DerivedData/Task70Direct/Build/Products/Direct -filelist /Users/ataozeren/Documents/GitHub/dynamic-island-for-macbook/DerivedData/Task70Direct/Build/Intermediates.noindex/NotchFlow.build/Direct/NotchFlow.build/Objects-normal/x86_64/NotchFlow.LinkFileList -Xlinker -rpath -Xlinker /usr/lib/swift -Xlinker -rpath -Xlinker @executable_path/../Frameworks -Xlinker -object_path_lto -Xlinker /Users/ataozeren/Documents/GitHub/dynamic-island-for-macbook/DerivedData/Task70Direct/Build/Intermediates.noindex/NotchFlow.build/Direct/NotchFlow.build/Objects-normal/x86_64/NotchFlow_lto.o -Xlinker -dependency_info -Xlinker /Users/ataozeren/Documents/GitHub/dynamic-island-for-macbook/DerivedData/Task70Direct/Build/Intermediates.noindex/NotchFlow.build/Direct/NotchFlow.build/Objects-normal/x86_64/NotchFlow_dependency_info.dat -fobjc-link-runtime -L/Applications/Xcode.app/Contents/Developer/Toolchains/XcodeDefault.xctoolchain/usr/lib/swift/macosx -L/usr/lib/swift -Xlinker -add_ast_path -Xlinker /Users/ataozeren/Documents/GitHub/dynamic-island-for-macbook/DerivedData/Task70Direct/Build/Intermediates.noindex/NotchFlow.build/Direct/NotchFlow.build/Objects-normal/x86_64/NotchFlow.swiftmodule @/Users/ataozeren/Documents/GitHub/dynamic-island-for-macbook/DerivedData/Task70Direct/Build/Intermediates.noindex/NotchFlow.build/Direct/NotchFlow.build/Objects-normal/x86_64/NotchFlow-linker-args.resp -Wl,-no_warn_duplicate_libraries -Wl,-no_warn_duplicate_libraries -Wl,-no_warn_duplicate_libraries -o /Users/ataozeren/Documents/GitHub/dynamic-island-for-macbook/DerivedData/Task70Direct/Build/Intermediates.noindex/NotchFlow.build/Direct/NotchFlow.build/Objects-normal/x86_64/Binary/NotchFlow -Xlinker -add_ast_path -Xlinker /Users/ataozeren/Documents/GitHub/dynamic-island-for-macbook/DerivedData/Task70Direct/Build/Intermediates.noindex/NotchFlow.build/Direct/NotchFlowCore.build/Objects-normal/x86_64/NotchFlowCore.swiftmodule @/Users/ataozeren/Documents/GitHub/dynamic-island-for-macbook/DerivedData/Task70Direct/Build/Intermediates.noindex/NotchFlow.build/Direct/NotchFlowCore.build/Objects-normal/x86_64/NotchFlowCore-linker-args.resp -Xlinker -add_ast_path -Xlinker /Users/ataozeren/Documents/GitHub/dynamic-island-for-macbook/DerivedData/Task70Direct/Build/Intermediates.noindex/NotchFlow.build/Direct/NotchFlowProviders.build/Objects-normal/x86_64/NotchFlowProviders.swiftmodule @/Users/ataozeren/Documents/GitHub/dynamic-island-for-macbook/DerivedData/Task70Direct/Build/Intermediates.noindex/NotchFlow.build/Direct/NotchFlowProviders.build/Objects-normal/x86_64/NotchFlowProviders-linker-args.resp -Xlinker -add_ast_path -Xlinker /Users/ataozeren/Documents/GitHub/dynamic-island-for-macbook/DerivedData/Task70Direct/Build/Intermediates.noindex/NotchFlow.build/Direct/NotchFlowUI.build/Objects-normal/x86_64/NotchFlowUI.swiftmodule @/Users/ataozeren/Documents/GitHub/dynamic-island-for-macbook/DerivedData/Task70Direct/Build/Intermediates.noindex/NotchFlow.build/Direct/NotchFlowUI.build/Objects-normal/x86_64/NotchFlowUI-linker-args.resp

CreateUniversalBinary /Users/ataozeren/Documents/GitHub/dynamic-island-for-macbook/DerivedData/Task70Direct/Build/Products/Direct/NotchFlow.app/Contents/MacOS/NotchFlow normal arm64\ x86_64 (in target 'NotchFlow' from project 'NotchFlow' at path '/Users/ataozeren/Documents/GitHub/dynamic-island-for-macbook/NotchFlow.xcodeproj')
    cd /Users/ataozeren/Documents/GitHub/dynamic-island-for-macbook
    /Applications/Xcode.app/Contents/Developer/Toolchains/XcodeDefault.xctoolchain/usr/bin/lipo -create /Users/ataozeren/Documents/GitHub/dynamic-island-for-macbook/DerivedData/Task70Direct/Build/Intermediates.noindex/NotchFlow.build/Direct/NotchFlow.build/Objects-normal/arm64/Binary/NotchFlow /Users/ataozeren/Documents/GitHub/dynamic-island-for-macbook/DerivedData/Task70Direct/Build/Intermediates.noindex/NotchFlow.build/Direct/NotchFlow.build/Objects-normal/x86_64/Binary/NotchFlow -output /Users/ataozeren/Documents/GitHub/dynamic-island-for-macbook/DerivedData/Task70Direct/Build/Products/Direct/NotchFlow.app/Contents/MacOS/NotchFlow

CopySwiftLibs /Users/ataozeren/Documents/GitHub/dynamic-island-for-macbook/DerivedData/Task70Direct/Build/Products/Direct/NotchFlow.app (in target 'NotchFlow' from project 'NotchFlow' at path '/Users/ataozeren/Documents/GitHub/dynamic-island-for-macbook/NotchFlow.xcodeproj')
    cd /Users/ataozeren/Documents/GitHub/dynamic-island-for-macbook
    builtin-swiftStdLibTool --copy --verbose --scan-executable /Users/ataozeren/Documents/GitHub/dynamic-island-for-macbook/DerivedData/Task70Direct/Build/Products/Direct/NotchFlow.app/Contents/MacOS/NotchFlow --scan-folder /Users/ataozeren/Documents/GitHub/dynamic-island-for-macbook/DerivedData/Task70Direct/Build/Products/Direct/NotchFlow.app/Contents/Frameworks --scan-folder /Users/ataozeren/Documents/GitHub/dynamic-island-for-macbook/DerivedData/Task70Direct/Build/Products/Direct/NotchFlow.app/Contents/PlugIns --scan-folder /Users/ataozeren/Documents/GitHub/dynamic-island-for-macbook/DerivedData/Task70Direct/Build/Products/Direct/NotchFlow.app/Contents/Library/SystemExtensions --scan-folder /Users/ataozeren/Documents/GitHub/dynamic-island-for-macbook/DerivedData/Task70Direct/Build/Products/Direct/NotchFlow.app/Contents/Extensions --platform macosx --toolchain /Applications/Xcode.app/Contents/Developer/Toolchains/XcodeDefault.xctoolchain --destination /Users/ataozeren/Documents/GitHub/dynamic-island-for-macbook/DerivedData/Task70Direct/Build/Products/Direct/NotchFlow.app/Contents/Frameworks --strip-bitcode --strip-bitcode-tool /Applications/Xcode.app/Contents/Developer/Toolchains/XcodeDefault.xctoolchain/usr/bin/bitcode_strip --emit-dependency-info /Users/ataozeren/Documents/GitHub/dynamic-island-for-macbook/DerivedData/Task70Direct/Build/Intermediates.noindex/NotchFlow.build/Direct/NotchFlow.build/SwiftStdLibToolInputDependencies.dep --filter-for-swift-os --back-deploy-swift-span
Ignoring --strip-bitcode because --sign was not passed

ExtractAppIntentsMetadata (in target 'NotchFlow' from project 'NotchFlow' at path '/Users/ataozeren/Documents/GitHub/dynamic-island-for-macbook/NotchFlow.xcodeproj')
    cd /Users/ataozeren/Documents/GitHub/dynamic-island-for-macbook
    /Applications/Xcode.app/Contents/Developer/Toolchains/XcodeDefault.xctoolchain/usr/bin/appintentsmetadataprocessor --toolchain-dir /Applications/Xcode.app/Contents/Developer/Toolchains/XcodeDefault.xctoolchain --module-name NotchFlow --sdk-root /Applications/Xcode.app/Contents/Developer/Platforms/MacOSX.platform/Developer/SDKs/MacOSX26.5.sdk --xcode-version 17F113 --platform-family macOS --deployment-target 14.0 --bundle-identifier com.notchflow.NotchFlow --output /Users/ataozeren/Documents/GitHub/dynamic-island-for-macbook/DerivedData/Task70Direct/Build/Products/Direct/NotchFlow.app/Contents/Resources --target-triple arm64-apple-macos14.0 --target-triple x86_64-apple-macos14.0 --binary-file /Users/ataozeren/Documents/GitHub/dynamic-island-for-macbook/DerivedData/Task70Direct/Build/Products/Direct/NotchFlow.app/Contents/MacOS/NotchFlow --dependency-file /Users/ataozeren/Documents/GitHub/dynamic-island-for-macbook/DerivedData/Task70Direct/Build/Intermediates.noindex/NotchFlow.build/Direct/NotchFlow.build/Objects-normal/arm64/NotchFlow_dependency_info.dat --dependency-file /Users/ataozeren/Documents/GitHub/dynamic-island-for-macbook/DerivedData/Task70Direct/Build/Intermediates.noindex/NotchFlow.build/Direct/NotchFlow.build/Objects-normal/x86_64/NotchFlow_dependency_info.dat --stringsdata-file /Users/ataozeren/Documents/GitHub/dynamic-island-for-macbook/DerivedData/Task70Direct/Build/Intermediates.noindex/NotchFlow.build/Direct/NotchFlow.build/Objects-normal/arm64/ExtractedAppShortcutsMetadata.stringsdata --stringsdata-file /Users/ataozeren/Documents/GitHub/dynamic-island-for-macbook/DerivedData/Task70Direct/Build/Intermediates.noindex/NotchFlow.build/Direct/NotchFlow.build/Objects-normal/x86_64/ExtractedAppShortcutsMetadata.stringsdata --source-file-list /Users/ataozeren/Documents/GitHub/dynamic-island-for-macbook/DerivedData/Task70Direct/Build/Intermediates.noindex/NotchFlow.build/Direct/NotchFlow.build/Objects-normal/arm64/NotchFlow.SwiftFileList --source-file-list /Users/ataozeren/Documents/GitHub/dynamic-island-for-macbook/DerivedData/Task70Direct/Build/Intermediates.noindex/NotchFlow.build/Direct/NotchFlow.build/Objects-normal/x86_64/NotchFlow.SwiftFileList --metadata-file-list /Users/ataozeren/Documents/GitHub/dynamic-island-for-macbook/DerivedData/Task70Direct/Build/Intermediates.noindex/NotchFlow.build/Direct/NotchFlow.build/NotchFlow.DependencyMetadataFileList --static-metadata-file-list /Users/ataozeren/Documents/GitHub/dynamic-island-for-macbook/DerivedData/Task70Direct/Build/Intermediates.noindex/NotchFlow.build/Direct/NotchFlow.build/NotchFlow.DependencyStaticMetadataFileList --swift-const-vals-list /Users/ataozeren/Documents/GitHub/dynamic-island-for-macbook/DerivedData/Task70Direct/Build/Intermediates.noindex/NotchFlow.build/Direct/NotchFlow.build/Objects-normal/arm64/NotchFlow.SwiftConstValuesFileList --swift-const-vals-list /Users/ataozeren/Documents/GitHub/dynamic-island-for-macbook/DerivedData/Task70Direct/Build/Intermediates.noindex/NotchFlow.build/Direct/NotchFlow.build/Objects-normal/x86_64/NotchFlow.SwiftConstValuesFileList --compile-time-extraction --deployment-aware-processing --validate-assistant-intents --no-app-shortcuts-localization
2026-08-30 19:08:17.310 appintentsmetadataprocessor[27974:14554578] Starting appintentsmetadataprocessor export
2026-08-30 19:08:17.315 appintentsmetadataprocessor[27974:14554578] warning: Metadata extraction skipped. No AppIntents.framework dependency found.

GenerateDSYMFile /Users/ataozeren/Documents/GitHub/dynamic-island-for-macbook/DerivedData/Task70Direct/Build/Products/Direct/NotchFlow.app.dSYM /Users/ataozeren/Documents/GitHub/dynamic-island-for-macbook/DerivedData/Task70Direct/Build/Products/Direct/NotchFlow.app/Contents/MacOS/NotchFlow (in target 'NotchFlow' from project 'NotchFlow' at path '/Users/ataozeren/Documents/GitHub/dynamic-island-for-macbook/NotchFlow.xcodeproj')
    cd /Users/ataozeren/Documents/GitHub/dynamic-island-for-macbook
    /Applications/Xcode.app/Contents/Developer/Toolchains/XcodeDefault.xctoolchain/usr/bin/dsymutil /Users/ataozeren/Documents/GitHub/dynamic-island-for-macbook/DerivedData/Task70Direct/Build/Products/Direct/NotchFlow.app/Contents/MacOS/NotchFlow -o /Users/ataozeren/Documents/GitHub/dynamic-island-for-macbook/DerivedData/Task70Direct/Build/Products/Direct/NotchFlow.app.dSYM

RegisterExecutionPolicyException /Users/ataozeren/Documents/GitHub/dynamic-island-for-macbook/DerivedData/Task70Direct/Build/Products/Direct/NotchFlow.app (in target 'NotchFlow' from project 'NotchFlow' at path '/Users/ataozeren/Documents/GitHub/dynamic-island-for-macbook/NotchFlow.xcodeproj')
    cd /Users/ataozeren/Documents/GitHub/dynamic-island-for-macbook
    builtin-RegisterExecutionPolicyException /Users/ataozeren/Documents/GitHub/dynamic-island-for-macbook/DerivedData/Task70Direct/Build/Products/Direct/NotchFlow.app

Validate /Users/ataozeren/Documents/GitHub/dynamic-island-for-macbook/DerivedData/Task70Direct/Build/Products/Direct/NotchFlow.app (in target 'NotchFlow' from project 'NotchFlow' at path '/Users/ataozeren/Documents/GitHub/dynamic-island-for-macbook/NotchFlow.xcodeproj')
    cd /Users/ataozeren/Documents/GitHub/dynamic-island-for-macbook
    builtin-validationUtility /Users/ataozeren/Documents/GitHub/dynamic-island-for-macbook/DerivedData/Task70Direct/Build/Products/Direct/NotchFlow.app -no-validate-extension -infoplist-subpath Contents/Info.plist

Touch /Users/ataozeren/Documents/GitHub/dynamic-island-for-macbook/DerivedData/Task70Direct/Build/Products/Direct/NotchFlow.app (in target 'NotchFlow' from project 'NotchFlow' at path '/Users/ataozeren/Documents/GitHub/dynamic-island-for-macbook/NotchFlow.xcodeproj')
    cd /Users/ataozeren/Documents/GitHub/dynamic-island-for-macbook
    /usr/bin/touch -c /Users/ataozeren/Documents/GitHub/dynamic-island-for-macbook/DerivedData/Task70Direct/Build/Products/Direct/NotchFlow.app

RegisterWithLaunchServices /Users/ataozeren/Documents/GitHub/dynamic-island-for-macbook/DerivedData/Task70Direct/Build/Products/Direct/NotchFlow.app (in target 'NotchFlow' from project 'NotchFlow' at path '/Users/ataozeren/Documents/GitHub/dynamic-island-for-macbook/NotchFlow.xcodeproj')
    cd /Users/ataozeren/Documents/GitHub/dynamic-island-for-macbook
    /System/Library/Frameworks/CoreServices.framework/Versions/Current/Frameworks/LaunchServices.framework/Versions/Current/Support/lsregister -f -R -trusted /Users/ataozeren/Documents/GitHub/dynamic-island-for-macbook/DerivedData/Task70Direct/Build/Products/Direct/NotchFlow.app

** BUILD SUCCEEDED **

==> Signing ad-hoc with hardened runtime
/Users/ataozeren/Documents/GitHub/dynamic-island-for-macbook/DerivedData/Task70Direct/Build/Products/Direct/NotchFlow.app: replacing existing signature
SKIPPED (no membership): Developer ID signing
/Users/ataozeren/Documents/GitHub/dynamic-island-for-macbook/DerivedData/Task70Direct/Build/Products/Direct/NotchFlow.app: valid on disk
/Users/ataozeren/Documents/GitHub/dynamic-island-for-macbook/DerivedData/Task70Direct/Build/Products/Direct/NotchFlow.app: satisfies its Designated Requirement
SKIPPED: notarization
SKIPPED: stapling
==> Creating /Users/ataozeren/Documents/GitHub/dynamic-island-for-macbook/dist/NotchFlow-1.0.0-direct.dmg
created: /Users/ataozeren/Documents/GitHub/dynamic-island-for-macbook/dist/NotchFlow-1.0.0-direct.dmg
==> Packaged /Users/ataozeren/Documents/GitHub/dynamic-island-for-macbook/dist/NotchFlow-1.0.0-direct.dmg
==> Checksum /Users/ataozeren/Documents/GitHub/dynamic-island-for-macbook/dist/NotchFlow-1.0.0-direct.dmg.sha256
